=== run 1 Fri Aug 21 20:01:07     2026 ===
time=2026-08-21T20:01:10.746+02:00 level=INFO msg="starting text extraction for asset" id=da3gdhmqbbt3vq4fohg0 filename=da3gdhmqbbt3vq4fohg0-aufbaufüllung-pdf
time=2026-08-21T20:01:10.816+02:00 level=INFO msg="text extraction completed successfully" id=da3gdhmqbbt3vq4fohg0 text_length=4308 engine=pdf-textlayer
time=2026-08-21T20:01:10.822+02:00 level=WARN msg="failed to process asset for text extraction" id=da3gdhmqbbt3vq4fohg0 error="ERROR: invalid byte sequence for encoding \"UTF8\": 0x00 (SQLSTATE 22021)"
time=2026-08-21T20:01:10.827+02:00 level=INFO msg="starting text extraction for asset" id=da3gdhmqbbt3vq4fpeq0 filename=da3gdhmqbbt3vq4fpeq0-implantate-pdf
time=2026-08-21T20:01:10.880+02:00 level=INFO msg="text extraction completed successfully" id=da3gdhmqbbt3vq4fpeq0 text_length=19133 engine=pdf-textlayer
time=2026-08-21T20:01:10.887+02:00 level=WARN msg="failed to process asset for text extraction" id=da3gdhmqbbt3vq4fpeq0 error="ERROR: invalid byte sequence for encoding \"UTF8\": 0x00 (SQLSTATE 22021)"
time=2026-08-21T20:01:10.890+02:00 level=INFO msg="starting text extraction for asset" id=da3gdhmqbbt3vq4fq4m0 filename=da3gdhmqbbt3vq4fq4m0-kiefergelenk-pdf
time=2026-08-21T20:01:10.938+02:00 level=INFO msg="text extraction completed successfully" id=da3gdhmqbbt3vq4fq4m0 text_length=25329 engine=pdf-textlayer
time=2026-08-21T20:01:10.946+02:00 level=WARN msg="failed to process asset for text extraction" id=da3gdhmqbbt3vq4fq4m0 error="ERROR: invalid byte sequence for encoding \"UTF8\": 0x00 (SQLSTATE 22021)"
time=2026-08-21T20:01:10.949+02:00 level=INFO msg="starting text extraction for asset" id=da3gdhuqbbt3vq4frip0 filename=da3gdhuqbbt3vq4frip0-prothesenstomatitis-pdf
time=2026-08-21T20:01:10.977+02:00 level=INFO msg="text extraction completed successfully" id=da3gdhuqbbt3vq4frip0 text_length=12000 engine=pdf-textlayer
time=2026-08-21T20:01:10.981+02:00 level=WARN msg="failed to process asset for text extraction" id=da3gdhuqbbt3vq4frip0 error="ERROR: invalid byte sequence for encoding \"UTF8\": 0x00 (SQLSTATE 22021)"
time=2026-08-21T20:01:10.985+02:00 level=INFO msg="starting text extraction for asset" id=da3gdhuqbbt3vq4fsb00 filename=da3gdhuqbbt3vq4fsb00-stiftaufbauten-pdf
time=2026-08-21T20:01:11.006+02:00 level=INFO msg="text extraction completed successfully" id=da3gdhuqbbt3vq4fsb00 text_length=9419 engine=pdf-textlayer
time=2026-08-21T20:01:11.012+02:00 level=WARN msg="failed to process asset for text extraction" id=da3gdhuqbbt3vq4fsb00 error="ERROR: invalid byte sequence for encoding \"UTF8\": 0x00 (SQLSTATE 22021)"
time=2026-08-21T20:01:11.014+02:00 level=INFO msg="starting text extraction for asset" id=da3gdhuqbbt3vq4ftjc0 filename=da3gdhuqbbt3vq4ftjc0-zemente-pdf
time=2026-08-21T20:01:11.038+02:00 level=INFO msg="text extraction completed successfully" id=da3gdhuqbbt3vq4ftjc0 text_length=10080 engine=pdf-textlayer
time=2026-08-21T20:01:11.042+02:00 level=WARN msg="failed to process asset for text extraction" id=da3gdhuqbbt3vq4ftjc0 error="ERROR: invalid byte sequence for encoding \"UTF8\": 0x00 (SQLSTATE 22021)"
time=2026-08-21T20:01:11.044+02:00 level=INFO msg="starting text extraction for asset" id=da3gdhuqbbt3vq4fu8a0 filename=da3gdhuqbbt3vq4fu8a0-stex-protokolle-ss09-pdf
time=2026-08-21T20:01:11.052+02:00 level=INFO msg="text extraction completed successfully" id=da3gdhuqbbt3vq4fu8a0 text_length=11733 engine=pdf-textlayer
time=2026-08-21T20:01:11.062+02:00 level=INFO msg="No subscribers to send message" pubsub_uuid=mJ3aXf7ieCMx9vJB3B5BcC message_uuid=c9c61d6a-7267-4d63-b40d-84706c5d18c6 topic=message.EventAssetOCRCompleted
time=2026-08-21T20:01:11.090+02:00 level=INFO msg="starting text extraction for asset" id=da3gdhuqbbt3vq4fudk0 filename=da3gdhuqbbt3vq4fudk0-stex-protokolle-ss11-pdf
time=2026-08-21T20:01:11.096+02:00 level=WARN msg="pdf text layer extraction failed, will try rasterisation fallback" error="not a PDF file: missing %%EOF"
time=2026-08-21T20:01:18.339+02:00 level=WARN msg="OCR engine unavailable, skipping asset" id=da3gdhuqbbt3vq4fudk0
time=2026-08-21T20:01:18.417+02:00 level=INFO msg="starting text extraction for asset" id=da3gdi6qbbt3vq4fuiv0 filename=da3gdi6qbbt3vq4fuiv0-stex-protokolle-ss12-pdf
time=2026-08-21T20:01:18.423+02:00 level=WARN msg="pdf text layer extraction failed, will try rasterisation fallback" error="not a PDF file: missing %%EOF"
time=2026-08-21T20:01:20.924+02:00 level=WARN msg="OCR engine unavailable, skipping asset" id=da3gdi6qbbt3vq4fuiv0
time=2026-08-21T20:01:20.984+02:00 level=INFO msg="starting text extraction for asset" id=da3gdi6qbbt3vq4fuob0 filename=da3gdi6qbbt3vq4fuob0-stex-protokolle-ss13-pdf
time=2026-08-21T20:01:20.991+02:00 level=WARN msg="pdf text layer extraction failed, will try rasterisation fallback" error="not a PDF file: missing %%EOF"
time=2026-08-21T20:01:24.107+02:00 level=WARN msg="OCR engine unavailable, skipping asset" id=da3gdi6qbbt3vq4fuob0
time=2026-08-21T20:01:24.121+02:00 level=WARN msg="skipping OCR processing because file exceeds size limit" id=da3gdi6qbbt3vq4futo0 size=68329249
time=2026-08-21T20:01:24.173+02:00 level=INFO msg="starting text extraction for asset" id=da3gdi6qbbt3vq4fv360 filename=da3gdi6qbbt3vq4fv360-stex-protokolle-ss16-pdf
time=2026-08-21T20:01:28.549+02:00 level=WARN msg="OCR engine unavailable, skipping asset" id=da3gdi6qbbt3vq4fv360
time=2026-08-21T20:01:28.563+02:00 level=WARN msg="skipping OCR processing because file exceeds size limit" id=da3gdi6qbbt3vq4fv8l0 size=65658149
time=2026-08-21T20:01:28.577+02:00 level=INFO msg="starting text extraction for asset" id=da3gdi6qbbt3vq4fve50 filename=da3gdi6qbbt3vq4fve50-stex-protokolle-vorlage-pdf
time=2026-08-21T20:01:29.767+02:00 level=INFO msg="text extraction completed successfully" id=da3gdi6qbbt3vq4fve50 text_length=34385 engine=pdf-textlayer-weak
time=2026-08-21T20:01:29.778+02:00 level=INFO msg="No subscribers to send message" pubsub_uuid=mJ3aXf7ieCMx9vJB3B5BcC message_uuid=f8336598-e770-4d38-b6e4-6142d781fc4f topic=message.EventAssetOCRCompleted
time=2026-08-21T20:01:29.838+02:00 level=INFO msg="starting text extraction for asset" id=da3gdi6qbbt3vq4fvjm0 filename=da3gdi6qbbt3vq4fvjm0-stex-protokolle-ws1011-pdf
time=2026-08-21T20:01:29.844+02:00 level=WARN msg="pdf text layer extraction failed, will try rasterisation fallback" error="not a PDF file: missing %%EOF"
time=2026-08-21T20:01:32.435+02:00 level=WARN msg="OCR engine unavailable, skipping asset" id=da3gdi6qbbt3vq4fvjm0
time=2026-08-21T20:01:32.471+02:00 level=INFO msg="starting text extraction for asset" id=da3gdi6qbbt3vq4fvp80 filename=da3gdi6qbbt3vq4fvp80-stex-protokolle-ws1213-pdf
time=2026-08-21T20:01:32.476+02:00 level=WARN msg="pdf text layer extraction failed, will try rasterisation fallback" error="not a PDF file: missing %%EOF"
time=2026-08-21T20:01:38.631+02:00 level=WARN msg="OCR engine unavailable, skipping asset" id=da3gdi6qbbt3vq4fvp80
time=2026-08-21T20:01:38.691+02:00 level=INFO msg="starting text extraction for asset" id=da3gdi6qbbt3vq4fvur0 filename=da3gdi6qbbt3vq4fvur0-stex-protokolle-ws1314-pdf
time=2026-08-21T20:01:38.696+02:00 level=WARN msg="pdf text layer extraction failed, will try rasterisation fallback" error="not a PDF file: missing %%EOF"
time=2026-08-21T20:01:41.543+02:00 level=WARN msg="OCR engine unavailable, skipping asset" id=da3gdi6qbbt3vq4fvur0
time=2026-08-21T20:01:41.587+02:00 level=INFO msg="starting text extraction for asset" id=da3gdi6qbbt3vq4g04f0 filename=da3gdi6qbbt3vq4g04f0-stex-protokolle-ws1415-pdf
time=2026-08-21T20:01:45.083+02:00 level=WARN msg="OCR engine unavailable, skipping asset" id=da3gdi6qbbt3vq4g04f0
time=2026-08-21T20:01:45.190+02:00 level=INFO msg="starting text extraction for asset" id=da3gdieqbbt3vq4g0a40 filename=da3gdieqbbt3vq4g0a40-stex-protokolle-ws1617-pdf
time=2026-08-21T20:01:49.341+02:00 level=WARN msg="OCR engine unavailable, skipping asset" id=da3gdieqbbt3vq4g0a40
time=2026-08-21T20:01:49.400+02:00 level=INFO msg="starting text extraction for asset" id=da3gdieqbbt3vq4g0fq0 filename=da3gdieqbbt3vq4g0fq0-stex-protokolle-älteres-pdf
time=2026-08-21T20:01:49.405+02:00 level=WARN msg="pdf text layer extraction failed, will try rasterisation fallback" error="not a PDF file: missing %%EOF"
time=2026-08-21T20:01:52.316+02:00 level=WARN msg="OCR engine unavailable, skipping asset" id=da3gdieqbbt3vq4g0fq0
time=2026-08-21T20:01:52.379+02:00 level=INFO msg="starting text extraction for asset" id=da3gdieqbbt3vq4g0r90 filename=da3gdieqbbt3vq4g0r90-radiologie-überarbeitete-version-marmulla-pdf
time=2026-08-21T20:01:52.421+02:00 level=INFO msg="text extraction completed successfully" id=da3gdieqbbt3vq4g0r90 text_length=45140 engine=pdf-textlayer
time=2026-08-21T20:01:52.434+02:00 level=INFO msg="No subscribers to send message" pubsub_uuid=mJ3aXf7ieCMx9vJB3B5BcC message_uuid=3a671d02-aeff-4530-aaac-ea0aa5059e72 topic=message.EventAssetOCRCompleted
time=2026-08-21T20:01:52.439+02:00 level=INFO msg="starting text extraction for asset" id=da3gdieqbbt3vq4g1190 filename=da3gdieqbbt3vq4g1190-2022-eingangsklausur_-pdf
time=2026-08-21T20:01:52.448+02:00 level=INFO msg="text extraction completed successfully" id=da3gdieqbbt3vq4g1190 text_length=4027 engine=pdf-textlayer
time=2026-08-21T20:01:52.451+02:00 level=INFO msg="No subscribers to send message" pubsub_uuid=mJ3aXf7ieCMx9vJB3B5BcC message_uuid=baea317b-ace8-45f2-a44d-da48f87a82ea topic=message.EventAssetOCRCompleted
time=2026-08-21T20:01:52.453+02:00 level=INFO msg="starting text extraction for asset" id=da3gdieqbbt3vq4g11h0 filename=da3gdieqbbt3vq4g11h0-2022-ws-eingangsklausur-pdf
time=2026-08-21T20:01:52.463+02:00 level=INFO msg="text extraction completed successfully" id=da3gdieqbbt3vq4g11h0 text_length=5055 engine=pdf-textlayer
time=2026-08-21T20:01:52.468+02:00 level=INFO msg="No subscribers to send message" pubsub_uuid=mJ3aXf7ieCMx9vJB3B5BcC message_uuid=00d3eaf7-d70e-4e4e-aa05-f9e0f6308609 topic=message.EventAssetOCRCompleted
time=2026-08-21T20:01:52.470+02:00 level=INFO msg="starting text extraction for asset" id=da3gdieqbbt3vq4g11q0 filename=da3gdieqbbt3vq4g11q0-2022-ws-lösung-propädeutik-abschlussklausur-pdf
time=2026-08-21T20:01:52.476+02:00 level=INFO msg="text extraction completed successfully" id=da3gdieqbbt3vq4g11q0 text_length=7801 engine=pdf-textlayer
time=2026-08-21T20:01:52.480+02:00 level=INFO msg="No subscribers to send message" pubsub_uuid=mJ3aXf7ieCMx9vJB3B5BcC message_uuid=c183d10c-35db-4631-8c95-6b95ac734b6a topic=message.EventAssetOCRCompleted
time=2026-08-21T20:01:52.483+02:00 level=INFO msg="starting text extraction for asset" id=da3gdieqbbt3vq4g1240 filename=da3gdieqbbt3vq4g1240-2022-ws-leer-propädeutik-abschlussklausur-pdf
time=2026-08-21T20:01:52.488+02:00 level=INFO msg="text extraction completed successfully" id=da3gdieqbbt3vq4g1240 text_length=6809 engine=pdf-textlayer
time=2026-08-21T20:01:52.492+02:00 level=INFO msg="No subscribers to send message" pubsub_uuid=mJ3aXf7ieCMx9vJB3B5BcC message_uuid=4661a191-049e-45df-bbf1-e1ce6f80ac9e topic=message.EventAssetOCRCompleted
time=2026-08-21T20:01:52.494+02:00 level=INFO msg="starting text extraction for asset" id=da3gdieqbbt3vq4g12f0 filename=da3gdieqbbt3vq4g12f0-2023-ws-propädeutik-abschlussklausur-pdf
time=2026-08-21T20:01:52.536+02:00 level=INFO msg="text extraction completed successfully" id=da3gdieqbbt3vq4g12f0 text_length=15171 engine=pdf-textlayer
time=2026-08-21T20:01:52.541+02:00 level=INFO msg="No subscribers to send message" pubsub_uuid=mJ3aXf7ieCMx9vJB3B5BcC message_uuid=f3846cdc-9b5e-452c-9be2-f620b291fe55 topic=message.EventAssetOCRCompleted
time=2026-08-21T20:01:52.543+02:00 level=INFO msg="starting text extraction for asset" id=da3gdieqbbt3vq4g12r0 filename=da3gdieqbbt3vq4g12r0-ppz-klausur-pdf
time=2026-08-21T20:01:52.552+02:00 level=INFO msg="text extraction completed successfully" id=da3gdieqbbt3vq4g12r0 text_length=12248 engine=pdf-textlayer
time=2026-08-21T20:01:52.557+02:00 level=INFO msg="No subscribers to send message" pubsub_uuid=mJ3aXf7ieCMx9vJB3B5BcC message_uuid=64f8cf20-884f-4742-a447-699e2fb152d1 topic=message.EventAssetOCRCompleted
time=2026-08-21T20:01:52.561+02:00 level=INFO msg="starting text extraction for asset" id=da3gdieqbbt3vq4g1380 filename=da3gdieqbbt3vq4g1380-ss-2025-ac-wiederholer-pdf
time=2026-08-21T20:02:12.565+02:00 level=ERROR msg="text extraction exceeded time budget, abandoning asset to bound memory use" id=da3gdieqbbt3vq4g1380 filename=da3gdieqbbt3vq4g1380-ss-2025-ac-wiederholer-pdf timeout=20s
extracted text from 23 assets
one asset exceeded its extraction time budget and was skipped; stopping this run to release its memory. Re-run --phase ocr to continue.
time=2026-08-21T20:02:12.589+02:00 level=INFO msg="configured plugin runtime provider" provider=local
time=2026-08-21T20:02:12.589+02:00 level=INFO msg="configured plugin runtime server url" server_url=http://localhost:8000
=== run 2 Fri Aug 21 20:02:12     2026 ===
time=2026-08-21T20:02:14.854+02:00 level=INFO msg="starting text extraction for asset" id=da3gdieqbbt3vq4g13f0 filename=da3gdieqbbt3vq4g13f0-knochentestat-humanis-2009-pdf
time=2026-08-21T20:02:14.920+02:00 level=INFO msg="text extraction completed successfully" id=da3gdieqbbt3vq4g13f0 text_length=3166 engine=pdf-textlayer
time=2026-08-21T20:02:14.930+02:00 level=INFO msg="No subscribers to send message" pubsub_uuid=2GD7quTsJpVaYTZCEF5pTM message_uuid=fa8e20ea-9016-4a36-b8fc-89aad505ba9d topic=message.EventAssetOCRCompleted
time=2026-08-21T20:02:14.933+02:00 level=INFO msg="starting text extraction for asset" id=da3gdieqbbt3vq4g13m0 filename=da3gdieqbbt3vq4g13m0-knochentestat-humanis-2010-pdf
time=2026-08-21T20:02:14.944+02:00 level=INFO msg="text extraction completed successfully" id=da3gdieqbbt3vq4g13m0 text_length=12249 engine=pdf-textlayer
time=2026-08-21T20:02:14.950+02:00 level=INFO msg="No subscribers to send message" pubsub_uuid=2GD7quTsJpVaYTZCEF5pTM message_uuid=eef08117-a92e-4b2f-bfab-c16787a62917 topic=message.EventAssetOCRCompleted
time=2026-08-21T20:02:14.953+02:00 level=INFO msg="starting text extraction for asset" id=da3gdieqbbt3vq4g13u0 filename=da3gdieqbbt3vq4g13u0-knochentestat-humanis-2011-pdf
time=2026-08-21T20:02:14.969+02:00 level=INFO msg="text extraction completed successfully" id=da3gdieqbbt3vq4g13u0 text_length=35024 engine=pdf-textlayer
time=2026-08-21T20:02:14.978+02:00 level=INFO msg="No subscribers to send message" pubsub_uuid=2GD7quTsJpVaYTZCEF5pTM message_uuid=40cee41d-1390-4a8b-b7e8-427c7af93bc4 topic=message.EventAssetOCRCompleted
time=2026-08-21T20:02:14.982+02:00 level=INFO msg="starting text extraction for asset" id=da3gdieqbbt3vq4g1470 filename=da3gdieqbbt3vq4g1470-knochentestat-humanis-2014-pdf
time=2026-08-21T20:02:15.064+02:00 level=INFO msg="text extraction completed successfully" id=da3gdieqbbt3vq4g1470 text_length=53975 engine=pdf-textlayer
time=2026-08-21T20:02:15.076+02:00 level=INFO msg="No subscribers to send message" pubsub_uuid=2GD7quTsJpVaYTZCEF5pTM message_uuid=c7d0f67e-4b1a-4c00-b19a-7227a1d97435 topic=message.EventAssetOCRCompleted
time=2026-08-21T20:02:15.080+02:00 level=INFO msg="starting text extraction for asset" id=da3gdieqbbt3vq4g14h0 filename=da3gdieqbbt3vq4g14h0-knochentestat-zahnis-2012-pdf
time=2026-08-21T20:02:20.797+02:00 level=WARN msg="OCR engine unavailable, skipping asset" id=da3gdieqbbt3vq4g14h0
time=2026-08-21T20:02:20.821+02:00 level=INFO msg="starting text extraction for asset" id=da3gdieqbbt3vq4g14s0 filename=da3gdieqbbt3vq4g14s0-knochentestat-zahnis-2013-pdf
time=2026-08-21T20:02:20.827+02:00 level=INFO msg="text extraction completed successfully" id=da3gdieqbbt3vq4g14s0 text_length=6149 engine=pdf-textlayer
time=2026-08-21T20:02:20.832+02:00 level=INFO msg="No subscribers to send message" pubsub_uuid=2GD7quTsJpVaYTZCEF5pTM message_uuid=f366a3c2-db3e-43f9-a921-5c596f6718ce topic=message.EventAssetOCRCompleted
time=2026-08-21T20:02:20.834+02:00 level=INFO msg="starting text extraction for asset" id=da3gdieqbbt3vq4g1580 filename=da3gdieqbbt3vq4g1580-knochentestat-zahnis-2015-pdf
time=2026-08-21T20:02:20.839+02:00 level=INFO msg="text extraction completed successfully" id=da3gdieqbbt3vq4g1580 text_length=8499 engine=pdf-textlayer
time=2026-08-21T20:02:20.843+02:00 level=INFO msg="No subscribers to send message" pubsub_uuid=2GD7quTsJpVaYTZCEF5pTM message_uuid=8250558b-bd5b-4b89-8ef4-a1904ff57fdd topic=message.EventAssetOCRCompleted
time=2026-08-21T20:02:20.849+02:00 level=INFO msg="starting text extraction for asset" id=da3gdieqbbt3vq4g15l0 filename=da3gdieqbbt3vq4g15l0-knochentestat-zahnis-2016-pdf
time=2026-08-21T20:02:20.858+02:00 level=INFO msg="text extraction completed successfully" id=da3gdieqbbt3vq4g15l0 text_length=18832 engine=pdf-textlayer
time=2026-08-21T20:02:20.863+02:00 level=INFO msg="No subscribers to send message" pubsub_uuid=2GD7quTsJpVaYTZCEF5pTM message_uuid=d78563cf-d4ca-4da2-9752-68e7c08d982d topic=message.EventAssetOCRCompleted
time=2026-08-21T20:02:20.867+02:00 level=INFO msg="starting text extraction for asset" id=da3gdieqbbt3vq4g1630 filename=da3gdieqbbt3vq4g1630-knochentestat-zahnis-2020-pdf
time=2026-08-21T20:02:22.016+02:00 level=WARN msg="OCR engine unavailable, skipping asset" id=da3gdieqbbt3vq4g1630
time=2026-08-21T20:02:22.032+02:00 level=INFO msg="starting text extraction for asset" id=da3gdimqbbt3vq4g16i0 filename=da3gdimqbbt3vq4g16i0-knochentestat-zahnis-2021-2-pdf
time=2026-08-21T20:02:22.055+02:00 level=INFO msg="text extraction completed successfully" id=da3gdimqbbt3vq4g16i0 text_length=7220 engine=pdf-textlayer
time=2026-08-21T20:02:22.061+02:00 level=INFO msg="No subscribers to send message" pubsub_uuid=2GD7quTsJpVaYTZCEF5pTM topic=message.EventAssetOCRCompleted message_uuid=74daab60-36de-42cb-9ac1-586f40fec222
time=2026-08-21T20:02:22.064+02:00 level=INFO msg="starting text extraction for asset" id=da3gdimqbbt3vq4g1720 filename=da3gdimqbbt3vq4g1720-knochentestat-zahnis-2021-pdf
time=2026-08-21T20:02:22.081+02:00 level=INFO msg="text extraction completed successfully" id=da3gdimqbbt3vq4g1720 text_length=11357 engine=pdf-textlayer
time=2026-08-21T20:02:22.088+02:00 level=INFO msg="No subscribers to send message" pubsub_uuid=2GD7quTsJpVaYTZCEF5pTM message_uuid=8231bbfd-e03f-4c13-bd07-8d43f162e792 topic=message.EventAssetOCRCompleted
time=2026-08-21T20:02:22.090+02:00 level=INFO msg="starting text extraction for asset" id=da3gdimqbbt3vq4g17j0 filename=da3gdimqbbt3vq4g17j0-knochentestat-zahnis-2022-neue-appro-pdf
time=2026-08-21T20:02:22.100+02:00 level=INFO msg="text extraction completed successfully" id=da3gdimqbbt3vq4g17j0 text_length=13725 engine=pdf-textlayer
time=2026-08-21T20:02:22.106+02:00 level=INFO msg="No subscribers to send message" pubsub_uuid=2GD7quTsJpVaYTZCEF5pTM message_uuid=accecb1a-4549-4099-bf79-64c2847f5b74 topic=message.EventAssetOCRCompleted
time=2026-08-21T20:02:22.108+02:00 level=INFO msg="starting text extraction for asset" id=da3gdimqbbt3vq4g1850 filename=da3gdimqbbt3vq4g1850-kopf-hals-testat-humanis-2014-1-pdf
time=2026-08-21T20:02:22.140+02:00 level=INFO msg="text extraction completed successfully" id=da3gdimqbbt3vq4g1850 text_length=28824 engine=pdf-textlayer
time=2026-08-21T20:02:22.149+02:00 level=INFO msg="No subscribers to send message" pubsub_uuid=2GD7quTsJpVaYTZCEF5pTM message_uuid=6c6c2b86-5669-4025-98e3-fbd63a733457 topic=message.EventAssetOCRCompleted
time=2026-08-21T20:02:22.151+02:00 level=INFO msg="starting text extraction for asset" id=da3gdimqbbt3vq4g18o0 filename=da3gdimqbbt3vq4g18o0-kopf-hals-testat-humanis-2014-pdf
time=2026-08-21T20:02:22.161+02:00 level=INFO msg="text extraction completed successfully" id=da3gdimqbbt3vq4g18o0 text_length=33010 engine=pdf-textlayer
time=2026-08-21T20:02:22.166+02:00 level=INFO msg="No subscribers to send message" pubsub_uuid=2GD7quTsJpVaYTZCEF5pTM message_uuid=816c9ca9-461b-45d3-9251-8feceff651ed topic=message.EventAssetOCRCompleted
time=2026-08-21T20:02:22.169+02:00 level=INFO msg="starting text extraction for asset" id=da3gdimqbbt3vq4g19c0 filename=da3gdimqbbt3vq4g19c0-kopf-hals-testat-zahnis-2011-pdf
time=2026-08-21T20:02:22.174+02:00 level=INFO msg="text extraction completed successfully" id=da3gdimqbbt3vq4g19c0 text_length=3514 engine=pdf-textlayer
time=2026-08-21T20:02:22.178+02:00 level=INFO msg="No subscribers to send message" pubsub_uuid=2GD7quTsJpVaYTZCEF5pTM message_uuid=f2ca9185-c0dd-48c8-940a-fad255eb90ad topic=message.EventAssetOCRCompleted
time=2026-08-21T20:02:22.179+02:00 level=INFO msg="starting text extraction for asset" id=da3gdimqbbt3vq4g1a10 filename=da3gdimqbbt3vq4g1a10-kopf-hals-testat-zahnis-2012-pdf
time=2026-08-21T20:02:22.184+02:00 level=INFO msg="text extraction completed successfully" id=da3gdimqbbt3vq4g1a10 text_length=4649 engine=pdf-textlayer
time=2026-08-21T20:02:22.193+02:00 level=INFO msg="No subscribers to send message" pubsub_uuid=2GD7quTsJpVaYTZCEF5pTM message_uuid=bbedbfa0-bbea-4227-bf7d-41465d035998 topic=message.EventAssetOCRCompleted
time=2026-08-21T20:02:22.194+02:00 level=INFO msg="starting text extraction for asset" id=da3gdimqbbt3vq4g1an0 filename=da3gdimqbbt3vq4g1an0-kopf-hals-testat-zahnis-2014-pdf
time=2026-08-21T20:02:22.199+02:00 level=INFO msg="text extraction completed successfully" id=da3gdimqbbt3vq4g1an0 text_length=5731 engine=pdf-textlayer
time=2026-08-21T20:02:22.203+02:00 level=INFO msg="No subscribers to send message" pubsub_uuid=2GD7quTsJpVaYTZCEF5pTM message_uuid=6fc16f74-8079-40d0-852d-99267514a108 topic=message.EventAssetOCRCompleted
time=2026-08-21T20:02:22.206+02:00 level=INFO msg="starting text extraction for asset" id=da3gdimqbbt3vq4g1be0 filename=da3gdimqbbt3vq4g1be0-kopf-hals-testat-zahnis-2017-pdf
time=2026-08-21T20:02:22.209+02:00 level=INFO msg="text extraction completed successfully" id=da3gdimqbbt3vq4g1be0 text_length=2626 engine=pdf-textlayer
time=2026-08-21T20:02:22.214+02:00 level=INFO msg="No subscribers to send message" pubsub_uuid=2GD7quTsJpVaYTZCEF5pTM message_uuid=3a5b3449-1d16-48b0-8332-0a04208b6b0c topic=message.EventAssetOCRCompleted
time=2026-08-21T20:02:22.216+02:00 level=INFO msg="starting text extraction for asset" id=da3gdimqbbt3vq4g1c60 filename=da3gdimqbbt3vq4g1c60-kopf-hals-testat-zahnis-2018-pdf
time=2026-08-21T20:02:22.224+02:00 level=INFO msg="text extraction completed successfully" id=da3gdimqbbt3vq4g1c60 text_length=12792 engine=pdf-textlayer
time=2026-08-21T20:02:22.229+02:00 level=INFO msg="No subscribers to send message" pubsub_uuid=2GD7quTsJpVaYTZCEF5pTM topic=message.EventAssetOCRCompleted message_uuid=0fe9f961-f7b1-490f-aa93-8c0b7010d277
time=2026-08-21T20:02:22.230+02:00 level=INFO msg="starting text extraction for asset" id=da3gdimqbbt3vq4g1cv0 filename=da3gdimqbbt3vq4g1cv0-kopf-hals-testat-zahnis-2019-pdf
time=2026-08-21T20:02:22.236+02:00 level=INFO msg="text extraction completed successfully" id=da3gdimqbbt3vq4g1cv0 text_length=8296 engine=pdf-textlayer
time=2026-08-21T20:02:22.240+02:00 level=INFO msg="No subscribers to send message" pubsub_uuid=2GD7quTsJpVaYTZCEF5pTM message_uuid=d732d56d-07b4-4d6e-8e59-9a74e07bfc9b topic=message.EventAssetOCRCompleted
time=2026-08-21T20:02:22.242+02:00 level=INFO msg="starting text extraction for asset" id=da3gdimqbbt3vq4g1dp0 filename=da3gdimqbbt3vq4g1dp0-kopf-hals-testat-zahnis-2021-pdf
time=2026-08-21T20:02:22.268+02:00 level=INFO msg="text extraction completed successfully" id=da3gdimqbbt3vq4g1dp0 text_length=9171 engine=pdf-textlayer
time=2026-08-21T20:02:22.275+02:00 level=INFO msg="No subscribers to send message" pubsub_uuid=2GD7quTsJpVaYTZCEF5pTM message_uuid=b715f524-86bc-426b-bdec-d4634fb2fe8d topic=message.EventAssetOCRCompleted
time=2026-08-21T20:02:22.278+02:00 level=INFO msg="starting text extraction for asset" id=da3gdimqbbt3vq4g1ek0 filename=da3gdimqbbt3vq4g1ek0-kopf-hals-testat-zahnis-2022-pdf
time=2026-08-21T20:02:22.283+02:00 level=INFO msg="text extraction completed successfully" id=da3gdimqbbt3vq4g1ek0 text_length=12801 engine=pdf-textlayer
time=2026-08-21T20:02:22.287+02:00 level=INFO msg="No subscribers to send message" pubsub_uuid=2GD7quTsJpVaYTZCEF5pTM message_uuid=29903b72-5ddb-45e9-9e15-52bfb6566ad2 topic=message.EventAssetOCRCompleted
time=2026-08-21T20:02:22.289+02:00 level=INFO msg="starting text extraction for asset" id=da3gdimqbbt3vq4g1fg0 filename=da3gdimqbbt3vq4g1fg0-situs-zahnis-2012-pdf
time=2026-08-21T20:02:22.294+02:00 level=INFO msg="text extraction completed successfully" id=da3gdimqbbt3vq4g1fg0 text_length=5517 engine=pdf-textlayer
time=2026-08-21T20:02:22.298+02:00 level=INFO msg="No subscribers to send message" pubsub_uuid=2GD7quTsJpVaYTZCEF5pTM topic=message.EventAssetOCRCompleted message_uuid=89df2308-5e64-4e3a-b5db-b75169216bfc
time=2026-08-21T20:02:22.300+02:00 level=INFO msg="starting text extraction for asset" id=da3gdimqbbt3vq4g1gd0 filename=da3gdimqbbt3vq4g1gd0-situs-zahnis-2014-pdf
time=2026-08-21T20:02:22.306+02:00 level=INFO msg="text extraction completed successfully" id=da3gdimqbbt3vq4g1gd0 text_length=7026 engine=pdf-textlayer
time=2026-08-21T20:02:22.310+02:00 level=INFO msg="No subscribers to send message" pubsub_uuid=2GD7quTsJpVaYTZCEF5pTM message_uuid=748772a2-baa9-4d8b-9661-bf201fd9492c topic=message.EventAssetOCRCompleted
time=2026-08-21T20:02:22.312+02:00 level=INFO msg="starting text extraction for asset" id=da3gdimqbbt3vq4g1hb0 filename=da3gdimqbbt3vq4g1hb0-situs-zahnis-2017-pdf
time=2026-08-21T20:02:22.317+02:00 level=INFO msg="text extraction completed successfully" id=da3gdimqbbt3vq4g1hb0 text_length=5626 engine=pdf-textlayer
time=2026-08-21T20:02:22.321+02:00 level=INFO msg="No subscribers to send message" pubsub_uuid=2GD7quTsJpVaYTZCEF5pTM message_uuid=81cc5554-4349-4fb4-993c-fabf50efe0b5 topic=message.EventAssetOCRCompleted
time=2026-08-21T20:02:22.322+02:00 level=INFO msg="starting text extraction for asset" id=da3gdimqbbt3vq4g1ia0 filename=da3gdimqbbt3vq4g1ia0-situs-zahnis-2018-pdf
time=2026-08-21T20:02:22.328+02:00 level=INFO msg="text extraction completed successfully" id=da3gdimqbbt3vq4g1ia0 text_length=8932 engine=pdf-textlayer
time=2026-08-21T20:02:22.332+02:00 level=INFO msg="No subscribers to send message" pubsub_uuid=2GD7quTsJpVaYTZCEF5pTM message_uuid=058092d5-dfef-4d6c-8098-331e05519563 topic=message.EventAssetOCRCompleted
time=2026-08-21T20:02:22.334+02:00 level=INFO msg="starting text extraction for asset" id=da3gdimqbbt3vq4g1ja0 filename=da3gdimqbbt3vq4g1ja0-situs-zahnis-2019-pdf
time=2026-08-21T20:02:22.341+02:00 level=INFO msg="text extraction completed successfully" id=da3gdimqbbt3vq4g1ja0 text_length=12175 engine=pdf-textlayer
time=2026-08-21T20:02:22.345+02:00 level=INFO msg="No subscribers to send message" pubsub_uuid=2GD7quTsJpVaYTZCEF5pTM message_uuid=4b3398ba-9c25-4168-aff1-972ffd3624ad topic=message.EventAssetOCRCompleted
time=2026-08-21T20:02:22.347+02:00 level=INFO msg="starting text extraction for asset" id=da3gdimqbbt3vq4g1kb0 filename=da3gdimqbbt3vq4g1kb0-situs-zahnis-2020-pdf
time=2026-08-21T20:02:22.370+02:00 level=INFO msg="text extraction completed successfully" id=da3gdimqbbt3vq4g1kb0 text_length=10901 engine=pdf-textlayer
time=2026-08-21T20:02:22.375+02:00 level=INFO msg="No subscribers to send message" pubsub_uuid=2GD7quTsJpVaYTZCEF5pTM message_uuid=7ca6fa03-c389-4e03-af30-82ff4adebd3f topic=message.EventAssetOCRCompleted
time=2026-08-21T20:02:22.378+02:00 level=INFO msg="starting text extraction for asset" id=da3gdimqbbt3vq4g1ld0 filename=da3gdimqbbt3vq4g1ld0-situs-zahnis-2021-pdf
time=2026-08-21T20:02:22.429+02:00 level=INFO msg="text extraction completed successfully" id=da3gdimqbbt3vq4g1ld0 text_length=22005 engine=pdf-textlayer
time=2026-08-21T20:02:22.435+02:00 level=INFO msg="No subscribers to send message" pubsub_uuid=2GD7quTsJpVaYTZCEF5pTM message_uuid=2ad436f1-7dc3-4403-86cf-31e30692e45e topic=message.EventAssetOCRCompleted
time=2026-08-21T20:02:22.437+02:00 level=INFO msg="starting text extraction for asset" id=da3gdimqbbt3vq4g1mg0 filename=da3gdimqbbt3vq4g1mg0-situs-zahnis-2022-pdf
time=2026-08-21T20:02:22.443+02:00 level=INFO msg="text extraction completed successfully" id=da3gdimqbbt3vq4g1mg0 text_length=14436 engine=pdf-textlayer
time=2026-08-21T20:02:22.447+02:00 level=INFO msg="No subscribers to send message" pubsub_uuid=2GD7quTsJpVaYTZCEF5pTM message_uuid=9cda0884-42cb-411d-8014-e887d1033f2b topic=message.EventAssetOCRCompleted
time=2026-08-21T20:02:22.449+02:00 level=INFO msg="starting text extraction for asset" id=da3gdimqbbt3vq4g1nk0 filename=da3gdimqbbt3vq4g1nk0-situs-2-testat-humanis-2014-pdf
time=2026-08-21T20:02:22.462+02:00 level=INFO msg="text extraction completed successfully" id=da3gdimqbbt3vq4g1nk0 text_length=37607 engine=pdf-textlayer
time=2026-08-21T20:02:22.469+02:00 level=INFO msg="No subscribers to send message" pubsub_uuid=2GD7quTsJpVaYTZCEF5pTM message_uuid=3368f4d8-0dcd-4f73-b403-98df3c672853 topic=message.EventAssetOCRCompleted
time=2026-08-21T20:02:22.471+02:00 level=INFO msg="starting text extraction for asset" id=da3gdimqbbt3vq4g1op0 filename=da3gdimqbbt3vq4g1op0-situs-i-testat-humanis-2010-pdf
time=2026-08-21T20:02:22.490+02:00 level=INFO msg="text extraction completed successfully" id=da3gdimqbbt3vq4g1op0 text_length=10991 engine=pdf-textlayer
time=2026-08-21T20:02:22.496+02:00 level=INFO msg="No subscribers to send message" pubsub_uuid=2GD7quTsJpVaYTZCEF5pTM message_uuid=98968b33-ead1-40b8-92b2-588670a4a523 topic=message.EventAssetOCRCompleted
time=2026-08-21T20:02:22.498+02:00 level=INFO msg="starting text extraction for asset" id=da3gdimqbbt3vq4g1pv0 filename=da3gdimqbbt3vq4g1pv0-situs-i-testat-humanis-2011-pdf
time=2026-08-21T20:02:22.505+02:00 level=INFO msg="text extraction completed successfully" id=da3gdimqbbt3vq4g1pv0 text_length=14967 engine=pdf-textlayer
time=2026-08-21T20:02:22.509+02:00 level=INFO msg="No subscribers to send message" pubsub_uuid=2GD7quTsJpVaYTZCEF5pTM message_uuid=aa2b85b3-6db9-44e3-befc-2fdc4bb50e6c topic=message.EventAssetOCRCompleted
time=2026-08-21T20:02:22.511+02:00 level=INFO msg="starting text extraction for asset" id=da3gdimqbbt3vq4g1r60 filename=da3gdimqbbt3vq4g1r60-situs-i-testat-humanis-2014-1-pdf
time=2026-08-21T20:02:22.519+02:00 level=INFO msg="text extraction completed successfully" id=da3gdimqbbt3vq4g1r60 text_length=16387 engine=pdf-textlayer
time=2026-08-21T20:02:22.525+02:00 level=INFO msg="No subscribers to send message" pubsub_uuid=2GD7quTsJpVaYTZCEF5pTM message_uuid=d6d0c25a-4397-45b8-8575-bb6f511f807e topic=message.EventAssetOCRCompleted
time=2026-08-21T20:02:22.527+02:00 level=INFO msg="starting text extraction for asset" id=da3gdimqbbt3vq4g1se0 filename=da3gdimqbbt3vq4g1se0-situs-i-testat-humanis-2014-pdf
time=2026-08-21T20:02:22.538+02:00 level=INFO msg="text extraction completed successfully" id=da3gdimqbbt3vq4g1se0 text_length=34799 engine=pdf-textlayer
time=2026-08-21T20:02:22.544+02:00 level=INFO msg="No subscribers to send message" pubsub_uuid=2GD7quTsJpVaYTZCEF5pTM message_uuid=71b3713a-d531-4783-b2f1-a822b998f44a topic=message.EventAssetOCRCompleted
time=2026-08-21T20:02:22.546+02:00 level=INFO msg="starting text extraction for asset" id=da3gdimqbbt3vq4g1tn0 filename=da3gdimqbbt3vq4g1tn0-situs-i-testat-humanis-medicd-pdf
time=2026-08-21T20:02:22.552+02:00 level=INFO msg="text extraction completed successfully" id=da3gdimqbbt3vq4g1tn0 text_length=10063 engine=pdf-textlayer
time=2026-08-21T20:02:22.557+02:00 level=INFO msg="No subscribers to send message" pubsub_uuid=2GD7quTsJpVaYTZCEF5pTM message_uuid=5f95e586-04af-4220-b32c-3bb39f6f8200 topic=message.EventAssetOCRCompleted
time=2026-08-21T20:02:22.583+02:00 level=INFO msg="starting text extraction for asset" id=da3gdimqbbt3vq4g20q0 filename=da3gdimqbbt3vq4g20q0-2017-12-klausur-mit-antwort-pdf
time=2026-08-21T20:02:22.601+02:00 level=INFO msg="text extraction completed successfully" id=da3gdimqbbt3vq4g20q0 text_length=9078 engine=pdf-textlayer
time=2026-08-21T20:02:22.610+02:00 level=INFO msg="No subscribers to send message" pubsub_uuid=2GD7quTsJpVaYTZCEF5pTM message_uuid=ed8ff0ef-4e59-4b80-98ef-653e515d20b6 topic=message.EventAssetOCRCompleted
time=2026-08-21T20:02:22.612+02:00 level=INFO msg="starting text extraction for asset" id=da3gdiuqbbt3vq4g2170 filename=da3gdiuqbbt3vq4g2170-2018-04-klausur-mit-antwort-pdf
time=2026-08-21T20:02:22.629+02:00 level=INFO msg="text extraction completed successfully" id=da3gdiuqbbt3vq4g2170 text_length=10390 engine=pdf-textlayer
time=2026-08-21T20:02:22.634+02:00 level=INFO msg="No subscribers to send message" pubsub_uuid=2GD7quTsJpVaYTZCEF5pTM message_uuid=448cc489-505f-47e5-83eb-c393ad97adf7 topic=message.EventAssetOCRCompleted
time=2026-08-21T20:02:22.636+02:00 level=INFO msg="starting text extraction for asset" id=da3gdiuqbbt3vq4g21l0 filename=da3gdiuqbbt3vq4g21l0-2018-11-klausur-mit-antwort-pdf
time=2026-08-21T20:02:22.655+02:00 level=INFO msg="text extraction completed successfully" id=da3gdiuqbbt3vq4g21l0 text_length=10037 engine=pdf-textlayer
time=2026-08-21T20:02:22.660+02:00 level=INFO msg="No subscribers to send message" pubsub_uuid=2GD7quTsJpVaYTZCEF5pTM message_uuid=f3d234f5-8853-4661-a7cb-1b8cf52110bd topic=message.EventAssetOCRCompleted
time=2026-08-21T20:02:22.663+02:00 level=INFO msg="starting text extraction for asset" id=da3gdiuqbbt3vq4g2240 filename=da3gdiuqbbt3vq4g2240-2020-07-klausur-mit-antwort-pdf
time=2026-08-21T20:02:22.674+02:00 level=INFO msg="text extraction completed successfully" id=da3gdiuqbbt3vq4g2240 text_length=8561 engine=pdf-textlayer
time=2026-08-21T20:02:22.680+02:00 level=INFO msg="No subscribers to send message" pubsub_uuid=2GD7quTsJpVaYTZCEF5pTM message_uuid=84ff1084-c67c-4a93-9e13-b422f2f27bc8 topic=message.EventAssetOCRCompleted
time=2026-08-21T20:02:22.682+02:00 level=INFO msg="starting text extraction for asset" id=da3gdiuqbbt3vq4g22k0 filename=da3gdiuqbbt3vq4g22k0-2022-06-antworten-für-aushang-pdf
time=2026-08-21T20:02:22.697+02:00 level=INFO msg="text extraction completed successfully" id=da3gdiuqbbt3vq4g22k0 text_length=11278 engine=pdf-textlayer
time=2026-08-21T20:02:22.701+02:00 level=INFO msg="No subscribers to send message" pubsub_uuid=2GD7quTsJpVaYTZCEF5pTM message_uuid=839cbeb1-851e-4179-bbb5-bffe003669de topic=message.EventAssetOCRCompleted
time=2026-08-21T20:02:22.703+02:00 level=INFO msg="starting text extraction for asset" id=da3gdiuqbbt3vq4g2350 filename=da3gdiuqbbt3vq4g2350-2022-07-antworten-pdf
time=2026-08-21T20:02:22.714+02:00 level=INFO msg="text extraction completed successfully" id=da3gdiuqbbt3vq4g2350 text_length=9732 engine=pdf-textlayer
time=2026-08-21T20:02:22.719+02:00 level=INFO msg="No subscribers to send message" pubsub_uuid=2GD7quTsJpVaYTZCEF5pTM message_uuid=510b2d10-e97a-4760-9789-84df9512fa63 topic=message.EventAssetOCRCompleted
time=2026-08-21T20:02:22.720+02:00 level=INFO msg="starting text extraction for asset" id=da3gdiuqbbt3vq4g23n0 filename=da3gdiuqbbt3vq4g23n0-biochemie-klausur-1999-dezember-pdf
time=2026-08-21T20:02:23.858+02:00 level=INFO msg="text extraction completed successfully" id=da3gdiuqbbt3vq4g23n0 text_length=14852 engine=pdf-textlayer-weak
time=2026-08-21T20:02:23.866+02:00 level=INFO msg="No subscribers to send message" pubsub_uuid=2GD7quTsJpVaYTZCEF5pTM message_uuid=9bc2b762-9f24-4459-914d-594fb49dc42e topic=message.EventAssetOCRCompleted
time=2026-08-21T20:02:23.868+02:00 level=INFO msg="starting text extraction for asset" id=da3gdiuqbbt3vq4g24a0 filename=da3gdiuqbbt3vq4g24a0-biochemie-klausur-1999-februar-pdf
time=2026-08-21T20:02:24.842+02:00 level=INFO msg="text extraction completed successfully" id=da3gdiuqbbt3vq4g24a0 text_length=14060 engine=pdf-textlayer-weak
time=2026-08-21T20:02:24.850+02:00 level=INFO msg="No subscribers to send message" pubsub_uuid=2GD7quTsJpVaYTZCEF5pTM message_uuid=28cc58f4-ed69-4680-a0fe-51ecc906c7c5 topic=message.EventAssetOCRCompleted
time=2026-08-21T20:02:24.860+02:00 level=INFO msg="starting text extraction for asset" id=da3gdiuqbbt3vq4g24u0 filename=da3gdiuqbbt3vq4g24u0-biochemie-klausur-1999-juli-pdf
time=2026-08-21T20:02:25.844+02:00 level=INFO msg="text extraction completed successfully" id=da3gdiuqbbt3vq4g24u0 text_length=13446 engine=pdf-textlayer-weak
time=2026-08-21T20:02:25.851+02:00 level=INFO msg="No subscribers to send message" pubsub_uuid=2GD7quTsJpVaYTZCEF5pTM message_uuid=feea13c0-b0a5-4e81-bfda-398dbca7654d topic=message.EventAssetOCRCompleted
time=2026-08-21T20:02:25.861+02:00 level=INFO msg="starting text extraction for asset" id=da3gdiuqbbt3vq4g25j0 filename=da3gdiuqbbt3vq4g25j0-biochemie-klausur-1999-mai-pdf
time=2026-08-21T20:02:25.873+02:00 level=INFO msg="text extraction completed successfully" id=da3gdiuqbbt3vq4g25j0 text_length=12514 engine=pdf-textlayer
time=2026-08-21T20:02:25.879+02:00 level=INFO msg="No subscribers to send message" pubsub_uuid=2GD7quTsJpVaYTZCEF5pTM message_uuid=d03648fa-cdfb-46be-bdd4-6d538f2a053f topic=message.EventAssetOCRCompleted
time=2026-08-21T20:02:25.881+02:00 level=INFO msg="starting text extraction for asset" id=da3gdiuqbbt3vq4g2690 filename=da3gdiuqbbt3vq4g2690-biochemie-klausur-2000-dezember-pdf
time=2026-08-21T20:02:25.889+02:00 level=INFO msg="text extraction completed successfully" id=da3gdiuqbbt3vq4g2690 text_length=10710 engine=pdf-textlayer
time=2026-08-21T20:02:25.894+02:00 level=INFO msg="No subscribers to send message" pubsub_uuid=2GD7quTsJpVaYTZCEF5pTM message_uuid=5203a89d-123f-4d01-a596-e9977ebeac2a topic=message.EventAssetOCRCompleted
time=2026-08-21T20:02:25.895+02:00 level=INFO msg="starting text extraction for asset" id=da3gdiuqbbt3vq4g2700 filename=da3gdiuqbbt3vq4g2700-biochemie-klausur-2000-februar-pdf
time=2026-08-21T20:02:26.824+02:00 level=INFO msg="text extraction completed successfully" id=da3gdiuqbbt3vq4g2700 text_length=12174 engine=pdf-textlayer-weak
time=2026-08-21T20:02:26.830+02:00 level=INFO msg="No subscribers to send message" pubsub_uuid=2GD7quTsJpVaYTZCEF5pTM message_uuid=77cc3d85-40a5-46ba-951a-c835ed00fa9e topic=message.EventAssetOCRCompleted
time=2026-08-21T20:02:26.833+02:00 level=INFO msg="starting text extraction for asset" id=da3gdiuqbbt3vq4g27o0 filename=da3gdiuqbbt3vq4g27o0-biochemie-klausur-2000-juni-pdf
time=2026-08-21T20:02:27.851+02:00 level=INFO msg="text extraction completed successfully" id=da3gdiuqbbt3vq4g27o0 text_length=11739 engine=pdf-textlayer-weak
time=2026-08-21T20:02:27.858+02:00 level=INFO msg="No subscribers to send message" pubsub_uuid=2GD7quTsJpVaYTZCEF5pTM message_uuid=73009464-4ba5-4c48-8f67-21473bdb697f topic=message.EventAssetOCRCompleted
time=2026-08-21T20:02:27.859+02:00 level=INFO msg="starting text extraction for asset" id=da3gdiuqbbt3vq4g28h0 filename=da3gdiuqbbt3vq4g28h0-biochemie-klausur-2001-april-pdf
time=2026-08-21T20:02:28.814+02:00 level=INFO msg="text extraction completed successfully" id=da3gdiuqbbt3vq4g28h0 text_length=13271 engine=pdf-textlayer-weak
time=2026-08-21T20:02:28.820+02:00 level=INFO msg="No subscribers to send message" pubsub_uuid=2GD7quTsJpVaYTZCEF5pTM topic=message.EventAssetOCRCompleted message_uuid=2c46eae6-1c37-4bcf-9bb0-7f6e70344f3a
time=2026-08-21T20:02:28.822+02:00 level=INFO msg="starting text extraction for asset" id=da3gdiuqbbt3vq4g29b0 filename=da3gdiuqbbt3vq4g29b0-biochemie-klausur-2001-februar-pdf
time=2026-08-21T20:02:28.833+02:00 level=INFO msg="text extraction completed successfully" id=da3gdiuqbbt3vq4g29b0 text_length=10238 engine=pdf-textlayer
time=2026-08-21T20:02:28.839+02:00 level=INFO msg="No subscribers to send message" pubsub_uuid=2GD7quTsJpVaYTZCEF5pTM message_uuid=eb90052e-45b7-49f6-8bce-8ab91b05eec3 topic=message.EventAssetOCRCompleted
time=2026-08-21T20:02:28.840+02:00 level=INFO msg="starting text extraction for asset" id=da3gdiuqbbt3vq4g2a60 filename=da3gdiuqbbt3vq4g2a60-biochemie-klausur-2001-juni-pdf
time=2026-08-21T20:02:28.850+02:00 level=INFO msg="text extraction completed successfully" id=da3gdiuqbbt3vq4g2a60 text_length=10315 engine=pdf-textlayer
time=2026-08-21T20:02:28.854+02:00 level=INFO msg="No subscribers to send message" pubsub_uuid=2GD7quTsJpVaYTZCEF5pTM message_uuid=8ff63d4b-a0e8-476e-bd5b-f98b08253256 topic=message.EventAssetOCRCompleted
time=2026-08-21T20:02:28.858+02:00 level=INFO msg="starting text extraction for asset" id=da3gdiuqbbt3vq4g2b20 filename=da3gdiuqbbt3vq4g2b20-biochemie-klausur-2002-april-loesung-pdf
time=2026-08-21T20:02:31.355+02:00 level=WARN msg="OCR engine unavailable, skipping asset" id=da3gdiuqbbt3vq4g2b20
time=2026-08-21T20:02:31.371+02:00 level=INFO msg="starting text extraction for asset" id=da3gdiuqbbt3vq4g2bv0 filename=da3gdiuqbbt3vq4g2bv0-biochemie-klausur-2002-april-pdf
time=2026-08-21T20:02:31.376+02:00 level=INFO msg="text extraction completed successfully" id=da3gdiuqbbt3vq4g2bv0 text_length=9526 engine=pdf-textlayer
time=2026-08-21T20:02:31.380+02:00 level=INFO msg="No subscribers to send message" pubsub_uuid=2GD7quTsJpVaYTZCEF5pTM message_uuid=2493b57b-c56d-4b85-9e56-6ba46c35c077 topic=message.EventAssetOCRCompleted
time=2026-08-21T20:02:31.384+02:00 level=INFO msg="starting text extraction for asset" id=da3gdiuqbbt3vq4g2ct0 filename=da3gdiuqbbt3vq4g2ct0-biochemie-klausur-2002-februar-loesung-pdf
time=2026-08-21T20:02:33.809+02:00 level=WARN msg="OCR engine unavailable, skipping asset" id=da3gdiuqbbt3vq4g2ct0
time=2026-08-21T20:02:33.825+02:00 level=INFO msg="starting text extraction for asset" id=da3gdiuqbbt3vq4g2ds0 filename=da3gdiuqbbt3vq4g2ds0-biochemie-klausur-2002-februar-pdf
time=2026-08-21T20:02:33.831+02:00 level=INFO msg="text extraction completed successfully" id=da3gdiuqbbt3vq4g2ds0 text_length=11255 engine=pdf-textlayer
time=2026-08-21T20:02:33.835+02:00 level=INFO msg="No subscribers to send message" pubsub_uuid=2GD7quTsJpVaYTZCEF5pTM topic=message.EventAssetOCRCompleted message_uuid=ac70db63-10d0-4223-b4ff-826bd8b84378
time=2026-08-21T20:02:33.837+02:00 level=INFO msg="starting text extraction for asset" id=da3gdiuqbbt3vq4g2es0 filename=da3gdiuqbbt3vq4g2es0-biochemie-klausur-2002-juni-pdf
time=2026-08-21T20:02:33.842+02:00 level=INFO msg="text extraction completed successfully" id=da3gdiuqbbt3vq4g2es0 text_length=10264 engine=pdf-textlayer
time=2026-08-21T20:02:33.847+02:00 level=INFO msg="No subscribers to send message" pubsub_uuid=2GD7quTsJpVaYTZCEF5pTM message_uuid=e8fcdecf-1d31-4158-a3ef-d4e159e947f6 topic=message.EventAssetOCRCompleted
time=2026-08-21T20:02:33.848+02:00 level=INFO msg="starting text extraction for asset" id=da3gdiuqbbt3vq4g2ft0 filename=da3gdiuqbbt3vq4g2ft0-biochemie-klausur-2002-november-pdf
time=2026-08-21T20:02:35.131+02:00 level=INFO msg="text extraction completed successfully" id=da3gdiuqbbt3vq4g2ft0 text_length=11073 engine=pdf-textlayer-weak
time=2026-08-21T20:02:35.153+02:00 level=INFO msg="No subscribers to send message" pubsub_uuid=2GD7quTsJpVaYTZCEF5pTM message_uuid=5afa5989-872d-43b8-8dff-40efe9426ab3 topic=message.EventAssetOCRCompleted
time=2026-08-21T20:02:35.156+02:00 level=INFO msg="starting text extraction for asset" id=da3gdiuqbbt3vq4g2gv0 filename=da3gdiuqbbt3vq4g2gv0-biochemie-klausur-2003-april-pdf
time=2026-08-21T20:02:35.163+02:00 level=INFO msg="text extraction completed successfully" id=da3gdiuqbbt3vq4g2gv0 text_length=11304 engine=pdf-textlayer
time=2026-08-21T20:02:35.167+02:00 level=INFO msg="No subscribers to send message" pubsub_uuid=2GD7quTsJpVaYTZCEF5pTM message_uuid=a8254e3f-ab51-4a18-ac8c-e69c02f071f3 topic=message.EventAssetOCRCompleted
time=2026-08-21T20:02:35.169+02:00 level=INFO msg="starting text extraction for asset" id=da3gdiuqbbt3vq4g2i20 filename=da3gdiuqbbt3vq4g2i20-biochemie-klausur-2003-februar-pdf
time=2026-08-21T20:02:35.176+02:00 level=INFO msg="text extraction completed successfully" id=da3gdiuqbbt3vq4g2i20 text_length=9802 engine=pdf-textlayer
time=2026-08-21T20:02:35.180+02:00 level=INFO msg="No subscribers to send message" pubsub_uuid=2GD7quTsJpVaYTZCEF5pTM message_uuid=051dd5ca-a7c9-4239-b77c-7af8584ebc47 topic=message.EventAssetOCRCompleted
time=2026-08-21T20:02:35.184+02:00 level=INFO msg="starting text extraction for asset" id=da3gdiuqbbt3vq4g2j60 filename=da3gdiuqbbt3vq4g2j60-biochemie-klausur-2003-juni-loesung-pdf
time=2026-08-21T20:02:38.149+02:00 level=WARN msg="OCR engine unavailable, skipping asset" id=da3gdiuqbbt3vq4g2j60
time=2026-08-21T20:02:38.164+02:00 level=INFO msg="starting text extraction for asset" id=da3gdiuqbbt3vq4g2kb0 filename=da3gdiuqbbt3vq4g2kb0-biochemie-klausur-2003-juni-pdf
time=2026-08-21T20:02:38.172+02:00 level=INFO msg="text extraction completed successfully" id=da3gdiuqbbt3vq4g2kb0 text_length=13294 engine=pdf-textlayer
time=2026-08-21T20:02:38.178+02:00 level=INFO msg="No subscribers to send message" pubsub_uuid=2GD7quTsJpVaYTZCEF5pTM message_uuid=89de1103-3ef4-4a67-9c9f-98564d80d409 topic=message.EventAssetOCRCompleted
time=2026-08-21T20:02:38.180+02:00 level=INFO msg="starting text extraction for asset" id=da3gdiuqbbt3vq4g2lh0 filename=da3gdiuqbbt3vq4g2lh0-biochemie-klausur-2003-november-loesung-pdf
time=2026-08-21T20:02:38.184+02:00 level=INFO msg="text extraction completed successfully" id=da3gdiuqbbt3vq4g2lh0 text_length=6003 engine=pdf-textlayer
time=2026-08-21T20:02:38.188+02:00 level=INFO msg="No subscribers to send message" pubsub_uuid=2GD7quTsJpVaYTZCEF5pTM message_uuid=2d7cf683-8db9-4195-b28a-0633cf299203 topic=message.EventAssetOCRCompleted
time=2026-08-21T20:02:38.190+02:00 level=INFO msg="starting text extraction for asset" id=da3gdiuqbbt3vq4g2mo0 filename=da3gdiuqbbt3vq4g2mo0-biochemie-klausur-2003-november-pdf
time=2026-08-21T20:02:39.438+02:00 level=INFO msg="text extraction completed successfully" id=da3gdiuqbbt3vq4g2mo0 text_length=10268 engine=pdf-textlayer-weak
time=2026-08-21T20:02:39.445+02:00 level=INFO msg="No subscribers to send message" pubsub_uuid=2GD7quTsJpVaYTZCEF5pTM message_uuid=fb8b7421-aca7-41ed-8456-0937b8ded053 topic=message.EventAssetOCRCompleted
time=2026-08-21T20:02:39.457+02:00 level=INFO msg="starting text extraction for asset" id=da3gdiuqbbt3vq4g2o00 filename=da3gdiuqbbt3vq4g2o00-biochemie-klausur-2004-april-loesung-pdf
time=2026-08-21T20:02:42.257+02:00 level=WARN msg="OCR engine unavailable, skipping asset" id=da3gdiuqbbt3vq4g2o00
time=2026-08-21T20:02:42.266+02:00 level=INFO msg="starting text extraction for asset" id=da3gdiuqbbt3vq4g2p90 filename=da3gdiuqbbt3vq4g2p90-biochemie-klausur-2004-april-pdf
time=2026-08-21T20:02:42.279+02:00 level=INFO msg="text extraction completed successfully" id=da3gdiuqbbt3vq4g2p90 text_length=11321 engine=pdf-textlayer
time=2026-08-21T20:02:42.284+02:00 level=INFO msg="No subscribers to send message" pubsub_uuid=2GD7quTsJpVaYTZCEF5pTM message_uuid=11bcccb8-120c-4e5b-8f7d-050045f00a34 topic=message.EventAssetOCRCompleted
time=2026-08-21T20:02:42.286+02:00 level=INFO msg="starting text extraction for asset" id=da3gdiuqbbt3vq4g2qj0 filename=da3gdiuqbbt3vq4g2qj0-biochemie-klausur-2004-februar-pdf
time=2026-08-21T20:02:43.566+02:00 level=WARN msg="OCR engine unavailable, skipping asset" id=da3gdiuqbbt3vq4g2qj0
time=2026-08-21T20:02:43.581+02:00 level=INFO msg="starting text extraction for asset" id=da3gdiuqbbt3vq4g2ru0 filename=da3gdiuqbbt3vq4g2ru0-biochemie-klausur-2004-juni-pdf
time=2026-08-21T20:02:43.588+02:00 level=INFO msg="text extraction completed successfully" id=da3gdiuqbbt3vq4g2ru0 text_length=9375 engine=pdf-textlayer
time=2026-08-21T20:02:43.592+02:00 level=INFO msg="No subscribers to send message" pubsub_uuid=2GD7quTsJpVaYTZCEF5pTM message_uuid=b5867993-c088-4ee5-beeb-666e43f91749 topic=message.EventAssetOCRCompleted
time=2026-08-21T20:02:43.594+02:00 level=INFO msg="starting text extraction for asset" id=da3gdj6qbbt3vq4g2ta0 filename=da3gdj6qbbt3vq4g2ta0-biochemie-klausur-2004-november-pdf
time=2026-08-21T20:02:43.601+02:00 level=INFO msg="text extraction completed successfully" id=da3gdj6qbbt3vq4g2ta0 text_length=9378 engine=pdf-textlayer
time=2026-08-21T20:02:43.605+02:00 level=INFO msg="No subscribers to send message" pubsub_uuid=2GD7quTsJpVaYTZCEF5pTM message_uuid=cb3524c1-59a2-4e29-a182-c125c58103b9 topic=message.EventAssetOCRCompleted
time=2026-08-21T20:02:43.607+02:00 level=INFO msg="starting text extraction for asset" id=da3gdj6qbbt3vq4g2un0 filename=da3gdj6qbbt3vq4g2un0-biochemie-klausur-2005-april-loesung-pdf
time=2026-08-21T20:02:45.214+02:00 level=WARN msg="OCR engine unavailable, skipping asset" id=da3gdj6qbbt3vq4g2un0
time=2026-08-21T20:02:45.236+02:00 level=INFO msg="starting text extraction for asset" id=da3gdj6qbbt3vq4g3050 filename=da3gdj6qbbt3vq4g3050-biochemie-klausur-2005-april-pdf
time=2026-08-21T20:02:46.614+02:00 level=WARN msg="OCR engine unavailable, skipping asset" id=da3gdj6qbbt3vq4g3050
time=2026-08-21T20:02:46.633+02:00 level=INFO msg="starting text extraction for asset" id=da3gdj6qbbt3vq4g31k0 filename=da3gdj6qbbt3vq4g31k0-biochemie-klausur-2005-dezember-loesung-pdf
time=2026-08-21T20:02:50.282+02:00 level=WARN msg="OCR engine unavailable, skipping asset" id=da3gdj6qbbt3vq4g31k0
time=2026-08-21T20:02:50.306+02:00 level=INFO msg="starting text extraction for asset" id=da3gdj6qbbt3vq4g3340 filename=da3gdj6qbbt3vq4g3340-biochemie-klausur-2005-dezember-pdf
time=2026-08-21T20:02:50.314+02:00 level=INFO msg="text extraction completed successfully" id=da3gdj6qbbt3vq4g3340 text_length=11587 engine=pdf-textlayer
time=2026-08-21T20:02:50.318+02:00 level=INFO msg="No subscribers to send message" pubsub_uuid=2GD7quTsJpVaYTZCEF5pTM message_uuid=88e4e12f-6cb2-4551-8936-429fafa1d50a topic=message.EventAssetOCRCompleted
time=2026-08-21T20:02:50.321+02:00 level=INFO msg="starting text extraction for asset" id=da3gdj6qbbt3vq4g34l0 filename=da3gdj6qbbt3vq4g34l0-biochemie-klausur-2005-februar-loesung-pdf
time=2026-08-21T20:02:52.289+02:00 level=WARN msg="OCR engine unavailable, skipping asset" id=da3gdj6qbbt3vq4g34l0
time=2026-08-21T20:02:52.298+02:00 level=INFO msg="starting text extraction for asset" id=da3gdj6qbbt3vq4g3670 filename=da3gdj6qbbt3vq4g3670-biochemie-klausur-2005-februar-pdf
time=2026-08-21T20:02:52.304+02:00 level=INFO msg="text extraction completed successfully" id=da3gdj6qbbt3vq4g3670 text_length=11097 engine=pdf-textlayer
time=2026-08-21T20:02:52.310+02:00 level=INFO msg="No subscribers to send message" pubsub_uuid=2GD7quTsJpVaYTZCEF5pTM message_uuid=0c0527c6-7e24-4461-9825-d56368ca90a1 topic=message.EventAssetOCRCompleted
time=2026-08-21T20:02:52.312+02:00 level=INFO msg="starting text extraction for asset" id=da3gdj6qbbt3vq4g37q0 filename=da3gdj6qbbt3vq4g37q0-biochemie-klausur-2005-juni-pdf
time=2026-08-21T20:02:52.318+02:00 level=INFO msg="text extraction completed successfully" id=da3gdj6qbbt3vq4g37q0 text_length=10340 engine=pdf-textlayer
time=2026-08-21T20:02:52.322+02:00 level=INFO msg="No subscribers to send message" pubsub_uuid=2GD7quTsJpVaYTZCEF5pTM message_uuid=fa5e761c-8f7f-4f51-8afa-c1ff427c4bff topic=message.EventAssetOCRCompleted
time=2026-08-21T20:02:52.326+02:00 level=INFO msg="starting text extraction for asset" id=da3gdj6qbbt3vq4g39e0 filename=da3gdj6qbbt3vq4g39e0-biochemie-klausur-2006-april-loesung-pdf
time=2026-08-21T20:02:55.032+02:00 level=WARN msg="OCR engine unavailable, skipping asset" id=da3gdj6qbbt3vq4g39e0
time=2026-08-21T20:02:55.055+02:00 level=INFO msg="starting text extraction for asset" id=da3gdj6qbbt3vq4g3b30 filename=da3gdj6qbbt3vq4g3b30-biochemie-klausur-2006-april-pdf
time=2026-08-21T20:02:55.063+02:00 level=INFO msg="text extraction completed successfully" id=da3gdj6qbbt3vq4g3b30 text_length=12934 engine=pdf-textlayer
time=2026-08-21T20:02:55.066+02:00 level=INFO msg="No subscribers to send message" pubsub_uuid=2GD7quTsJpVaYTZCEF5pTM message_uuid=96f5ee6e-75d3-4b92-863f-4bb19a302c69 topic=message.EventAssetOCRCompleted
time=2026-08-21T20:02:55.069+02:00 level=INFO msg="starting text extraction for asset" id=da3gdj6qbbt3vq4g3cp0 filename=da3gdj6qbbt3vq4g3cp0-biochemie-klausur-2006-dezember-loesung-pdf
time=2026-08-21T20:02:56.741+02:00 level=WARN msg="OCR engine unavailable, skipping asset" id=da3gdj6qbbt3vq4g3cp0
time=2026-08-21T20:02:56.757+02:00 level=INFO msg="starting text extraction for asset" id=da3gdj6qbbt3vq4g3eg0 filename=da3gdj6qbbt3vq4g3eg0-biochemie-klausur-2006-dezember-pdf
time=2026-08-21T20:02:56.765+02:00 level=INFO msg="text extraction completed successfully" id=da3gdj6qbbt3vq4g3eg0 text_length=10406 engine=pdf-textlayer
time=2026-08-21T20:02:56.770+02:00 level=INFO msg="No subscribers to send message" pubsub_uuid=2GD7quTsJpVaYTZCEF5pTM message_uuid=370ed578-ff63-41d3-9f4f-d6bb459523fa topic=message.EventAssetOCRCompleted
time=2026-08-21T20:02:56.772+02:00 level=INFO msg="starting text extraction for asset" id=da3gdj6qbbt3vq4g3g80 filename=da3gdj6qbbt3vq4g3g80-biochemie-klausur-2006-februar-loesung-pdf
time=2026-08-21T20:02:58.334+02:00 level=WARN msg="OCR engine unavailable, skipping asset" id=da3gdj6qbbt3vq4g3g80
time=2026-08-21T20:02:58.341+02:00 level=INFO msg="starting text extraction for asset" id=da3gdj6qbbt3vq4g3i10 filename=da3gdj6qbbt3vq4g3i10-biochemie-klausur-2006-februar-pdf
time=2026-08-21T20:02:58.349+02:00 level=INFO msg="text extraction completed successfully" id=da3gdj6qbbt3vq4g3i10 text_length=12128 engine=pdf-textlayer
time=2026-08-21T20:02:58.354+02:00 level=INFO msg="No subscribers to send message" pubsub_uuid=2GD7quTsJpVaYTZCEF5pTM message_uuid=ebea70db-b88a-4ad0-8fa0-b706a1d6e0ae topic=message.EventAssetOCRCompleted
time=2026-08-21T20:02:58.359+02:00 level=INFO msg="starting text extraction for asset" id=da3gdj6qbbt3vq4g3jr0 filename=da3gdj6qbbt3vq4g3jr0-biochemie-klausur-2006-juni-loesung-pdf
time=2026-08-21T20:03:01.773+02:00 level=WARN msg="OCR engine unavailable, skipping asset" id=da3gdj6qbbt3vq4g3jr0
time=2026-08-21T20:03:01.795+02:00 level=INFO msg="starting text extraction for asset" id=da3gdj6qbbt3vq4g3lm0 filename=da3gdj6qbbt3vq4g3lm0-biochemie-klausur-2007-april-loesung-pdf
time=2026-08-21T20:03:03.442+02:00 level=WARN msg="OCR engine unavailable, skipping asset" id=da3gdj6qbbt3vq4g3lm0
time=2026-08-21T20:03:03.457+02:00 level=INFO msg="starting text extraction for asset" id=da3gdj6qbbt3vq4g3ni0 filename=da3gdj6qbbt3vq4g3ni0-biochemie-klausur-2007-april-pdf
time=2026-08-21T20:03:03.465+02:00 level=INFO msg="text extraction completed successfully" id=da3gdj6qbbt3vq4g3ni0 text_length=9969 engine=pdf-textlayer
time=2026-08-21T20:03:03.469+02:00 level=INFO msg="No subscribers to send message" pubsub_uuid=2GD7quTsJpVaYTZCEF5pTM message_uuid=da9a826b-bc15-43a3-929f-6c889655fd27 topic=message.EventAssetOCRCompleted
time=2026-08-21T20:03:03.473+02:00 level=INFO msg="starting text extraction for asset" id=da3gdj6qbbt3vq4g3pf0 filename=da3gdj6qbbt3vq4g3pf0-biochemie-klausur-2007-dezember-loesung-pdf
time=2026-08-21T20:03:03.477+02:00 level=INFO msg="text extraction completed successfully" id=da3gdj6qbbt3vq4g3pf0 text_length=2294 engine=pdf-textlayer
time=2026-08-21T20:03:03.480+02:00 level=INFO msg="No subscribers to send message" pubsub_uuid=2GD7quTsJpVaYTZCEF5pTM message_uuid=726ccb61-ac79-4dfa-a160-ab4e0b2c9430 topic=message.EventAssetOCRCompleted
time=2026-08-21T20:03:03.483+02:00 level=INFO msg="starting text extraction for asset" id=da3gdj6qbbt3vq4g3rd0 filename=da3gdj6qbbt3vq4g3rd0-biochemie-klausur-2007-dezember-pdf
time=2026-08-21T20:03:03.488+02:00 level=INFO msg="text extraction completed successfully" id=da3gdj6qbbt3vq4g3rd0 text_length=8532 engine=pdf-textlayer
time=2026-08-21T20:03:03.493+02:00 level=INFO msg="No subscribers to send message" pubsub_uuid=2GD7quTsJpVaYTZCEF5pTM topic=message.EventAssetOCRCompleted message_uuid=a5985ebd-665b-4bc9-9484-ee3b5b373a47
time=2026-08-21T20:03:03.496+02:00 level=INFO msg="starting text extraction for asset" id=da3gdj6qbbt3vq4g3tc0 filename=da3gdj6qbbt3vq4g3tc0-biochemie-klausur-2007-februar-loesung-pdf
time=2026-08-21T20:03:06.021+02:00 level=WARN msg="OCR engine unavailable, skipping asset" id=da3gdj6qbbt3vq4g3tc0
time=2026-08-21T20:03:06.037+02:00 level=INFO msg="starting text extraction for asset" id=da3gdj6qbbt3vq4g3vc0 filename=da3gdj6qbbt3vq4g3vc0-biochemie-klausur-2007-februar-pdf
time=2026-08-21T20:03:06.044+02:00 level=INFO msg="text extraction completed successfully" id=da3gdj6qbbt3vq4g3vc0 text_length=9160 engine=pdf-textlayer
time=2026-08-21T20:03:06.049+02:00 level=INFO msg="No subscribers to send message" pubsub_uuid=2GD7quTsJpVaYTZCEF5pTM message_uuid=767a36e5-3941-40dc-ae74-2295c8303e9b topic=message.EventAssetOCRCompleted
time=2026-08-21T20:03:06.050+02:00 level=INFO msg="starting text extraction for asset" id=da3gdj6qbbt3vq4g41d0 filename=da3gdj6qbbt3vq4g41d0-biochemie-klausur-2007-juni-pdf
time=2026-08-21T20:03:06.057+02:00 level=INFO msg="text extraction completed successfully" id=da3gdj6qbbt3vq4g41d0 text_length=11382 engine=pdf-textlayer
time=2026-08-21T20:03:06.061+02:00 level=INFO msg="No subscribers to send message" pubsub_uuid=2GD7quTsJpVaYTZCEF5pTM message_uuid=4f15b395-c110-4ca7-890c-f769f5a63dfa topic=message.EventAssetOCRCompleted
time=2026-08-21T20:03:06.071+02:00 level=INFO msg="starting text extraction for asset" id=da3gdj6qbbt3vq4g43f0 filename=da3gdj6qbbt3vq4g43f0-biochemie-klausur-2008-april-pdf
time=2026-08-21T20:03:06.077+02:00 level=INFO msg="text extraction completed successfully" id=da3gdj6qbbt3vq4g43f0 text_length=4643 engine=pdf-textlayer
time=2026-08-21T20:03:06.081+02:00 level=INFO msg="No subscribers to send message" pubsub_uuid=2GD7quTsJpVaYTZCEF5pTM message_uuid=b9f07489-79c3-4ce4-b994-1dd5229a1f69 topic=message.EventAssetOCRCompleted
time=2026-08-21T20:03:06.083+02:00 level=INFO msg="starting text extraction for asset" id=da3gdj6qbbt3vq4g45i0 filename=da3gdj6qbbt3vq4g45i0-biochemie-klausur-2008-februar-pdf
time=2026-08-21T20:03:06.089+02:00 level=INFO msg="text extraction completed successfully" id=da3gdj6qbbt3vq4g45i0 text_length=6657 engine=pdf-textlayer
time=2026-08-21T20:03:06.093+02:00 level=INFO msg="No subscribers to send message" pubsub_uuid=2GD7quTsJpVaYTZCEF5pTM message_uuid=85971f50-577f-4c24-a667-270df9c0ec79 topic=message.EventAssetOCRCompleted
time=2026-08-21T20:03:06.104+02:00 level=INFO msg="starting text extraction for asset" id=da3gdj6qbbt3vq4g47m0 filename=da3gdj6qbbt3vq4g47m0-biochemie-klausur-2008-juni-pdf
time=2026-08-21T20:03:06.113+02:00 level=INFO msg="text extraction completed successfully" id=da3gdj6qbbt3vq4g47m0 text_length=8128 engine=pdf-textlayer
time=2026-08-21T20:03:06.118+02:00 level=INFO msg="No subscribers to send message" pubsub_uuid=2GD7quTsJpVaYTZCEF5pTM message_uuid=a6d3adc6-5d02-4e8b-addd-1eebc461621f topic=message.EventAssetOCRCompleted
time=2026-08-21T20:03:06.128+02:00 level=INFO msg="starting text extraction for asset" id=da3gdj6qbbt3vq4g49r0 filename=da3gdj6qbbt3vq4g49r0-biochemie-klausur-2009-april-pdf
time=2026-08-21T20:03:26.132+02:00 level=ERROR msg="text extraction exceeded time budget, abandoning asset to bound memory use" id=da3gdj6qbbt3vq4g49r0 filename=da3gdj6qbbt3vq4g49r0-biochemie-klausur-2009-april-pdf timeout=20s
extracted text from 99 assets
one asset exceeded its extraction time budget and was skipped; stopping this run to release its memory. Re-run --phase ocr to continue.
time=2026-08-21T20:03:26.147+02:00 level=INFO msg="configured plugin runtime provider" provider=local
time=2026-08-21T20:03:26.147+02:00 level=INFO msg="configured plugin runtime server url" server_url=http://localhost:8000
=== run 3 Fri Aug 21 20:03:26     2026 ===
time=2026-08-21T20:03:28.484+02:00 level=INFO msg="starting text extraction for asset" id=da3gdj6qbbt3vq4g4c10 filename=da3gdj6qbbt3vq4g4c10-biochemie-klausur-2009-februar-pdf
time=2026-08-21T20:03:48.563+02:00 level=ERROR msg="text extraction exceeded time budget, abandoning asset to bound memory use" id=da3gdj6qbbt3vq4g4c10 filename=da3gdj6qbbt3vq4g4c10-biochemie-klausur-2009-februar-pdf timeout=20s
extracted text from 0 assets
one asset exceeded its extraction time budget and was skipped; stopping this run to release its memory. Re-run --phase ocr to continue.
time=2026-08-21T20:03:48.580+02:00 level=INFO msg="configured plugin runtime provider" provider=local
time=2026-08-21T20:03:48.580+02:00 level=INFO msg="configured plugin runtime server url" server_url=http://localhost:8000
=== run 4 Fri Aug 21 20:03:48     2026 ===
time=2026-08-21T20:03:50.890+02:00 level=INFO msg="starting text extraction for asset" id=da3gdj6qbbt3vq4g4e80 filename=da3gdj6qbbt3vq4g4e80-biochemie-klausur-2009-juni-pdf
time=2026-08-21T20:04:10.966+02:00 level=ERROR msg="text extraction exceeded time budget, abandoning asset to bound memory use" id=da3gdj6qbbt3vq4g4e80 filename=da3gdj6qbbt3vq4g4e80-biochemie-klausur-2009-juni-pdf timeout=20s
extracted text from 0 assets
one asset exceeded its extraction time budget and was skipped; stopping this run to release its memory. Re-run --phase ocr to continue.
time=2026-08-21T20:04:10.983+02:00 level=INFO msg="configured plugin runtime provider" provider=local
time=2026-08-21T20:04:10.983+02:00 level=INFO msg="configured plugin runtime server url" server_url=http://localhost:8000
=== run 5 Fri Aug 21 20:04:11     2026 ===
time=2026-08-21T20:04:13.260+02:00 level=INFO msg="starting text extraction for asset" id=da3gdjeqbbt3vq4g4gg0 filename=da3gdjeqbbt3vq4g4gg0-biochemie-klausur-2010-april-pdf
time=2026-08-21T20:04:26.537+02:00 level=WARN msg="OCR engine unavailable, skipping asset" id=da3gdjeqbbt3vq4g4gg0
time=2026-08-21T20:04:26.557+02:00 level=INFO msg="starting text extraction for asset" id=da3gdjeqbbt3vq4g4ip0 filename=da3gdjeqbbt3vq4g4ip0-biochemie-klausur-2010-februar-pdf
time=2026-08-21T20:04:26.561+02:00 level=WARN msg="pdf text layer extraction failed, will try rasterisation fallback" error="not a PDF file: missing %%EOF"
time=2026-08-21T20:04:46.562+02:00 level=ERROR msg="text extraction exceeded time budget, abandoning asset to bound memory use" id=da3gdjeqbbt3vq4g4ip0 filename=da3gdjeqbbt3vq4g4ip0-biochemie-klausur-2010-februar-pdf timeout=20s
extracted text from 1 assets
one asset exceeded its extraction time budget and was skipped; stopping this run to release its memory. Re-run --phase ocr to continue.
time=2026-08-21T20:04:46.575+02:00 level=INFO msg="configured plugin runtime provider" provider=local
time=2026-08-21T20:04:46.575+02:00 level=INFO msg="configured plugin runtime server url" server_url=http://localhost:8000
=== run 6 Fri Aug 21 20:04:46     2026 ===
time=2026-08-21T20:04:48.907+02:00 level=INFO msg="starting text extraction for asset" id=da3gdjeqbbt3vq4g4l30 filename=da3gdjeqbbt3vq4g4l30-biochemie-klausur-2010-juni-loesung-pdf
time=2026-08-21T20:04:55.460+02:00 level=INFO msg="text extraction completed successfully" id=da3gdjeqbbt3vq4g4l30 text_length=622 engine=pdf-textlayer-weak
time=2026-08-21T20:04:55.468+02:00 level=INFO msg="No subscribers to send message" pubsub_uuid=YHGahX79p5FSJW7u3upBZD topic=message.EventAssetOCRCompleted message_uuid=f5204db7-efc6-49d8-803a-7e56d169d164
time=2026-08-21T20:04:55.479+02:00 level=INFO msg="starting text extraction for asset" id=da3gdjeqbbt3vq4g4ne0 filename=da3gdjeqbbt3vq4g4ne0-biochemie-klausur-2010-november-loesung-pdf
time=2026-08-21T20:05:02.219+02:00 level=INFO msg="text extraction completed successfully" id=da3gdjeqbbt3vq4g4ne0 text_length=4446 engine=pdf-textlayer-weak
time=2026-08-21T20:05:02.226+02:00 level=INFO msg="No subscribers to send message" pubsub_uuid=YHGahX79p5FSJW7u3upBZD message_uuid=c10504bc-fac7-4535-af04-071d45a03522 topic=message.EventAssetOCRCompleted
time=2026-08-21T20:05:02.241+02:00 level=INFO msg="starting text extraction for asset" id=da3gdjeqbbt3vq4g4pq0 filename=da3gdjeqbbt3vq4g4pq0-biochemie-klausur-2011-april-pdf
time=2026-08-21T20:05:09.578+02:00 level=WARN msg="OCR engine unavailable, skipping asset" id=da3gdjeqbbt3vq4g4pq0
time=2026-08-21T20:05:09.603+02:00 level=INFO msg="starting text extraction for asset" id=da3gdjeqbbt3vq4g4s70 filename=da3gdjeqbbt3vq4g4s70-biochemie-klausur-2011-dezember-pdf
time=2026-08-21T20:05:09.606+02:00 level=WARN msg="pdf text layer extraction failed, will try rasterisation fallback" error="not a PDF file: missing %%EOF"
time=2026-08-21T20:05:27.072+02:00 level=WARN msg="OCR engine unavailable, skipping asset" id=da3gdjeqbbt3vq4g4s70
time=2026-08-21T20:05:27.098+02:00 level=INFO msg="starting text extraction for asset" id=da3gdjeqbbt3vq4g4ul0 filename=da3gdjeqbbt3vq4g4ul0-biochemie-klausur-2011-februar-pdf
time=2026-08-21T20:05:47.102+02:00 level=ERROR msg="text extraction exceeded time budget, abandoning asset to bound memory use" id=da3gdjeqbbt3vq4g4ul0 filename=da3gdjeqbbt3vq4g4ul0-biochemie-klausur-2011-februar-pdf timeout=20s
extracted text from 4 assets
one asset exceeded its extraction time budget and was skipped; stopping this run to release its memory. Re-run --phase ocr to continue.
time=2026-08-21T20:05:47.110+02:00 level=INFO msg="configured plugin runtime provider" provider=local
time=2026-08-21T20:05:47.110+02:00 level=INFO msg="configured plugin runtime server url" server_url=http://localhost:8000
=== run 7 Fri Aug 21 20:05:47     2026 ===
time=2026-08-21T20:05:49.373+02:00 level=INFO msg="starting text extraction for asset" id=da3gdjeqbbt3vq4g5140 filename=da3gdjeqbbt3vq4g5140-biochemie-klausur-2011-juni-pdf
time=2026-08-21T20:05:49.435+02:00 level=INFO msg="text extraction completed successfully" id=da3gdjeqbbt3vq4g5140 text_length=35 engine=pdf-textlayer
time=2026-08-21T20:05:49.440+02:00 level=INFO msg="No subscribers to send message" pubsub_uuid=obcfQb5o43e7PBqYaPrjKR message_uuid=cb209f23-f55b-4fd0-9499-8073d2a50482 topic=message.EventAssetOCRCompleted
time=2026-08-21T20:05:49.449+02:00 level=INFO msg="starting text extraction for asset" id=da3gdjeqbbt3vq4g53k0 filename=da3gdjeqbbt3vq4g53k0-biochemie-klausur-2012-april-loesung-pdf
time=2026-08-21T20:05:52.851+02:00 level=WARN msg="OCR engine unavailable, skipping asset" id=da3gdjeqbbt3vq4g53k0
time=2026-08-21T20:05:52.875+02:00 level=INFO msg="starting text extraction for asset" id=da3gdjeqbbt3vq4g5650 filename=da3gdjeqbbt3vq4g5650-biochemie-klausur-2012-dezember-pdf
time=2026-08-21T20:05:54.429+02:00 level=INFO msg="text extraction completed successfully" id=da3gdjeqbbt3vq4g5650 text_length=3 engine=pdf-textlayer-weak
time=2026-08-21T20:05:54.436+02:00 level=INFO msg="No subscribers to send message" pubsub_uuid=obcfQb5o43e7PBqYaPrjKR message_uuid=5b92929e-d220-476e-8599-e75464afe5cf topic=message.EventAssetOCRCompleted
time=2026-08-21T20:05:54.442+02:00 level=INFO msg="starting text extraction for asset" id=da3gdjeqbbt3vq4g58n0 filename=da3gdjeqbbt3vq4g58n0-biochemie-klausur-2012-februar-loesung-pdf
time=2026-08-21T20:06:10.547+02:00 level=WARN msg="OCR engine unavailable, skipping asset" id=da3gdjeqbbt3vq4g58n0
time=2026-08-21T20:06:10.578+02:00 level=INFO msg="starting text extraction for asset" id=da3gdjeqbbt3vq4g5ba0 filename=da3gdjeqbbt3vq4g5ba0-biochemie-klausur-2012-juni-loesung-pdf
time=2026-08-21T20:06:12.905+02:00 level=WARN msg="OCR engine unavailable, skipping asset" id=da3gdjeqbbt3vq4g5ba0
time=2026-08-21T20:06:12.926+02:00 level=INFO msg="starting text extraction for asset" id=da3gdjeqbbt3vq4g5du0 filename=da3gdjeqbbt3vq4g5du0-biochemie-klausur-2013-april-pdf
time=2026-08-21T20:06:14.634+02:00 level=WARN msg="OCR engine unavailable, skipping asset" id=da3gdjeqbbt3vq4g5du0
time=2026-08-21T20:06:14.650+02:00 level=INFO msg="starting text extraction for asset" id=da3gdjeqbbt3vq4g5gj0 filename=da3gdjeqbbt3vq4g5gj0-biochemie-klausur-2013-dezember-pdf
time=2026-08-21T20:06:14.664+02:00 level=INFO msg="text extraction completed successfully" id=da3gdjeqbbt3vq4g5gj0 text_length=8948 engine=pdf-textlayer
time=2026-08-21T20:06:14.669+02:00 level=INFO msg="No subscribers to send message" pubsub_uuid=obcfQb5o43e7PBqYaPrjKR message_uuid=efad9742-d4ce-4615-8b64-1e50a381b061 topic=message.EventAssetOCRCompleted
time=2026-08-21T20:06:14.673+02:00 level=INFO msg="starting text extraction for asset" id=da3gdjeqbbt3vq4g5j90 filename=da3gdjeqbbt3vq4g5j90-biochemie-klausur-2013-februar-loesung-pdf
time=2026-08-21T20:06:14.680+02:00 level=INFO msg="text extraction completed successfully" id=da3gdjeqbbt3vq4g5j90 text_length=30 engine=pdf-textlayer
time=2026-08-21T20:06:14.684+02:00 level=INFO msg="No subscribers to send message" pubsub_uuid=obcfQb5o43e7PBqYaPrjKR message_uuid=6cba114c-94ac-4f2c-adca-dde4dd2f51de topic=message.EventAssetOCRCompleted
time=2026-08-21T20:06:14.689+02:00 level=INFO msg="starting text extraction for asset" id=da3gdjeqbbt3vq4g5m00 filename=da3gdjeqbbt3vq4g5m00-biochemie-klausur-2013-juni-pdf
time=2026-08-21T20:06:16.388+02:00 level=WARN msg="OCR engine unavailable, skipping asset" id=da3gdjeqbbt3vq4g5m00
time=2026-08-21T20:06:16.412+02:00 level=INFO msg="starting text extraction for asset" id=da3gdjeqbbt3vq4g5oo0 filename=da3gdjeqbbt3vq4g5oo0-biochemie-klausur-2014-april-pdf
time=2026-08-21T20:06:25.080+02:00 level=WARN msg="OCR engine unavailable, skipping asset" id=da3gdjeqbbt3vq4g5oo0
time=2026-08-21T20:06:25.095+02:00 level=INFO msg="starting text extraction for asset" id=da3gdjeqbbt3vq4g5rh0 filename=da3gdjeqbbt3vq4g5rh0-biochemie-klausur-2014-dezember-pdf
time=2026-08-21T20:06:25.108+02:00 level=INFO msg="text extraction completed successfully" id=da3gdjeqbbt3vq4g5rh0 text_length=10578 engine=pdf-textlayer
time=2026-08-21T20:06:25.113+02:00 level=INFO msg="No subscribers to send message" pubsub_uuid=obcfQb5o43e7PBqYaPrjKR topic=message.EventAssetOCRCompleted message_uuid=e21936e6-91ff-46d6-a63a-06e76edd597b
time=2026-08-21T20:06:25.115+02:00 level=INFO msg="starting text extraction for asset" id=da3gdjeqbbt3vq4g5ub0 filename=da3gdjeqbbt3vq4g5ub0-biochemie-klausur-2014-februar-loesung-pdf
time=2026-08-21T20:06:25.131+02:00 level=INFO msg="text extraction completed successfully" id=da3gdjeqbbt3vq4g5ub0 text_length=8341 engine=pdf-textlayer
time=2026-08-21T20:06:25.135+02:00 level=INFO msg="No subscribers to send message" pubsub_uuid=obcfQb5o43e7PBqYaPrjKR message_uuid=8c16e473-83eb-4e06-b9dd-592ec92a36b6 topic=message.EventAssetOCRCompleted
time=2026-08-21T20:06:25.139+02:00 level=INFO msg="starting text extraction for asset" id=da3gdjeqbbt3vq4g6160 filename=da3gdjeqbbt3vq4g6160-biochemie-klausur-2014-juni-pdf
time=2026-08-21T20:06:25.152+02:00 level=INFO msg="text extraction completed successfully" id=da3gdjeqbbt3vq4g6160 text_length=7942 engine=pdf-textlayer
time=2026-08-21T20:06:25.157+02:00 level=INFO msg="No subscribers to send message" pubsub_uuid=obcfQb5o43e7PBqYaPrjKR topic=message.EventAssetOCRCompleted message_uuid=d44b8d2e-b75e-42ba-a4c2-5a4985830eaa
time=2026-08-21T20:06:25.160+02:00 level=INFO msg="starting text extraction for asset" id=da3gdjeqbbt3vq4g6420 filename=da3gdjeqbbt3vq4g6420-biochemie-klausur-2015-april-pdf
time=2026-08-21T20:06:25.173+02:00 level=INFO msg="text extraction completed successfully" id=da3gdjeqbbt3vq4g6420 text_length=12045 engine=pdf-textlayer
time=2026-08-21T20:06:25.177+02:00 level=INFO msg="No subscribers to send message" pubsub_uuid=obcfQb5o43e7PBqYaPrjKR message_uuid=10103e62-dda5-4900-98a6-299cb62b8713 topic=message.EventAssetOCRCompleted
time=2026-08-21T20:06:25.179+02:00 level=INFO msg="starting text extraction for asset" id=da3gdjeqbbt3vq4g66v0 filename=da3gdjeqbbt3vq4g66v0-biochemie-klausur-2015-dezember-pdf
time=2026-08-21T20:06:25.184+02:00 level=INFO msg="text extraction completed successfully" id=da3gdjeqbbt3vq4g66v0 text_length=6791 engine=pdf-textlayer
time=2026-08-21T20:06:25.188+02:00 level=INFO msg="No subscribers to send message" pubsub_uuid=obcfQb5o43e7PBqYaPrjKR topic=message.EventAssetOCRCompleted message_uuid=da4d70e7-6133-4ad3-a1e4-9cb8ddb58e5b
time=2026-08-21T20:06:25.193+02:00 level=INFO msg="starting text extraction for asset" id=da3gdjeqbbt3vq4g69t0 filename=da3gdjeqbbt3vq4g69t0-biochemie-klausur-2015-februar-pdf
time=2026-08-21T20:06:25.206+02:00 level=INFO msg="text extraction completed successfully" id=da3gdjeqbbt3vq4g69t0 text_length=7277 engine=pdf-textlayer
time=2026-08-21T20:06:25.210+02:00 level=INFO msg="No subscribers to send message" pubsub_uuid=obcfQb5o43e7PBqYaPrjKR message_uuid=ffd76d2d-9b67-4272-a02c-189e7ca2b934 topic=message.EventAssetOCRCompleted
time=2026-08-21T20:06:25.214+02:00 level=INFO msg="starting text extraction for asset" id=da3gdjeqbbt3vq4g6cs0 filename=da3gdjeqbbt3vq4g6cs0-biochemie-klausur-2016-april-pdf
time=2026-08-21T20:06:31.541+02:00 level=WARN msg="OCR engine unavailable, skipping asset" id=da3gdjeqbbt3vq4g6cs0
time=2026-08-21T20:06:31.558+02:00 level=INFO msg="starting text extraction for asset" id=da3gdjeqbbt3vq4g6fs0 filename=da3gdjeqbbt3vq4g6fs0-biochemie-klausur-2016-februar-pdf
time=2026-08-21T20:06:43.141+02:00 level=WARN msg="OCR engine unavailable, skipping asset" id=da3gdjeqbbt3vq4g6fs0
time=2026-08-21T20:06:43.172+02:00 level=INFO msg="starting text extraction for asset" id=da3gdjmqbbt3vq4g6it0 filename=da3gdjmqbbt3vq4g6it0-histo-i-praktikumsskript-mit-beantworteten-fragen-ss-pdf
time=2026-08-21T20:06:43.253+02:00 level=INFO msg="text extraction completed successfully" id=da3gdjmqbbt3vq4g6it0 text_length=172332 engine=pdf-textlayer
time=2026-08-21T20:06:43.272+02:00 level=INFO msg="No subscribers to send message" pubsub_uuid=obcfQb5o43e7PBqYaPrjKR message_uuid=f4c3e198-7293-4c07-93d3-42513a753193 topic=message.EventAssetOCRCompleted
time=2026-08-21T20:06:43.278+02:00 level=INFO msg="starting text extraction for asset" id=da3gdjmqbbt3vq4g6j40 filename=da3gdjmqbbt3vq4g6j40-histologie-i-klausur-2022-pdf
time=2026-08-21T20:06:45.972+02:00 level=WARN msg="OCR engine unavailable, skipping asset" id=da3gdjmqbbt3vq4g6j40
time=2026-08-21T20:06:45.992+02:00 level=INFO msg="starting text extraction for asset" id=da3gdjmqbbt3vq4g6jc0 filename=da3gdjmqbbt3vq4g6jc0-histologie-ii-klausur-ws01-pdf
time=2026-08-21T20:06:50.001+02:00 level=WARN msg="OCR engine unavailable, skipping asset" id=da3gdjmqbbt3vq4g6jc0
time=2026-08-21T20:06:50.017+02:00 level=INFO msg="starting text extraction for asset" id=da3gdjmqbbt3vq4g6jl0 filename=da3gdjmqbbt3vq4g6jl0-histologie-ii-klausur-ws02-pdf
time=2026-08-21T20:06:50.022+02:00 level=INFO msg="text extraction completed successfully" id=da3gdjmqbbt3vq4g6jl0 text_length=10220 engine=pdf-textlayer
time=2026-08-21T20:06:50.026+02:00 level=INFO msg="No subscribers to send message" pubsub_uuid=obcfQb5o43e7PBqYaPrjKR message_uuid=8741957d-4803-40fc-9cb3-9f44c0d377d2 topic=message.EventAssetOCRCompleted
time=2026-08-21T20:06:50.028+02:00 level=INFO msg="starting text extraction for asset" id=da3gdjmqbbt3vq4g6jv0 filename=da3gdjmqbbt3vq4g6jv0-histologie-ii-klausur-ws03-pdf
time=2026-08-21T20:06:50.033+02:00 level=INFO msg="text extraction completed successfully" id=da3gdjmqbbt3vq4g6jv0 text_length=8970 engine=pdf-textlayer
time=2026-08-21T20:06:50.036+02:00 level=INFO msg="No subscribers to send message" pubsub_uuid=obcfQb5o43e7PBqYaPrjKR message_uuid=18c245d9-6509-43fb-938b-4b947d71359f topic=message.EventAssetOCRCompleted
time=2026-08-21T20:06:50.038+02:00 level=INFO msg="starting text extraction for asset" id=da3gdjmqbbt3vq4g6ka0 filename=da3gdjmqbbt3vq4g6ka0-histologie-ii-klausur-ws04-pdf
time=2026-08-21T20:06:50.044+02:00 level=INFO msg="text extraction completed successfully" id=da3gdjmqbbt3vq4g6ka0 text_length=11420 engine=pdf-textlayer
time=2026-08-21T20:06:50.048+02:00 level=INFO msg="No subscribers to send message" pubsub_uuid=obcfQb5o43e7PBqYaPrjKR message_uuid=843878ac-1ea7-4325-b068-43a3ab78ed2d topic=message.EventAssetOCRCompleted
time=2026-08-21T20:06:50.050+02:00 level=INFO msg="starting text extraction for asset" id=da3gdjmqbbt3vq4g6km0 filename=da3gdjmqbbt3vq4g6km0-histologie-ii-klausur-ws05-pdf
time=2026-08-21T20:06:50.056+02:00 level=INFO msg="text extraction completed successfully" id=da3gdjmqbbt3vq4g6km0 text_length=11415 engine=pdf-textlayer
time=2026-08-21T20:06:50.060+02:00 level=INFO msg="No subscribers to send message" pubsub_uuid=obcfQb5o43e7PBqYaPrjKR message_uuid=678a0f91-0639-4db9-9ba3-c1c6a503165b topic=message.EventAssetOCRCompleted
time=2026-08-21T20:06:50.063+02:00 level=INFO msg="starting text extraction for asset" id=da3gdjmqbbt3vq4g6l30 filename=da3gdjmqbbt3vq4g6l30-histologie-ii-klausur-ws06-pdf
time=2026-08-21T20:06:50.067+02:00 level=INFO msg="text extraction completed successfully" id=da3gdjmqbbt3vq4g6l30 text_length=9415 engine=pdf-textlayer
time=2026-08-21T20:06:50.071+02:00 level=INFO msg="No subscribers to send message" pubsub_uuid=obcfQb5o43e7PBqYaPrjKR message_uuid=446a0be5-8f2f-4bd7-aec1-e06d4e0bc85b topic=message.EventAssetOCRCompleted
time=2026-08-21T20:06:50.074+02:00 level=INFO msg="starting text extraction for asset" id=da3gdjmqbbt3vq4g6lh0 filename=da3gdjmqbbt3vq4g6lh0-histologie-ii-klausur-ws07-pdf
time=2026-08-21T20:06:51.819+02:00 level=WARN msg="OCR engine unavailable, skipping asset" id=da3gdjmqbbt3vq4g6lh0
time=2026-08-21T20:06:51.846+02:00 level=INFO msg="starting text extraction for asset" id=da3gdjmqbbt3vq4g6m00 filename=da3gdjmqbbt3vq4g6m00-histologie-ii-klausur-ws08-pdf
time=2026-08-21T20:06:54.220+02:00 level=INFO msg="text extraction completed successfully" id=da3gdjmqbbt3vq4g6m00 text_length=76 engine=pdf-textlayer-weak
time=2026-08-21T20:06:54.226+02:00 level=INFO msg="No subscribers to send message" pubsub_uuid=obcfQb5o43e7PBqYaPrjKR message_uuid=2cc53898-9427-4394-af4a-56530cbbd9a0 topic=message.EventAssetOCRCompleted
time=2026-08-21T20:06:54.236+02:00 level=INFO msg="starting text extraction for asset" id=da3gdjmqbbt3vq4g6mg0 filename=da3gdjmqbbt3vq4g6mg0-histologie-ii-klausur-ws09-pdf
time=2026-08-21T20:06:54.241+02:00 level=WARN msg="pdf text layer extraction failed, will try rasterisation fallback" error="not a PDF file: missing %%EOF"
time=2026-08-21T20:06:54.915+02:00 level=WARN msg="OCR engine unavailable, skipping asset" id=da3gdjmqbbt3vq4g6mg0
time=2026-08-21T20:06:54.950+02:00 level=INFO msg="starting text extraction for asset" id=da3gdjmqbbt3vq4g6n10 filename=da3gdjmqbbt3vq4g6n10-histologie-ii-klausur-ws10-pdf
time=2026-08-21T20:07:05.525+02:00 level=WARN msg="OCR engine unavailable, skipping asset" id=da3gdjmqbbt3vq4g6n10
time=2026-08-21T20:07:05.549+02:00 level=INFO msg="starting text extraction for asset" id=da3gdjmqbbt3vq4g6nj0 filename=da3gdjmqbbt3vq4g6nj0-histologie-ii-klausur-ws11-pdf
time=2026-08-21T20:07:05.555+02:00 level=WARN msg="pdf text layer extraction failed, will try rasterisation fallback" error="not a PDF file: missing %%EOF"
time=2026-08-21T20:07:09.290+02:00 level=WARN msg="OCR engine unavailable, skipping asset" id=da3gdjmqbbt3vq4g6nj0
time=2026-08-21T20:07:09.314+02:00 level=INFO msg="starting text extraction for asset" id=da3gdjmqbbt3vq4g6o60 filename=da3gdjmqbbt3vq4g6o60-histologie-ii-klausur-ws12-pdf
time=2026-08-21T20:07:09.318+02:00 level=WARN msg="pdf text layer extraction failed, will try rasterisation fallback" error="not a PDF file: missing %%EOF"
time=2026-08-21T20:07:11.053+02:00 level=WARN msg="OCR engine unavailable, skipping asset" id=da3gdjmqbbt3vq4g6o60
time=2026-08-21T20:07:11.063+02:00 level=INFO msg="starting text extraction for asset" id=da3gdjmqbbt3vq4g6oq0 filename=da3gdjmqbbt3vq4g6oq0-histologie-ii-klausur-ws13-pdf
time=2026-08-21T20:07:14.723+02:00 level=WARN msg="OCR engine unavailable, skipping asset" id=da3gdjmqbbt3vq4g6oq0
time=2026-08-21T20:07:14.750+02:00 level=INFO msg="starting text extraction for asset" id=da3gdjmqbbt3vq4g6pf0 filename=da3gdjmqbbt3vq4g6pf0-histologie-ii-klausur-ws14-pdf
time=2026-08-21T20:07:14.755+02:00 level=INFO msg="text extraction completed successfully" id=da3gdjmqbbt3vq4g6pf0 text_length=281 engine=pdf-textlayer
time=2026-08-21T20:07:14.763+02:00 level=INFO msg="No subscribers to send message" pubsub_uuid=obcfQb5o43e7PBqYaPrjKR message_uuid=c30160b1-4297-4c31-aa26-98c0926ab4e8 topic=message.EventAssetOCRCompleted
time=2026-08-21T20:07:14.764+02:00 level=INFO msg="starting text extraction for asset" id=da3gdjmqbbt3vq4g6q50 filename=da3gdjmqbbt3vq4g6q50-histologie-ii-klausur-ws99-pdf
time=2026-08-21T20:07:14.787+02:00 level=INFO msg="text extraction completed successfully" id=da3gdjmqbbt3vq4g6q50 text_length=73734 engine=pdf-textlayer
time=2026-08-21T20:07:14.797+02:00 level=INFO msg="No subscribers to send message" pubsub_uuid=obcfQb5o43e7PBqYaPrjKR message_uuid=23dbab74-099f-4e5d-871b-31ce890fe3a6 topic=message.EventAssetOCRCompleted
time=2026-08-21T20:07:14.798+02:00 level=INFO msg="starting text extraction for asset" id=da3gdjmqbbt3vq4g6qs0 filename=da3gdjmqbbt3vq4g6qs0-klausur-neuroanatomie-ss2008-pdf
time=2026-08-21T20:07:14.803+02:00 level=INFO msg="text extraction completed successfully" id=da3gdjmqbbt3vq4g6qs0 text_length=6693 engine=pdf-textlayer
time=2026-08-21T20:07:14.807+02:00 level=INFO msg="No subscribers to send message" pubsub_uuid=obcfQb5o43e7PBqYaPrjKR topic=message.EventAssetOCRCompleted message_uuid=7c57cf36-a7f0-4206-9db2-0a91bc820970
time=2026-08-21T20:07:14.809+02:00 level=INFO msg="starting text extraction for asset" id=da3gdjmqbbt3vq4g6r30 filename=da3gdjmqbbt3vq4g6r30-klausur-neuroanatomie-ss2009-pdf
time=2026-08-21T20:07:14.813+02:00 level=INFO msg="text extraction completed successfully" id=da3gdjmqbbt3vq4g6r30 text_length=9334 engine=pdf-textlayer
time=2026-08-21T20:07:14.817+02:00 level=INFO msg="No subscribers to send message" pubsub_uuid=obcfQb5o43e7PBqYaPrjKR message_uuid=4594ad4d-f70f-4bb5-98b4-5aae0863b5c7 topic=message.EventAssetOCRCompleted
time=2026-08-21T20:07:14.822+02:00 level=INFO msg="starting text extraction for asset" id=da3gdjmqbbt3vq4g6rb0 filename=da3gdjmqbbt3vq4g6rb0-klausur-neuroanatomie-ss2010-pdf
time=2026-08-21T20:07:14.827+02:00 level=WARN msg="pdf text layer extraction failed, will try rasterisation fallback" error="not a PDF file: missing %%EOF"
time=2026-08-21T20:07:16.520+02:00 level=WARN msg="OCR engine unavailable, skipping asset" id=da3gdjmqbbt3vq4g6rb0
time=2026-08-21T20:07:16.543+02:00 level=INFO msg="starting text extraction for asset" id=da3gdjmqbbt3vq4g6rk0 filename=da3gdjmqbbt3vq4g6rk0-klausur-neuroanatomie-ss2011-bilder-pdf
time=2026-08-21T20:07:16.588+02:00 level=INFO msg="text extraction completed successfully" id=da3gdjmqbbt3vq4g6rk0 text_length=16110 engine=pdf-textlayer
time=2026-08-21T20:07:16.596+02:00 level=INFO msg="No subscribers to send message" pubsub_uuid=obcfQb5o43e7PBqYaPrjKR message_uuid=33796b8b-40d5-4654-a8da-34c0b7239f4d topic=message.EventAssetOCRCompleted
time=2026-08-21T20:07:16.602+02:00 level=INFO msg="starting text extraction for asset" id=da3gdjmqbbt3vq4g6ru0 filename=da3gdjmqbbt3vq4g6ru0-klausur-neuroanatomie-ss2012-pdf
time=2026-08-21T20:07:16.609+02:00 level=INFO msg="text extraction completed successfully" id=da3gdjmqbbt3vq4g6ru0 text_length=665 engine=pdf-textlayer
time=2026-08-21T20:07:16.614+02:00 level=INFO msg="No subscribers to send message" pubsub_uuid=obcfQb5o43e7PBqYaPrjKR message_uuid=9be0bcd7-e8d0-4899-a082-e0305d78147a topic=message.EventAssetOCRCompleted
time=2026-08-21T20:07:16.618+02:00 level=INFO msg="starting text extraction for asset" id=da3gdjmqbbt3vq4g6s90 filename=da3gdjmqbbt3vq4g6s90-klausur-neuroanatomie-ss2013-pdf
time=2026-08-21T20:07:16.623+02:00 level=WARN msg="pdf text layer extraction failed, will try rasterisation fallback" error="not a PDF file: missing %%EOF"
time=2026-08-21T20:07:18.118+02:00 level=WARN msg="OCR engine unavailable, skipping asset" id=da3gdjmqbbt3vq4g6s90
time=2026-08-21T20:07:18.142+02:00 level=INFO msg="starting text extraction for asset" id=da3gdjmqbbt3vq4g6sl0 filename=da3gdjmqbbt3vq4g6sl0-klausur-neuroanatomie-ss2014-pdf
time=2026-08-21T20:07:18.147+02:00 level=WARN msg="pdf text layer extraction failed, will try rasterisation fallback" error="not a PDF file: missing %%EOF"
time=2026-08-21T20:07:19.875+02:00 level=WARN msg="OCR engine unavailable, skipping asset" id=da3gdjmqbbt3vq4g6sl0
time=2026-08-21T20:07:19.901+02:00 level=INFO msg="starting text extraction for asset" id=da3gdjmqbbt3vq4g6t20 filename=da3gdjmqbbt3vq4g6t20-klausur-neuroanatomie-ss2015-pdf
time=2026-08-21T20:07:21.710+02:00 level=WARN msg="OCR engine unavailable, skipping asset" id=da3gdjmqbbt3vq4g6t20
time=2026-08-21T20:07:21.727+02:00 level=INFO msg="starting text extraction for asset" id=da3gdjmqbbt3vq4g6tg0 filename=da3gdjmqbbt3vq4g6tg0-phantom-1-klausurfragen-pdf-pdf
time=2026-08-21T20:07:21.763+02:00 level=INFO msg="text extraction completed successfully" id=da3gdjmqbbt3vq4g6tg0 text_length=14047 engine=pdf-textlayer
time=2026-08-21T20:07:21.771+02:00 level=INFO msg="No subscribers to send message" pubsub_uuid=obcfQb5o43e7PBqYaPrjKR message_uuid=5320278a-f382-4b81-baab-be91216822f4 topic=message.EventAssetOCRCompleted
time=2026-08-21T20:07:21.772+02:00 level=INFO msg="starting text extraction for asset" id=da3gdjmqbbt3vq4g6tn0 filename=da3gdjmqbbt3vq4g6tn0-phantom-i-klausur-ss14-pdf
time=2026-08-21T20:07:31.540+02:00 level=WARN msg="OCR engine unavailable, skipping asset" id=da3gdjmqbbt3vq4g6tn0
time=2026-08-21T20:07:31.550+02:00 level=INFO msg="starting text extraction for asset" id=da3gdjmqbbt3vq4g6tv0 filename=da3gdjmqbbt3vq4g6tv0-phantom-i-klausur-ss18-pdf
time=2026-08-21T20:07:31.558+02:00 level=INFO msg="text extraction completed successfully" id=da3gdjmqbbt3vq4g6tv0 text_length=12070 engine=pdf-textlayer
time=2026-08-21T20:07:31.562+02:00 level=INFO msg="No subscribers to send message" pubsub_uuid=obcfQb5o43e7PBqYaPrjKR message_uuid=b144a729-30a7-486c-968f-d1be5086dcfc topic=message.EventAssetOCRCompleted
time=2026-08-21T20:07:31.566+02:00 level=INFO msg="starting text extraction for asset" id=da3gdjmqbbt3vq4g6u80 filename=da3gdjmqbbt3vq4g6u80-phantom-i-klausur-ss19-wdh-pdf
time=2026-08-21T20:07:41.482+02:00 level=WARN msg="OCR engine unavailable, skipping asset" id=da3gdjmqbbt3vq4g6u80
time=2026-08-21T20:07:41.498+02:00 level=INFO msg="starting text extraction for asset" id=da3gdjuqbbt3vq4g6ui0 filename=da3gdjuqbbt3vq4g6ui0-phantom-i-klausur-ss19-pdf
time=2026-08-21T20:07:41.507+02:00 level=INFO msg="text extraction completed successfully" id=da3gdjuqbbt3vq4g6ui0 text_length=11943 engine=pdf-textlayer
time=2026-08-21T20:07:41.511+02:00 level=INFO msg="No subscribers to send message" pubsub_uuid=obcfQb5o43e7PBqYaPrjKR message_uuid=1bc9db42-f908-4d83-9b36-6044aee7cbdf topic=message.EventAssetOCRCompleted
time=2026-08-21T20:07:41.513+02:00 level=INFO msg="starting text extraction for asset" id=da3gdjuqbbt3vq4g6ut0 filename=da3gdjuqbbt3vq4g6ut0-phantom-i-klausur-ss21-leer-lösung-pdf
time=2026-08-21T20:07:41.552+02:00 level=INFO msg="text extraction completed successfully" id=da3gdjuqbbt3vq4g6ut0 text_length=20802 engine=pdf-textlayer
time=2026-08-21T20:07:41.558+02:00 level=INFO msg="No subscribers to send message" pubsub_uuid=obcfQb5o43e7PBqYaPrjKR message_uuid=52345828-26cb-4682-9e1c-7f45db055782 topic=message.EventAssetOCRCompleted
time=2026-08-21T20:07:41.561+02:00 level=INFO msg="starting text extraction for asset" id=da3gdjuqbbt3vq4g6v90 filename=da3gdjuqbbt3vq4g6v90-phantom-i-klausur-ss21-pdf
time=2026-08-21T20:07:44.336+02:00 level=WARN msg="OCR engine unavailable, skipping asset" id=da3gdjuqbbt3vq4g6v90
time=2026-08-21T20:07:44.360+02:00 level=INFO msg="starting text extraction for asset" id=da3gdjuqbbt3vq4g6vm0 filename=da3gdjuqbbt3vq4g6vm0-phantom-i-klausur-ws1314-leer-pdf
time=2026-08-21T20:07:44.368+02:00 level=INFO msg="text extraction completed successfully" id=da3gdjuqbbt3vq4g6vm0 text_length=7681 engine=pdf-textlayer
time=2026-08-21T20:07:44.372+02:00 level=INFO msg="No subscribers to send message" pubsub_uuid=obcfQb5o43e7PBqYaPrjKR message_uuid=1cf868a0-10e5-42bc-a8fc-4684ddae97b2 topic=message.EventAssetOCRCompleted
time=2026-08-21T20:07:44.374+02:00 level=INFO msg="starting text extraction for asset" id=da3gdjuqbbt3vq4g7040 filename=da3gdjuqbbt3vq4g7040-phantom-i-klausur-ws1314-pdf
time=2026-08-21T20:07:44.380+02:00 level=INFO msg="text extraction completed successfully" id=da3gdjuqbbt3vq4g7040 text_length=7617 engine=pdf-textlayer
time=2026-08-21T20:07:44.384+02:00 level=INFO msg="No subscribers to send message" pubsub_uuid=obcfQb5o43e7PBqYaPrjKR message_uuid=56dbb7ad-9b84-417e-87cd-160fef1a7ae4 topic=message.EventAssetOCRCompleted
time=2026-08-21T20:07:44.386+02:00 level=INFO msg="starting text extraction for asset" id=da3gdjuqbbt3vq4g70j0 filename=da3gdjuqbbt3vq4g70j0-phantom-i-klausur-ws1718-leer-pdf
time=2026-08-21T20:07:44.393+02:00 level=INFO msg="text extraction completed successfully" id=da3gdjuqbbt3vq4g70j0 text_length=8718 engine=pdf-textlayer
time=2026-08-21T20:07:44.396+02:00 level=INFO msg="No subscribers to send message" pubsub_uuid=obcfQb5o43e7PBqYaPrjKR topic=message.EventAssetOCRCompleted message_uuid=869ef1ef-019b-4671-8b6d-f5b05b799e14
time=2026-08-21T20:07:44.399+02:00 level=INFO msg="starting text extraction for asset" id=da3gdjuqbbt3vq4g7130 filename=da3gdjuqbbt3vq4g7130-phantom-i-klausur-ws1718-lösung-pdf
time=2026-08-21T20:07:44.407+02:00 level=INFO msg="text extraction completed successfully" id=da3gdjuqbbt3vq4g7130 text_length=9670 engine=pdf-textlayer
time=2026-08-21T20:07:44.411+02:00 level=INFO msg="No subscribers to send message" pubsub_uuid=obcfQb5o43e7PBqYaPrjKR message_uuid=a9ff7fd0-d96e-49b1-89bf-5791342780f5 topic=message.EventAssetOCRCompleted
time=2026-08-21T20:07:44.413+02:00 level=INFO msg="starting text extraction for asset" id=da3gdjuqbbt3vq4g71k0 filename=da3gdjuqbbt3vq4g71k0-phantom-i-klausur-ws2021-leer-lösung-pdf
time=2026-08-21T20:07:44.447+02:00 level=INFO msg="text extraction completed successfully" id=da3gdjuqbbt3vq4g71k0 text_length=17729 engine=pdf-textlayer
time=2026-08-21T20:07:44.454+02:00 level=INFO msg="No subscribers to send message" pubsub_uuid=obcfQb5o43e7PBqYaPrjKR message_uuid=a5822172-50a8-4731-9daf-ddf47e936df7 topic=message.EventAssetOCRCompleted
time=2026-08-21T20:07:44.466+02:00 level=INFO msg="starting text extraction for asset" id=da3gdjuqbbt3vq4g7260 filename=da3gdjuqbbt3vq4g7260-phantom-i-klausur-ws2021-pdf
time=2026-08-21T20:07:50.031+02:00 level=WARN msg="OCR engine unavailable, skipping asset" id=da3gdjuqbbt3vq4g7260
time=2026-08-21T20:07:50.056+02:00 level=INFO msg="starting text extraction for asset" id=da3gdjuqbbt3vq4g72p0 filename=da3gdjuqbbt3vq4g72p0-phantom-i-klausur-ws2122-pdf
time=2026-08-21T20:07:50.062+02:00 level=INFO msg="text extraction completed successfully" id=da3gdjuqbbt3vq4g72p0 text_length=1805 engine=pdf-textlayer
time=2026-08-21T20:07:50.066+02:00 level=INFO msg="No subscribers to send message" pubsub_uuid=obcfQb5o43e7PBqYaPrjKR message_uuid=d4953b75-f609-4f6c-9166-fbec9186b004 topic=message.EventAssetOCRCompleted
time=2026-08-21T20:07:50.073+02:00 level=INFO msg="starting text extraction for asset" id=da3gdjuqbbt3vq4g73d0 filename=da3gdjuqbbt3vq4g73d0-phantom-i-klausuren-1999-2005-pdf
time=2026-08-21T20:07:53.841+02:00 level=WARN msg="OCR engine unavailable, skipping asset" id=da3gdjuqbbt3vq4g73d0
time=2026-08-21T20:07:53.858+02:00 level=INFO msg="starting text extraction for asset" id=da3gdjuqbbt3vq4g7420 filename=da3gdjuqbbt3vq4g7420-phantom-i-skript-pdf
time=2026-08-21T20:07:53.867+02:00 level=INFO msg="text extraction completed successfully" id=da3gdjuqbbt3vq4g7420 text_length=24028 engine=pdf-textlayer
time=2026-08-21T20:07:53.872+02:00 level=INFO msg="No subscribers to send message" pubsub_uuid=obcfQb5o43e7PBqYaPrjKR message_uuid=83941122-9bc4-4a39-9baa-bc93b9428168 topic=message.EventAssetOCRCompleted
time=2026-08-21T20:07:53.879+02:00 level=INFO msg="starting text extraction for asset" id=da3gdjuqbbt3vq4g74o0 filename=da3gdjuqbbt3vq4g74o0-ph2-altfragen-brücken-etc-pdf
time=2026-08-21T20:07:53.887+02:00 level=INFO msg="text extraction completed successfully" id=da3gdjuqbbt3vq4g74o0 text_length=8701 engine=pdf-textlayer
time=2026-08-21T20:07:53.889+02:00 level=WARN msg="failed to process asset for text extraction" id=da3gdjuqbbt3vq4g74o0 error="ERROR: invalid byte sequence for encoding \"UTF8\": 0x00 (SQLSTATE 22021)"
time=2026-08-21T20:07:53.897+02:00 level=INFO msg="starting text extraction for asset" id=da3gdjuqbbt3vq4g75f0 filename=da3gdjuqbbt3vq4g75f0-ph2-altfragen-sonstige-pdf
time=2026-08-21T20:07:53.906+02:00 level=INFO msg="text extraction completed successfully" id=da3gdjuqbbt3vq4g75f0 text_length=13263 engine=pdf-textlayer
time=2026-08-21T20:07:53.909+02:00 level=WARN msg="failed to process asset for text extraction" id=da3gdjuqbbt3vq4g75f0 error="ERROR: invalid byte sequence for encoding \"UTF8\": 0x00 (SQLSTATE 22021)"
time=2026-08-21T20:07:53.914+02:00 level=INFO msg="starting text extraction for asset" id=da3gdjuqbbt3vq4g7670 filename=da3gdjuqbbt3vq4g7670-ph2-altfragen-teilprothesen-pdf
time=2026-08-21T20:07:53.927+02:00 level=INFO msg="text extraction completed successfully" id=da3gdjuqbbt3vq4g7670 text_length=13273 engine=pdf-textlayer
time=2026-08-21T20:07:53.930+02:00 level=WARN msg="failed to process asset for text extraction" id=da3gdjuqbbt3vq4g7670 error="ERROR: invalid byte sequence for encoding \"UTF8\": 0x00 (SQLSTATE 22021)"
time=2026-08-21T20:07:53.935+02:00 level=INFO msg="starting text extraction for asset" id=da3gdjuqbbt3vq4g7700 filename=da3gdjuqbbt3vq4g7700-ph2-altfragen-totale-pdf
time=2026-08-21T20:07:53.939+02:00 level=INFO msg="text extraction completed successfully" id=da3gdjuqbbt3vq4g7700 text_length=3510 engine=pdf-textlayer
time=2026-08-21T20:07:53.943+02:00 level=INFO msg="No subscribers to send message" pubsub_uuid=obcfQb5o43e7PBqYaPrjKR message_uuid=79c88311-fffb-4e22-88e7-1c60219e4bb9 topic=message.EventAssetOCRCompleted
time=2026-08-21T20:07:53.945+02:00 level=INFO msg="starting text extraction for asset" id=da3gdjuqbbt3vq4g77q0 filename=da3gdjuqbbt3vq4g77q0-phantom-ii-fragensammlung-mit-lösung-unvollständig-2016-pdf
time=2026-08-21T20:07:54.056+02:00 level=INFO msg="text extraction completed successfully" id=da3gdjuqbbt3vq4g77q0 text_length=44899 engine=pdf-textlayer
time=2026-08-21T20:07:54.064+02:00 level=INFO msg="No subscribers to send message" pubsub_uuid=obcfQb5o43e7PBqYaPrjKR topic=message.EventAssetOCRCompleted message_uuid=06884df5-64bb-4395-9635-040104449111
time=2026-08-21T20:07:54.066+02:00 level=INFO msg="starting text extraction for asset" id=da3gdjuqbbt3vq4g78l0 filename=da3gdjuqbbt3vq4g78l0-phantom-ii-klausur-2009-leer-pdf
time=2026-08-21T20:07:55.471+02:00 level=INFO msg="text extraction completed successfully" id=da3gdjuqbbt3vq4g78l0 text_length=12306 engine=pdf-textlayer-weak
time=2026-08-21T20:07:55.478+02:00 level=INFO msg="No subscribers to send message" pubsub_uuid=obcfQb5o43e7PBqYaPrjKR message_uuid=8b6553b2-3948-474c-8278-2cf57e99d8b9 topic=message.EventAssetOCRCompleted
time=2026-08-21T20:07:55.485+02:00 level=INFO msg="starting text extraction for asset" id=da3gdjuqbbt3vq4g79h0 filename=da3gdjuqbbt3vq4g79h0-phantom-ii-klausur-2009-pdf
time=2026-08-21T20:07:55.488+02:00 level=WARN msg="pdf text layer extraction failed, will try rasterisation fallback" error="not a PDF file: missing %%EOF"
time=2026-08-21T20:07:57.282+02:00 level=WARN msg="OCR engine unavailable, skipping asset" id=da3gdjuqbbt3vq4g79h0
time=2026-08-21T20:07:57.303+02:00 level=INFO msg="starting text extraction for asset" id=da3gdjuqbbt3vq4g7ae0 filename=da3gdjuqbbt3vq4g7ae0-phantom-ii-klausur-2013-2-pdf
time=2026-08-21T20:07:57.310+02:00 level=INFO msg="text extraction completed successfully" id=da3gdjuqbbt3vq4g7ae0 text_length=6238 engine=pdf-textlayer
time=2026-08-21T20:07:57.314+02:00 level=INFO msg="No subscribers to send message" pubsub_uuid=obcfQb5o43e7PBqYaPrjKR message_uuid=b0780afb-5833-4dd7-a4e4-22600ba291ca topic=message.EventAssetOCRCompleted
time=2026-08-21T20:07:57.315+02:00 level=INFO msg="starting text extraction for asset" id=da3gdjuqbbt3vq4g7bc0 filename=da3gdjuqbbt3vq4g7bc0-phantom-ii-klausur-2013-wdh-pdf
time=2026-08-21T20:07:57.324+02:00 level=INFO msg="text extraction completed successfully" id=da3gdjuqbbt3vq4g7bc0 text_length=12932 engine=pdf-textlayer
time=2026-08-21T20:07:57.329+02:00 level=INFO msg="No subscribers to send message" pubsub_uuid=obcfQb5o43e7PBqYaPrjKR message_uuid=4b78d46a-6a14-4a32-9177-81824886d0cf topic=message.EventAssetOCRCompleted
time=2026-08-21T20:07:57.330+02:00 level=INFO msg="starting text extraction for asset" id=da3gdjuqbbt3vq4g7cb0 filename=da3gdjuqbbt3vq4g7cb0-phantom-ii-klausur-2013-pdf
time=2026-08-21T20:07:57.337+02:00 level=INFO msg="text extraction completed successfully" id=da3gdjuqbbt3vq4g7cb0 text_length=11850 engine=pdf-textlayer
time=2026-08-21T20:07:57.341+02:00 level=INFO msg="No subscribers to send message" pubsub_uuid=obcfQb5o43e7PBqYaPrjKR message_uuid=882b4225-4514-4feb-836a-ad6b2771a291 topic=message.EventAssetOCRCompleted
time=2026-08-21T20:07:57.343+02:00 level=INFO msg="starting text extraction for asset" id=da3gdjuqbbt3vq4g7db0 filename=da3gdjuqbbt3vq4g7db0-phantom-ii-klausur-2014-pdf
time=2026-08-21T20:07:57.367+02:00 level=INFO msg="text extraction completed successfully" id=da3gdjuqbbt3vq4g7db0 text_length=16113 engine=pdf-textlayer
time=2026-08-21T20:07:57.372+02:00 level=INFO msg="No subscribers to send message" pubsub_uuid=obcfQb5o43e7PBqYaPrjKR message_uuid=30902c04-42f1-4864-89c7-fb3a4f0b7e75 topic=message.EventAssetOCRCompleted
time=2026-08-21T20:07:57.377+02:00 level=INFO msg="starting text extraction for asset" id=da3gdjuqbbt3vq4g7ec0 filename=da3gdjuqbbt3vq4g7ec0-phantom-ii-klausur-2015-pdf
time=2026-08-21T20:08:10.258+02:00 level=WARN msg="OCR engine unavailable, skipping asset" id=da3gdjuqbbt3vq4g7ec0
time=2026-08-21T20:08:10.282+02:00 level=INFO msg="starting text extraction for asset" id=da3gdjuqbbt3vq4g7fe0 filename=da3gdjuqbbt3vq4g7fe0-phantom-ii-klausur-2016-lösung-pdf
time=2026-08-21T20:08:10.290+02:00 level=INFO msg="text extraction completed successfully" id=da3gdjuqbbt3vq4g7fe0 text_length=17380 engine=pdf-textlayer
time=2026-08-21T20:08:10.294+02:00 level=INFO msg="No subscribers to send message" pubsub_uuid=obcfQb5o43e7PBqYaPrjKR message_uuid=e96c0089-a9d6-40ea-abcd-a5ef5be0fe1e topic=message.EventAssetOCRCompleted
time=2026-08-21T20:08:10.297+02:00 level=INFO msg="starting text extraction for asset" id=da3gdjuqbbt3vq4g7gh0 filename=da3gdjuqbbt3vq4g7gh0-phantom-ii-klausur-2016-pdf
time=2026-08-21T20:08:10.304+02:00 level=INFO msg="text extraction completed successfully" id=da3gdjuqbbt3vq4g7gh0 text_length=18874 engine=pdf-textlayer
time=2026-08-21T20:08:10.308+02:00 level=INFO msg="No subscribers to send message" pubsub_uuid=obcfQb5o43e7PBqYaPrjKR message_uuid=5a36e2c8-9aa8-4bf8-b384-f9a56488b87e topic=message.EventAssetOCRCompleted
time=2026-08-21T20:08:10.310+02:00 level=INFO msg="starting text extraction for asset" id=da3gdjuqbbt3vq4g7hl0 filename=da3gdjuqbbt3vq4g7hl0-phantom-ii-klausur-2020-pdf
time=2026-08-21T20:08:10.339+02:00 level=INFO msg="text extraction completed successfully" id=da3gdjuqbbt3vq4g7hl0 text_length=9520 engine=pdf-textlayer
time=2026-08-21T20:08:10.344+02:00 level=INFO msg="No subscribers to send message" pubsub_uuid=obcfQb5o43e7PBqYaPrjKR message_uuid=3b21348c-abbd-48a8-93c0-41ff6206aba9 topic=message.EventAssetOCRCompleted
time=2026-08-21T20:08:10.352+02:00 level=INFO msg="starting text extraction for asset" id=da3gdjuqbbt3vq4g7iq0 filename=da3gdjuqbbt3vq4g7iq0-phantom-ii-klausur-2021-leer-pdf
time=2026-08-21T20:08:10.496+02:00 level=INFO msg="text extraction completed successfully" id=da3gdjuqbbt3vq4g7iq0 text_length=86 engine=pdf-textlayer
time=2026-08-21T20:08:10.503+02:00 level=INFO msg="No subscribers to send message" pubsub_uuid=obcfQb5o43e7PBqYaPrjKR message_uuid=c44328f8-8591-466f-a8e9-eadbeed29a8e topic=message.EventAssetOCRCompleted
time=2026-08-21T20:08:10.506+02:00 level=INFO msg="starting text extraction for asset" id=da3gdjuqbbt3vq4g7k00 filename=da3gdjuqbbt3vq4g7k00-phantom-ii-klausur-2021-pdf
time=2026-08-21T20:08:14.903+02:00 level=WARN msg="OCR engine unavailable, skipping asset" id=da3gdjuqbbt3vq4g7k00
time=2026-08-21T20:08:14.919+02:00 level=INFO msg="starting text extraction for asset" id=da3gdjuqbbt3vq4g7l70 filename=da3gdjuqbbt3vq4g7l70-physik-klausur-ws19-pdf
time=2026-08-21T20:08:14.994+02:00 level=INFO msg="text extraction completed successfully" id=da3gdjuqbbt3vq4g7l70 text_length=14123 engine=pdf-textlayer
time=2026-08-21T20:08:15.001+02:00 level=INFO msg="No subscribers to send message" pubsub_uuid=obcfQb5o43e7PBqYaPrjKR message_uuid=ba901ae6-0296-464e-9386-9504d7948c8a topic=message.EventAssetOCRCompleted
time=2026-08-21T20:08:15.004+02:00 level=INFO msg="starting text extraction for asset" id=da3gdk6qbbt3vq4g7le0 filename=da3gdk6qbbt3vq4g7le0-physik-klausur-ws2021-pdf
time=2026-08-21T20:08:15.017+02:00 level=INFO msg="text extraction completed successfully" id=da3gdk6qbbt3vq4g7le0 text_length=11183 engine=pdf-textlayer
time=2026-08-21T20:08:15.023+02:00 level=INFO msg="No subscribers to send message" pubsub_uuid=obcfQb5o43e7PBqYaPrjKR message_uuid=fc0e225d-7435-4a87-aa40-8e2870626d67 topic=message.EventAssetOCRCompleted
time=2026-08-21T20:08:15.029+02:00 level=INFO msg="starting text extraction for asset" id=da3gdk6qbbt3vq4g7lm0 filename=da3gdk6qbbt3vq4g7lm0-physik-klausur-ws2122-pdf
time=2026-08-21T20:08:15.941+02:00 level=WARN msg="OCR engine unavailable, skipping asset" id=da3gdk6qbbt3vq4g7lm0
time=2026-08-21T20:08:15.948+02:00 level=INFO msg="starting text extraction for asset" id=da3gdk6qbbt3vq4g7lv0 filename=da3gdk6qbbt3vq4g7lv0-physikum-vorlage-pdf
time=2026-08-21T20:08:16.714+02:00 level=INFO msg="text extraction completed successfully" id=da3gdk6qbbt3vq4g7lv0 text_length=10345 engine=pdf-textlayer-weak
time=2026-08-21T20:08:16.719+02:00 level=INFO msg="No subscribers to send message" pubsub_uuid=obcfQb5o43e7PBqYaPrjKR message_uuid=68f727a6-4320-4927-af35-58222642d6be topic=message.EventAssetOCRCompleted
time=2026-08-21T20:08:16.774+02:00 level=INFO msg="starting text extraction for asset" id=da3gdk6qbbt3vq4g7m90 filename=da3gdk6qbbt3vq4g7m90-physikum-ss10-pdf
time=2026-08-21T20:08:16.780+02:00 level=WARN msg="pdf text layer extraction failed, will try rasterisation fallback" error="not a PDF file: missing %%EOF"
time=2026-08-21T20:08:21.976+02:00 level=WARN msg="OCR engine unavailable, skipping asset" id=da3gdk6qbbt3vq4g7m90
time=2026-08-21T20:08:22.020+02:00 level=INFO msg="starting text extraction for asset" id=da3gdk6qbbt3vq4g7mk0 filename=da3gdk6qbbt3vq4g7mk0-physikum-ss11-pdf
time=2026-08-21T20:08:22.026+02:00 level=WARN msg="pdf text layer extraction failed, will try rasterisation fallback" error="not a PDF file: missing %%EOF"
time=2026-08-21T20:08:25.013+02:00 level=WARN msg="OCR engine unavailable, skipping asset" id=da3gdk6qbbt3vq4g7mk0
time=2026-08-21T20:08:25.067+02:00 level=INFO msg="starting text extraction for asset" id=da3gdk6qbbt3vq4g7n00 filename=da3gdk6qbbt3vq4g7n00-physikum-ss12-pdf
time=2026-08-21T20:08:25.072+02:00 level=WARN msg="pdf text layer extraction failed, will try rasterisation fallback" error="not a PDF file: missing %%EOF"
time=2026-08-21T20:08:28.637+02:00 level=WARN msg="OCR engine unavailable, skipping asset" id=da3gdk6qbbt3vq4g7n00
time=2026-08-21T20:08:28.698+02:00 level=INFO msg="starting text extraction for asset" id=da3gdk6qbbt3vq4g7nd0 filename=da3gdk6qbbt3vq4g7nd0-physikum-ss14-pdf
time=2026-08-21T20:08:32.904+02:00 level=WARN msg="OCR engine unavailable, skipping asset" id=da3gdk6qbbt3vq4g7nd0
time=2026-08-21T20:08:33.000+02:00 level=INFO msg="starting text extraction for asset" id=da3gdk6qbbt3vq4g7nr0 filename=da3gdk6qbbt3vq4g7nr0-physikum-ss15-pdf
time=2026-08-21T20:08:36.892+02:00 level=WARN msg="OCR engine unavailable, skipping asset" id=da3gdk6qbbt3vq4g7nr0
time=2026-08-21T20:08:36.922+02:00 level=INFO msg="starting text extraction for asset" id=da3gdk6qbbt3vq4g7oa0 filename=da3gdk6qbbt3vq4g7oa0-physikum-ss16-pdf
time=2026-08-21T20:08:48.216+02:00 level=WARN msg="OCR engine unavailable, skipping asset" id=da3gdk6qbbt3vq4g7oa0
time=2026-08-21T20:08:48.264+02:00 level=INFO msg="starting text extraction for asset" id=da3gdk6qbbt3vq4g7oq0 filename=da3gdk6qbbt3vq4g7oq0-physikum-ss17-pdf
time=2026-08-21T20:08:53.543+02:00 level=WARN msg="OCR engine unavailable, skipping asset" id=da3gdk6qbbt3vq4g7oq0
time=2026-08-21T20:08:53.579+02:00 level=INFO msg="starting text extraction for asset" id=da3gdk6qbbt3vq4g7pb0 filename=da3gdk6qbbt3vq4g7pb0-physikum-ss18-pdf
time=2026-08-21T20:08:58.793+02:00 level=WARN msg="OCR engine unavailable, skipping asset" id=da3gdk6qbbt3vq4g7pb0
time=2026-08-21T20:08:58.845+02:00 level=INFO msg="starting text extraction for asset" id=da3gdk6qbbt3vq4g7pt0 filename=da3gdk6qbbt3vq4g7pt0-physikum-ws10_11-pdf
time=2026-08-21T20:08:58.849+02:00 level=WARN msg="pdf text layer extraction failed, will try rasterisation fallback" error="not a PDF file: missing %%EOF"
time=2026-08-21T20:09:02.325+02:00 level=WARN msg="OCR engine unavailable, skipping asset" id=da3gdk6qbbt3vq4g7pt0
time=2026-08-21T20:09:02.413+02:00 level=INFO msg="starting text extraction for asset" id=da3gdk6qbbt3vq4g7qg0 filename=da3gdk6qbbt3vq4g7qg0-physikum-ws11_12-pdf
time=2026-08-21T20:09:02.419+02:00 level=WARN msg="pdf text layer extraction failed, will try rasterisation fallback" error="not a PDF file: missing %%EOF"
time=2026-08-21T20:09:05.434+02:00 level=WARN msg="OCR engine unavailable, skipping asset" id=da3gdk6qbbt3vq4g7qg0
time=2026-08-21T20:09:05.488+02:00 level=INFO msg="starting text extraction for asset" id=da3gdk6qbbt3vq4g7r40 filename=da3gdk6qbbt3vq4g7r40-physikum-ws13_14-pdf
time=2026-08-21T20:09:11.749+02:00 level=WARN msg="OCR engine unavailable, skipping asset" id=da3gdk6qbbt3vq4g7r40
time=2026-08-21T20:09:11.786+02:00 level=INFO msg="starting text extraction for asset" id=da3gdkeqbbt3vq4g7rp0 filename=da3gdkeqbbt3vq4g7rp0-physikum-ws14_15-pdf
time=2026-08-21T20:09:16.294+02:00 level=WARN msg="OCR engine unavailable, skipping asset" id=da3gdkeqbbt3vq4g7rp0
time=2026-08-21T20:09:16.328+02:00 level=INFO msg="starting text extraction for asset" id=da3gdkeqbbt3vq4g7sf0 filename=da3gdkeqbbt3vq4g7sf0-physikum-ws15_16-pdf
time=2026-08-21T20:09:21.037+02:00 level=WARN msg="OCR engine unavailable, skipping asset" id=da3gdkeqbbt3vq4g7sf0
time=2026-08-21T20:09:21.072+02:00 level=INFO msg="starting text extraction for asset" id=da3gdkeqbbt3vq4g7t60 filename=da3gdkeqbbt3vq4g7t60-physikum-ws16_17-pdf
time=2026-08-21T20:09:25.851+02:00 level=WARN msg="OCR engine unavailable, skipping asset" id=da3gdkeqbbt3vq4g7t60
time=2026-08-21T20:09:25.914+02:00 level=INFO msg="starting text extraction for asset" id=da3gdkeqbbt3vq4g7tu0 filename=da3gdkeqbbt3vq4g7tu0-physikum-ws17_18-pdf
time=2026-08-21T20:09:31.041+02:00 level=WARN msg="OCR engine unavailable, skipping asset" id=da3gdkeqbbt3vq4g7tu0
time=2026-08-21T20:09:31.117+02:00 level=INFO msg="starting text extraction for asset" id=da3gdkeqbbt3vq4g8ah0 filename=da3gdkeqbbt3vq4g8ah0-physiologie-klausur-2005-07-06-pdf
time=2026-08-21T20:09:31.124+02:00 level=INFO msg="text extraction completed successfully" id=da3gdkeqbbt3vq4g8ah0 text_length=15338 engine=pdf-textlayer
time=2026-08-21T20:09:31.128+02:00 level=INFO msg="No subscribers to send message" pubsub_uuid=obcfQb5o43e7PBqYaPrjKR message_uuid=b1d70d0f-00f1-44c5-81c1-75f8ad1b14fb topic=message.EventAssetOCRCompleted
time=2026-08-21T20:09:31.132+02:00 level=INFO msg="starting text extraction for asset" id=da3gdkeqbbt3vq4g8ap0 filename=da3gdkeqbbt3vq4g8ap0-physiologie-klausur-2005-15-04-pdf
time=2026-08-21T20:09:31.138+02:00 level=INFO msg="text extraction completed successfully" id=da3gdkeqbbt3vq4g8ap0 text_length=10931 engine=pdf-textlayer
time=2026-08-21T20:09:31.142+02:00 level=INFO msg="No subscribers to send message" pubsub_uuid=obcfQb5o43e7PBqYaPrjKR message_uuid=3e2511a6-67c1-4b66-97cf-4a037b669354 topic=message.EventAssetOCRCompleted
time=2026-08-21T20:09:31.181+02:00 level=INFO msg="starting text extraction for asset" id=da3gdkeqbbt3vq4g8b20 filename=da3gdkeqbbt3vq4g8b20-physiologie-klausur-2007-21-05-pdf
time=2026-08-21T20:09:41.820+02:00 level=WARN msg="OCR engine unavailable, skipping asset" id=da3gdkeqbbt3vq4g8b20
time=2026-08-21T20:09:41.852+02:00 level=INFO msg="starting text extraction for asset" id=da3gdkeqbbt3vq4g8bc0 filename=da3gdkeqbbt3vq4g8bc0-physiologie-klausur-2008-02-06-pdf
time=2026-08-21T20:09:41.861+02:00 level=INFO msg="text extraction completed successfully" id=da3gdkeqbbt3vq4g8bc0 text_length=20776 engine=pdf-textlayer
time=2026-08-21T20:09:41.866+02:00 level=INFO msg="No subscribers to send message" pubsub_uuid=obcfQb5o43e7PBqYaPrjKR message_uuid=60de233c-3f4f-48ff-ac97-f28b06c226b5 topic=message.EventAssetOCRCompleted
time=2026-08-21T20:09:41.937+02:00 level=INFO msg="starting text extraction for asset" id=da3gdkeqbbt3vq4g8bn0 filename=da3gdkeqbbt3vq4g8bn0-physiologie-klausur-2008-05-02-pdf
time=2026-08-21T20:09:51.284+02:00 level=WARN msg="OCR engine unavailable, skipping asset" id=da3gdkeqbbt3vq4g8bn0
time=2026-08-21T20:09:51.333+02:00 level=INFO msg="starting text extraction for asset" id=da3gdkmqbbt3vq4g8c30 filename=da3gdkmqbbt3vq4g8c30-physiologie-klausur-2008-14-04-pdf
time=2026-08-21T20:10:10.791+02:00 level=WARN msg="OCR engine unavailable, skipping asset" id=da3gdkmqbbt3vq4g8c30
time=2026-08-21T20:10:10.833+02:00 level=INFO msg="starting text extraction for asset" id=da3gdkmqbbt3vq4g8cg0 filename=da3gdkmqbbt3vq4g8cg0-physiologie-klausur-2008-16-04-pdf
time=2026-08-21T20:10:30.021+02:00 level=WARN msg="OCR engine unavailable, skipping asset" id=da3gdkmqbbt3vq4g8cg0
time=2026-08-21T20:10:30.050+02:00 level=INFO msg="starting text extraction for asset" id=da3gdkmqbbt3vq4g8cu0 filename=da3gdkmqbbt3vq4g8cu0-physiologie-klausur-2009-04-02-pdf
time=2026-08-21T20:10:30.063+02:00 level=INFO msg="text extraction completed successfully" id=da3gdkmqbbt3vq4g8cu0 text_length=349 engine=pdf-textlayer
time=2026-08-21T20:10:30.067+02:00 level=INFO msg="No subscribers to send message" pubsub_uuid=obcfQb5o43e7PBqYaPrjKR message_uuid=92dc4d7e-e69c-4a31-88ce-f9bd7d9e7b2f topic=message.EventAssetOCRCompleted
time=2026-08-21T20:10:30.090+02:00 level=INFO msg="starting text extraction for asset" id=da3gdkmqbbt3vq4g8dd0 filename=da3gdkmqbbt3vq4g8dd0-physiologie-klausur-2009-09-04-pdf
time=2026-08-21T20:10:47.358+02:00 level=WARN msg="OCR engine unavailable, skipping asset" id=da3gdkmqbbt3vq4g8dd0
time=2026-08-21T20:10:47.383+02:00 level=INFO msg="starting text extraction for asset" id=da3gdkmqbbt3vq4g8dt0 filename=da3gdkmqbbt3vq4g8dt0-physiologie-klausur-2010-16-04-pdf
time=2026-08-21T20:11:07.387+02:00 level=ERROR msg="text extraction exceeded time budget, abandoning asset to bound memory use" id=da3gdkmqbbt3vq4g8dt0 filename=da3gdkmqbbt3vq4g8dt0-physiologie-klausur-2010-16-04-pdf timeout=20s
extracted text from 113 assets
one asset exceeded its extraction time budget and was skipped; stopping this run to release its memory. Re-run --phase ocr to continue.
time=2026-08-21T20:11:07.395+02:00 level=INFO msg="configured plugin runtime provider" provider=local
time=2026-08-21T20:11:07.395+02:00 level=INFO msg="configured plugin runtime server url" server_url=http://localhost:8000
=== run 8 Fri Aug 21 20:11:07     2026 ===
time=2026-08-21T20:11:09.760+02:00 level=INFO msg="starting text extraction for asset" id=da3gdkmqbbt3vq4g8ee0 filename=da3gdkmqbbt3vq4g8ee0-physiologie-klausur-2011-26-04-pdf
time=2026-08-21T20:11:09.831+02:00 level=WARN msg="pdf text layer extraction failed, will try rasterisation fallback" error="not a PDF file: missing %%EOF"
time=2026-08-21T20:11:26.935+02:00 level=WARN msg="OCR engine unavailable, skipping asset" id=da3gdkmqbbt3vq4g8ee0
time=2026-08-21T20:11:26.965+02:00 level=INFO msg="starting text extraction for asset" id=da3gdkmqbbt3vq4g8f00 filename=da3gdkmqbbt3vq4g8f00-physiologie-klausur-2011-30-05-pdf
time=2026-08-21T20:11:41.475+02:00 level=WARN msg="OCR engine unavailable, skipping asset" id=da3gdkmqbbt3vq4g8f00
time=2026-08-21T20:11:41.503+02:00 level=INFO msg="starting text extraction for asset" id=da3gdkmqbbt3vq4g8fj0 filename=da3gdkmqbbt3vq4g8fj0-physiologie-klausur-2012-07-02-pdf
time=2026-08-21T20:12:01.508+02:00 level=ERROR msg="text extraction exceeded time budget, abandoning asset to bound memory use" id=da3gdkmqbbt3vq4g8fj0 filename=da3gdkmqbbt3vq4g8fj0-physiologie-klausur-2012-07-02-pdf timeout=20s
extracted text from 2 assets
one asset exceeded its extraction time budget and was skipped; stopping this run to release its memory. Re-run --phase ocr to continue.
time=2026-08-21T20:12:01.517+02:00 level=INFO msg="configured plugin runtime provider" provider=local
time=2026-08-21T20:12:01.517+02:00 level=INFO msg="configured plugin runtime server url" server_url=http://localhost:8000
=== run 9 Fri Aug 21 20:12:01     2026 ===
time=2026-08-21T20:12:03.812+02:00 level=INFO msg="starting text extraction for asset" id=da3gdkmqbbt3vq4g8g70 filename=da3gdkmqbbt3vq4g8g70-physiologie-klausur-2012-11-06-unvollständig-pdf
time=2026-08-21T20:12:18.167+02:00 level=WARN msg="OCR engine unavailable, skipping asset" id=da3gdkmqbbt3vq4g8g70
time=2026-08-21T20:12:18.200+02:00 level=INFO msg="starting text extraction for asset" id=da3gdkmqbbt3vq4g8gs0 filename=da3gdkmqbbt3vq4g8gs0-physiologie-klausur-2012-16-04-pdf
time=2026-08-21T20:12:35.650+02:00 level=WARN msg="OCR engine unavailable, skipping asset" id=da3gdkmqbbt3vq4g8gs0
time=2026-08-21T20:12:35.684+02:00 level=INFO msg="starting text extraction for asset" id=da3gdkmqbbt3vq4g8hi0 filename=da3gdkmqbbt3vq4g8hi0-physiologie-klausur-2013-07-02-pdf
time=2026-08-21T20:12:38.494+02:00 level=WARN msg="OCR engine unavailable, skipping asset" id=da3gdkmqbbt3vq4g8hi0
time=2026-08-21T20:12:38.501+02:00 level=WARN msg="skipping OCR processing because file exceeds size limit" id=da3gdkmqbbt3vq4g8i90 size=185433892
time=2026-08-21T20:12:38.547+02:00 level=INFO msg="starting text extraction for asset" id=da3gdkmqbbt3vq4g8j10 filename=da3gdkmqbbt3vq4g8j10-physiologie-klausur-2014-09-04-pdf
time=2026-08-21T20:12:46.523+02:00 level=WARN msg="OCR engine unavailable, skipping asset" id=da3gdkmqbbt3vq4g8j10
time=2026-08-21T20:12:46.573+02:00 level=INFO msg="starting text extraction for asset" id=da3gdkuqbbt3vq4g8jq0 filename=da3gdkuqbbt3vq4g8jq0-physiologie-klausur-2015-01-pdf
time=2026-08-21T20:13:01.422+02:00 level=WARN msg="OCR engine unavailable, skipping asset" id=da3gdkuqbbt3vq4g8jq0
time=2026-08-21T20:13:01.451+02:00 level=INFO msg="starting text extraction for asset" id=da3gdkuqbbt3vq4g8kk0 filename=da3gdkuqbbt3vq4g8kk0-physiologie-klausur-2015-04-pdf
time=2026-08-21T20:13:01.456+02:00 level=WARN msg="pdf text layer extraction failed, will try rasterisation fallback" error="not a PDF file: invalid header"
time=2026-08-21T20:13:20.848+02:00 level=WARN msg="OCR engine unavailable, skipping asset" id=da3gdkuqbbt3vq4g8kk0
time=2026-08-21T20:13:20.865+02:00 level=INFO msg="starting text extraction for asset" id=da3gdkuqbbt3vq4g8lf0 filename=da3gdkuqbbt3vq4g8lf0-physiologie-klausur-2022-pdf
time=2026-08-21T20:13:20.882+02:00 level=INFO msg="text extraction completed successfully" id=da3gdkuqbbt3vq4g8lf0 text_length=23971 engine=pdf-textlayer
time=2026-08-21T20:13:20.889+02:00 level=INFO msg="No subscribers to send message" pubsub_uuid=CCHu4et5bUmKGWZk9pfgTo message_uuid=e8828d48-5b3a-459b-9c69-8f173c6120eb topic=message.EventAssetOCRCompleted
time=2026-08-21T20:13:20.925+02:00 level=INFO msg="starting text extraction for asset" id=da3gdkuqbbt3vq4g8mb0 filename=da3gdkuqbbt3vq4g8mb0-physiologie-klausuren-1999-2005-pdf
time=2026-08-21T20:13:23.225+02:00 level=WARN msg="OCR engine unavailable, skipping asset" id=da3gdkuqbbt3vq4g8mb0
time=2026-08-21T20:13:23.293+02:00 level=INFO msg="starting text extraction for asset" id=da3gdkuqbbt3vq4g8n80 filename=da3gdkuqbbt3vq4g8n80-physiologie-altklausursammlung-pdf
time=2026-08-21T20:13:23.428+02:00 level=INFO msg="text extraction completed successfully" id=da3gdkuqbbt3vq4g8n80 text_length=200000 engine=pdf-textlayer
time=2026-08-21T20:13:23.446+02:00 level=INFO msg="No subscribers to send message" pubsub_uuid=CCHu4et5bUmKGWZk9pfgTo message_uuid=28536ce0-3540-4b39-b9ac-40168d8c3283 topic=message.EventAssetOCRCompleted
time=2026-08-21T20:13:23.448+02:00 level=INFO msg="starting text extraction for asset" id=da3gdkuqbbt3vq4g8o60 filename=da3gdkuqbbt3vq4g8o60-tpk-klausur-ss2011-pdf
time=2026-08-21T20:13:23.454+02:00 level=INFO msg="text extraction completed successfully" id=da3gdkuqbbt3vq4g8o60 text_length=10347 engine=pdf-textlayer
time=2026-08-21T20:13:23.459+02:00 level=INFO msg="No subscribers to send message" pubsub_uuid=CCHu4et5bUmKGWZk9pfgTo message_uuid=0108c9cc-aaff-4164-a7af-500b03606d49 topic=message.EventAssetOCRCompleted
time=2026-08-21T20:13:23.465+02:00 level=INFO msg="starting text extraction for asset" id=da3gdkuqbbt3vq4g8od0 filename=da3gdkuqbbt3vq4g8od0-tpk-klausur-ss2012-loesung-pdf
time=2026-08-21T20:13:23.470+02:00 level=WARN msg="pdf text layer extraction failed, will try rasterisation fallback" error="not a PDF file: missing %%EOF"
time=2026-08-21T20:13:31.317+02:00 level=WARN msg="OCR engine unavailable, skipping asset" id=da3gdkuqbbt3vq4g8od0
time=2026-08-21T20:13:31.332+02:00 level=INFO msg="starting text extraction for asset" id=da3gdkuqbbt3vq4g8ol0 filename=da3gdkuqbbt3vq4g8ol0-tpk-klausur-ss2012-pdf
time=2026-08-21T20:13:31.340+02:00 level=INFO msg="text extraction completed successfully" id=da3gdkuqbbt3vq4g8ol0 text_length=9004 engine=pdf-textlayer
time=2026-08-21T20:13:31.344+02:00 level=INFO msg="No subscribers to send message" pubsub_uuid=CCHu4et5bUmKGWZk9pfgTo message_uuid=9f66b32b-5b91-4077-855d-c915158d3b01 topic=message.EventAssetOCRCompleted
time=2026-08-21T20:13:31.347+02:00 level=INFO msg="starting text extraction for asset" id=da3gdkuqbbt3vq4g8ou0 filename=da3gdkuqbbt3vq4g8ou0-tpk-klausur-ss2013-pdf
time=2026-08-21T20:13:39.589+02:00 level=WARN msg="OCR engine unavailable, skipping asset" id=da3gdkuqbbt3vq4g8ou0
time=2026-08-21T20:13:39.614+02:00 level=INFO msg="starting text extraction for asset" id=da3gdkuqbbt3vq4g8p80 filename=da3gdkuqbbt3vq4g8p80-tpk-klausur-ss2015-pdf
time=2026-08-21T20:13:45.594+02:00 level=WARN msg="OCR engine unavailable, skipping asset" id=da3gdkuqbbt3vq4g8p80
time=2026-08-21T20:13:45.620+02:00 level=INFO msg="starting text extraction for asset" id=da3gdkuqbbt3vq4g8pj0 filename=da3gdkuqbbt3vq4g8pj0-tpk-klausur-ws1718-lösung-pdf
time=2026-08-21T20:13:45.652+02:00 level=INFO msg="text extraction completed successfully" id=da3gdkuqbbt3vq4g8pj0 text_length=1350 engine=pdf-textlayer
time=2026-08-21T20:13:45.657+02:00 level=INFO msg="No subscribers to send message" pubsub_uuid=CCHu4et5bUmKGWZk9pfgTo message_uuid=e9abbf4b-75da-4eb5-a26e-167c6c9fcef7 topic=message.EventAssetOCRCompleted
time=2026-08-21T20:13:45.674+02:00 level=INFO msg="starting text extraction for asset" id=da3gdkuqbbt3vq4g8pv0 filename=da3gdkuqbbt3vq4g8pv0-tpk-klausur-ws1718-pdf
time=2026-08-21T20:13:54.151+02:00 level=WARN msg="OCR engine unavailable, skipping asset" id=da3gdkuqbbt3vq4g8pv0
time=2026-08-21T20:13:54.168+02:00 level=INFO msg="starting text extraction for asset" id=da3gdkuqbbt3vq4g8qc0 filename=da3gdkuqbbt3vq4g8qc0-tpk-klausur-ws2012-pdf
time=2026-08-21T20:14:10.379+02:00 level=WARN msg="OCR engine unavailable, skipping asset" id=da3gdkuqbbt3vq4g8qc0
time=2026-08-21T20:14:10.396+02:00 level=INFO msg="starting text extraction for asset" id=da3gdkuqbbt3vq4g8qq0 filename=da3gdkuqbbt3vq4g8qq0-tpk-klausur-ws2013-pdf
time=2026-08-21T20:14:20.228+02:00 level=WARN msg="OCR engine unavailable, skipping asset" id=da3gdkuqbbt3vq4g8qq0
time=2026-08-21T20:14:20.245+02:00 level=INFO msg="starting text extraction for asset" id=da3gdkuqbbt3vq4g8r90 filename=da3gdkuqbbt3vq4g8r90-tpk-klausur-ws2021-pdf
time=2026-08-21T20:14:20.267+02:00 level=INFO msg="text extraction completed successfully" id=da3gdkuqbbt3vq4g8r90 text_length=5954 engine=pdf-textlayer
time=2026-08-21T20:14:20.273+02:00 level=INFO msg="No subscribers to send message" pubsub_uuid=CCHu4et5bUmKGWZk9pfgTo message_uuid=edebe380-a5f3-4a8f-b99e-284738ecd893 topic=message.EventAssetOCRCompleted
time=2026-08-21T20:14:20.282+02:00 level=INFO msg="starting text extraction for asset" id=da3gdkuqbbt3vq4g8sa0 filename=da3gdkuqbbt3vq4g8sa0-2005-ss-pdf
time=2026-08-21T20:14:20.286+02:00 level=WARN msg="pdf text layer extraction failed, will try rasterisation fallback" error="not a PDF file: missing %%EOF"
time=2026-08-21T20:14:21.541+02:00 level=WARN msg="OCR engine unavailable, skipping asset" id=da3gdkuqbbt3vq4g8sa0
time=2026-08-21T20:14:21.560+02:00 level=INFO msg="starting text extraction for asset" id=da3gdkuqbbt3vq4g8sh0 filename=da3gdkuqbbt3vq4g8sh0-2013-ws-pdf
time=2026-08-21T20:14:25.177+02:00 level=WARN msg="OCR engine unavailable, skipping asset" id=da3gdkuqbbt3vq4g8sh0
time=2026-08-21T20:14:25.216+02:00 level=INFO msg="starting text extraction for asset" id=da3gdkuqbbt3vq4g8sp0 filename=da3gdkuqbbt3vq4g8sp0-2015-ss-pdf
time=2026-08-21T20:14:37.522+02:00 level=WARN msg="OCR engine unavailable, skipping asset" id=da3gdkuqbbt3vq4g8sp0
time=2026-08-21T20:14:37.531+02:00 level=INFO msg="starting text extraction for asset" id=da3gdkuqbbt3vq4g8t20 filename=da3gdkuqbbt3vq4g8t20-2017_-pdf
time=2026-08-21T20:14:37.534+02:00 level=WARN msg="pdf text layer extraction failed, will try rasterisation fallback" error="not a PDF file: missing %%EOF"
time=2026-08-21T20:14:38.471+02:00 level=WARN msg="OCR engine unavailable, skipping asset" id=da3gdkuqbbt3vq4g8t20
time=2026-08-21T20:14:38.491+02:00 level=INFO msg="starting text extraction for asset" id=da3gdkuqbbt3vq4g8tc0 filename=da3gdkuqbbt3vq4g8tc0-2022-ws-pdf
time=2026-08-21T20:14:38.500+02:00 level=INFO msg="text extraction completed successfully" id=da3gdkuqbbt3vq4g8tc0 text_length=9139 engine=pdf-textlayer
time=2026-08-21T20:14:38.504+02:00 level=INFO msg="No subscribers to send message" pubsub_uuid=CCHu4et5bUmKGWZk9pfgTo message_uuid=23d16dd3-7d0d-4a53-a5bb-22fc15c3b030 topic=message.EventAssetOCRCompleted
time=2026-08-21T20:14:38.506+02:00 level=INFO msg="starting text extraction for asset" id=da3gdkuqbbt3vq4g8tn0 filename=da3gdkuqbbt3vq4g8tn0-vorphysikum-vorlage-pdf
time=2026-08-21T20:14:39.159+02:00 level=INFO msg="text extraction completed successfully" id=da3gdkuqbbt3vq4g8tn0 text_length=11571 engine=pdf-textlayer-weak
time=2026-08-21T20:14:39.172+02:00 level=INFO msg="No subscribers to send message" pubsub_uuid=CCHu4et5bUmKGWZk9pfgTo message_uuid=5d2a9b7b-0882-46e3-8198-36aac1b937a7 topic=message.EventAssetOCRCompleted
time=2026-08-21T20:14:39.187+02:00 level=INFO msg="starting text extraction for asset" id=da3gdkuqbbt3vq4g8ut0 filename=da3gdkuqbbt3vq4g8ut0-vorphysikum-ss10-pdf
time=2026-08-21T20:14:39.192+02:00 level=WARN msg="pdf text layer extraction failed, will try rasterisation fallback" error="not a PDF file: missing %%EOF"
time=2026-08-21T20:14:42.465+02:00 level=WARN msg="OCR engine unavailable, skipping asset" id=da3gdkuqbbt3vq4g8ut0
time=2026-08-21T20:14:42.495+02:00 level=INFO msg="starting text extraction for asset" id=da3gdl6qbbt3vq4g9040 filename=da3gdl6qbbt3vq4g9040-vorphysikum-ss11-pdf
time=2026-08-21T20:14:42.499+02:00 level=WARN msg="pdf text layer extraction failed, will try rasterisation fallback" error="not a PDF file: missing %%EOF"
time=2026-08-21T20:14:45.657+02:00 level=WARN msg="OCR engine unavailable, skipping asset" id=da3gdl6qbbt3vq4g9040
time=2026-08-21T20:14:45.711+02:00 level=INFO msg="starting text extraction for asset" id=da3gdl6qbbt3vq4g91c0 filename=da3gdl6qbbt3vq4g91c0-vorphysikum-ss14-pdf
time=2026-08-21T20:14:48.918+02:00 level=WARN msg="OCR engine unavailable, skipping asset" id=da3gdl6qbbt3vq4g91c0
time=2026-08-21T20:14:48.977+02:00 level=INFO msg="starting text extraction for asset" id=da3gdl6qbbt3vq4g92l0 filename=da3gdl6qbbt3vq4g92l0-vorphysikum-ss15-pdf
time=2026-08-21T20:14:54.377+02:00 level=WARN msg="OCR engine unavailable, skipping asset" id=da3gdl6qbbt3vq4g92l0
time=2026-08-21T20:14:54.435+02:00 level=INFO msg="starting text extraction for asset" id=da3gdl6qbbt3vq4g93v0 filename=da3gdl6qbbt3vq4g93v0-vorphysikum-ss16-pdf
time=2026-08-21T20:15:00.978+02:00 level=WARN msg="OCR engine unavailable, skipping asset" id=da3gdl6qbbt3vq4g93v0
time=2026-08-21T20:15:01.019+02:00 level=INFO msg="starting text extraction for asset" id=da3gdl6qbbt3vq4g95a0 filename=da3gdl6qbbt3vq4g95a0-vorphysikum-ss17-pdf
time=2026-08-21T20:15:05.917+02:00 level=WARN msg="OCR engine unavailable, skipping asset" id=da3gdl6qbbt3vq4g95a0
time=2026-08-21T20:15:05.953+02:00 level=INFO msg="starting text extraction for asset" id=da3gdl6qbbt3vq4g96m0 filename=da3gdl6qbbt3vq4g96m0-vorphysikum-ss18-pdf
time=2026-08-21T20:15:10.628+02:00 level=WARN msg="OCR engine unavailable, skipping asset" id=da3gdl6qbbt3vq4g96m0
time=2026-08-21T20:15:10.653+02:00 level=INFO msg="starting text extraction for asset" id=da3gdl6qbbt3vq4g9830 filename=da3gdl6qbbt3vq4g9830-vorphysikum-ws10_11-pdf
time=2026-08-21T20:15:10.657+02:00 level=WARN msg="pdf text layer extraction failed, will try rasterisation fallback" error="not a PDF file: missing %%EOF"
time=2026-08-21T20:15:14.077+02:00 level=WARN msg="OCR engine unavailable, skipping asset" id=da3gdl6qbbt3vq4g9830
time=2026-08-21T20:15:14.106+02:00 level=INFO msg="starting text extraction for asset" id=da3gdl6qbbt3vq4g99h0 filename=da3gdl6qbbt3vq4g99h0-vorphysikum-ws11_12-pdf
time=2026-08-21T20:15:14.110+02:00 level=WARN msg="pdf text layer extraction failed, will try rasterisation fallback" error="not a PDF file: missing %%EOF"
time=2026-08-21T20:15:17.096+02:00 level=WARN msg="OCR engine unavailable, skipping asset" id=da3gdl6qbbt3vq4g99h0
time=2026-08-21T20:15:17.167+02:00 level=INFO msg="starting text extraction for asset" id=da3gdl6qbbt3vq4g9b00 filename=da3gdl6qbbt3vq4g9b00-vorphysikum-ws13_14-pdf
time=2026-08-21T20:15:28.285+02:00 level=WARN msg="OCR engine unavailable, skipping asset" id=da3gdl6qbbt3vq4g9b00
time=2026-08-21T20:15:28.403+02:00 level=INFO msg="starting text extraction for asset" id=da3gdl6qbbt3vq4g9cg0 filename=da3gdl6qbbt3vq4g9cg0-vorphysikum-ws14_15-pdf
time=2026-08-21T20:15:42.297+02:00 level=WARN msg="OCR engine unavailable, skipping asset" id=da3gdl6qbbt3vq4g9cg0
time=2026-08-21T20:15:42.348+02:00 level=INFO msg="starting text extraction for asset" id=da3gdl6qbbt3vq4g9e10 filename=da3gdl6qbbt3vq4g9e10-vorphysikum-ws15_16-pdf
time=2026-08-21T20:15:47.565+02:00 level=WARN msg="OCR engine unavailable, skipping asset" id=da3gdl6qbbt3vq4g9e10
time=2026-08-21T20:15:47.606+02:00 level=INFO msg="starting text extraction for asset" id=da3gdl6qbbt3vq4g9fj0 filename=da3gdl6qbbt3vq4g9fj0-vorphysikum-ws16_17-pdf
time=2026-08-21T20:15:52.240+02:00 level=WARN msg="OCR engine unavailable, skipping asset" id=da3gdl6qbbt3vq4g9fj0
time=2026-08-21T20:15:52.276+02:00 level=INFO msg="starting text extraction for asset" id=da3gdl6qbbt3vq4g9h60 filename=da3gdl6qbbt3vq4g9h60-vorphysikum-ws17_18-pdf
time=2026-08-21T20:15:57.253+02:00 level=WARN msg="OCR engine unavailable, skipping asset" id=da3gdl6qbbt3vq4g9h60
time=2026-08-21T20:15:57.275+02:00 level=INFO msg="starting text extraction for asset" id=da3gdl6qbbt3vq4g9iq0 filename=da3gdl6qbbt3vq4g9iq0-wsk-klausur-metalle-ss10-pdf
time=2026-08-21T20:15:58.160+02:00 level=INFO msg="text extraction completed successfully" id=da3gdl6qbbt3vq4g9iq0 text_length=6284 engine=pdf-textlayer-weak
time=2026-08-21T20:15:58.172+02:00 level=INFO msg="No subscribers to send message" pubsub_uuid=CCHu4et5bUmKGWZk9pfgTo topic=message.EventAssetOCRCompleted message_uuid=d16d099b-3e62-4197-8568-e21408aa596a
time=2026-08-21T20:15:58.183+02:00 level=INFO msg="starting text extraction for asset" id=da3gdleqbbt3vq4g9j10 filename=da3gdleqbbt3vq4g9j10-wsk-klausur-metalle-ws1617-pdf
time=2026-08-21T20:15:58.190+02:00 level=INFO msg="text extraction completed successfully" id=da3gdleqbbt3vq4g9j10 text_length=6549 engine=pdf-textlayer
time=2026-08-21T20:15:58.194+02:00 level=INFO msg="No subscribers to send message" pubsub_uuid=CCHu4et5bUmKGWZk9pfgTo message_uuid=c085a95e-b2d5-47ee-af09-5eeffadd83d2 topic=message.EventAssetOCRCompleted
time=2026-08-21T20:15:58.196+02:00 level=INFO msg="starting text extraction for asset" id=da3gdleqbbt3vq4g9j90 filename=da3gdleqbbt3vq4g9j90-screenshot-107-png
time=2026-08-21T20:15:58.199+02:00 level=WARN msg="OCR engine unavailable, skipping asset" id=da3gdleqbbt3vq4g9j90
time=2026-08-21T20:15:58.204+02:00 level=INFO msg="starting text extraction for asset" id=da3gdleqbbt3vq4g9ji0 filename=da3gdleqbbt3vq4g9ji0-screenshot-108-png
time=2026-08-21T20:15:58.207+02:00 level=WARN msg="OCR engine unavailable, skipping asset" id=da3gdleqbbt3vq4g9ji0
time=2026-08-21T20:15:58.212+02:00 level=INFO msg="starting text extraction for asset" id=da3gdleqbbt3vq4g9js0 filename=da3gdleqbbt3vq4g9js0-screenshot-109-png
time=2026-08-21T20:15:58.215+02:00 level=WARN msg="OCR engine unavailable, skipping asset" id=da3gdleqbbt3vq4g9js0
time=2026-08-21T20:15:58.220+02:00 level=INFO msg="starting text extraction for asset" id=da3gdleqbbt3vq4g9k70 filename=da3gdleqbbt3vq4g9k70-screenshot-110-png
time=2026-08-21T20:15:58.223+02:00 level=WARN msg="OCR engine unavailable, skipping asset" id=da3gdleqbbt3vq4g9k70
time=2026-08-21T20:15:58.227+02:00 level=INFO msg="starting text extraction for asset" id=da3gdleqbbt3vq4g9kj0 filename=da3gdleqbbt3vq4g9kj0-screenshot-111-png
time=2026-08-21T20:15:58.231+02:00 level=WARN msg="OCR engine unavailable, skipping asset" id=da3gdleqbbt3vq4g9kj0
time=2026-08-21T20:15:58.236+02:00 level=INFO msg="starting text extraction for asset" id=da3gdleqbbt3vq4g9l00 filename=da3gdleqbbt3vq4g9l00-screenshot-112-png
time=2026-08-21T20:15:58.239+02:00 level=WARN msg="OCR engine unavailable, skipping asset" id=da3gdleqbbt3vq4g9l00
time=2026-08-21T20:15:58.244+02:00 level=INFO msg="starting text extraction for asset" id=da3gdleqbbt3vq4g9le0 filename=da3gdleqbbt3vq4g9le0-screenshot-113-png
time=2026-08-21T20:15:58.247+02:00 level=WARN msg="OCR engine unavailable, skipping asset" id=da3gdleqbbt3vq4g9le0
time=2026-08-21T20:15:58.253+02:00 level=INFO msg="starting text extraction for asset" id=da3gdleqbbt3vq4g9lt0 filename=da3gdleqbbt3vq4g9lt0-screenshot-114-png
time=2026-08-21T20:15:58.255+02:00 level=WARN msg="OCR engine unavailable, skipping asset" id=da3gdleqbbt3vq4g9lt0
time=2026-08-21T20:15:58.260+02:00 level=INFO msg="starting text extraction for asset" id=da3gdleqbbt3vq4g9md0 filename=da3gdleqbbt3vq4g9md0-screenshot-115-png
time=2026-08-21T20:15:58.264+02:00 level=WARN msg="OCR engine unavailable, skipping asset" id=da3gdleqbbt3vq4g9md0
time=2026-08-21T20:15:58.269+02:00 level=INFO msg="starting text extraction for asset" id=da3gdleqbbt3vq4g9mu0 filename=da3gdleqbbt3vq4g9mu0-screenshot-116-png
time=2026-08-21T20:15:58.272+02:00 level=WARN msg="OCR engine unavailable, skipping asset" id=da3gdleqbbt3vq4g9mu0
time=2026-08-21T20:15:58.277+02:00 level=INFO msg="starting text extraction for asset" id=da3gdleqbbt3vq4g9ng0 filename=da3gdleqbbt3vq4g9ng0-screenshot-117-png
time=2026-08-21T20:15:58.280+02:00 level=WARN msg="OCR engine unavailable, skipping asset" id=da3gdleqbbt3vq4g9ng0
time=2026-08-21T20:15:58.285+02:00 level=INFO msg="starting text extraction for asset" id=da3gdleqbbt3vq4g9o30 filename=da3gdleqbbt3vq4g9o30-screenshot-118-png
time=2026-08-21T20:15:58.288+02:00 level=WARN msg="OCR engine unavailable, skipping asset" id=da3gdleqbbt3vq4g9o30
time=2026-08-21T20:15:58.292+02:00 level=INFO msg="starting text extraction for asset" id=da3gdleqbbt3vq4g9on0 filename=da3gdleqbbt3vq4g9on0-screenshot-119-png
time=2026-08-21T20:15:58.295+02:00 level=WARN msg="OCR engine unavailable, skipping asset" id=da3gdleqbbt3vq4g9on0
time=2026-08-21T20:15:58.300+02:00 level=INFO msg="starting text extraction for asset" id=da3gdleqbbt3vq4g9pc0 filename=da3gdleqbbt3vq4g9pc0-screenshot-120-png
time=2026-08-21T20:15:58.303+02:00 level=WARN msg="OCR engine unavailable, skipping asset" id=da3gdleqbbt3vq4g9pc0
time=2026-08-21T20:15:58.309+02:00 level=INFO msg="starting text extraction for asset" id=da3gdleqbbt3vq4g9q20 filename=da3gdleqbbt3vq4g9q20-screenshot-121-png
time=2026-08-21T20:15:58.311+02:00 level=WARN msg="OCR engine unavailable, skipping asset" id=da3gdleqbbt3vq4g9q20
time=2026-08-21T20:15:58.316+02:00 level=INFO msg="starting text extraction for asset" id=da3gdleqbbt3vq4g9qp0 filename=da3gdleqbbt3vq4g9qp0-screenshot-122-png
time=2026-08-21T20:15:58.319+02:00 level=WARN msg="OCR engine unavailable, skipping asset" id=da3gdleqbbt3vq4g9qp0
time=2026-08-21T20:15:58.324+02:00 level=INFO msg="starting text extraction for asset" id=da3gdleqbbt3vq4g9rh0 filename=da3gdleqbbt3vq4g9rh0-screenshot-123-png
time=2026-08-21T20:15:58.327+02:00 level=WARN msg="OCR engine unavailable, skipping asset" id=da3gdleqbbt3vq4g9rh0
time=2026-08-21T20:15:58.331+02:00 level=INFO msg="starting text extraction for asset" id=da3gdleqbbt3vq4g9sa0 filename=da3gdleqbbt3vq4g9sa0-screenshot-124-png
time=2026-08-21T20:15:58.335+02:00 level=WARN msg="OCR engine unavailable, skipping asset" id=da3gdleqbbt3vq4g9sa0
time=2026-08-21T20:15:58.340+02:00 level=INFO msg="starting text extraction for asset" id=da3gdleqbbt3vq4g9t40 filename=da3gdleqbbt3vq4g9t40-screenshot-125-png
time=2026-08-21T20:15:58.343+02:00 level=WARN msg="OCR engine unavailable, skipping asset" id=da3gdleqbbt3vq4g9t40
time=2026-08-21T20:15:58.348+02:00 level=INFO msg="starting text extraction for asset" id=da3gdleqbbt3vq4g9tv0 filename=da3gdleqbbt3vq4g9tv0-screenshot-126-png
time=2026-08-21T20:15:58.352+02:00 level=WARN msg="OCR engine unavailable, skipping asset" id=da3gdleqbbt3vq4g9tv0
time=2026-08-21T20:15:58.357+02:00 level=INFO msg="starting text extraction for asset" id=da3gdleqbbt3vq4g9ur0 filename=da3gdleqbbt3vq4g9ur0-screenshot-127-png
time=2026-08-21T20:15:58.360+02:00 level=WARN msg="OCR engine unavailable, skipping asset" id=da3gdleqbbt3vq4g9ur0
time=2026-08-21T20:15:58.365+02:00 level=INFO msg="starting text extraction for asset" id=da3gdleqbbt3vq4g9vo0 filename=da3gdleqbbt3vq4g9vo0-screenshot-128-png
time=2026-08-21T20:15:58.367+02:00 level=WARN msg="OCR engine unavailable, skipping asset" id=da3gdleqbbt3vq4g9vo0
time=2026-08-21T20:15:58.373+02:00 level=INFO msg="starting text extraction for asset" id=da3gdleqbbt3vq4ga0m0 filename=da3gdleqbbt3vq4ga0m0-screenshot-129-png
time=2026-08-21T20:15:58.376+02:00 level=WARN msg="OCR engine unavailable, skipping asset" id=da3gdleqbbt3vq4ga0m0
time=2026-08-21T20:15:58.380+02:00 level=INFO msg="starting text extraction for asset" id=da3gdleqbbt3vq4ga1l0 filename=da3gdleqbbt3vq4ga1l0-screenshot-130-png
time=2026-08-21T20:15:58.383+02:00 level=WARN msg="OCR engine unavailable, skipping asset" id=da3gdleqbbt3vq4ga1l0
time=2026-08-21T20:15:58.388+02:00 level=INFO msg="starting text extraction for asset" id=da3gdleqbbt3vq4ga2l0 filename=da3gdleqbbt3vq4ga2l0-screenshot-131-png
time=2026-08-21T20:15:58.391+02:00 level=WARN msg="OCR engine unavailable, skipping asset" id=da3gdleqbbt3vq4ga2l0
time=2026-08-21T20:15:58.396+02:00 level=INFO msg="starting text extraction for asset" id=da3gdleqbbt3vq4ga3m0 filename=da3gdleqbbt3vq4ga3m0-screenshot-132-png
time=2026-08-21T20:15:58.399+02:00 level=WARN msg="OCR engine unavailable, skipping asset" id=da3gdleqbbt3vq4ga3m0
time=2026-08-21T20:15:58.404+02:00 level=INFO msg="starting text extraction for asset" id=da3gdleqbbt3vq4ga4o0 filename=da3gdleqbbt3vq4ga4o0-screenshot-133-png
time=2026-08-21T20:15:58.407+02:00 level=WARN msg="OCR engine unavailable, skipping asset" id=da3gdleqbbt3vq4ga4o0
time=2026-08-21T20:15:58.413+02:00 level=INFO msg="starting text extraction for asset" id=da3gdleqbbt3vq4ga5r0 filename=da3gdleqbbt3vq4ga5r0-screenshot-134-png
time=2026-08-21T20:15:58.416+02:00 level=WARN msg="OCR engine unavailable, skipping asset" id=da3gdleqbbt3vq4ga5r0
time=2026-08-21T20:15:58.421+02:00 level=INFO msg="starting text extraction for asset" id=da3gdleqbbt3vq4ga6v0 filename=da3gdleqbbt3vq4ga6v0-screenshot-135-png
time=2026-08-21T20:15:58.425+02:00 level=WARN msg="OCR engine unavailable, skipping asset" id=da3gdleqbbt3vq4ga6v0
time=2026-08-21T20:15:58.429+02:00 level=INFO msg="starting text extraction for asset" id=da3gdleqbbt3vq4ga840 filename=da3gdleqbbt3vq4ga840-screenshot-136-png
time=2026-08-21T20:15:58.433+02:00 level=WARN msg="OCR engine unavailable, skipping asset" id=da3gdleqbbt3vq4ga840
time=2026-08-21T20:15:58.437+02:00 level=INFO msg="starting text extraction for asset" id=da3gdleqbbt3vq4ga9a0 filename=da3gdleqbbt3vq4ga9a0-wsk-metalle-fragensammlung-pdf
time=2026-08-21T20:15:58.459+02:00 level=INFO msg="text extraction completed successfully" id=da3gdleqbbt3vq4ga9a0 text_length=47211 engine=pdf-textlayer
time=2026-08-21T20:15:58.465+02:00 level=INFO msg="No subscribers to send message" pubsub_uuid=CCHu4et5bUmKGWZk9pfgTo message_uuid=e8f3c1db-ca55-4433-ba2e-b89a09cba190 topic=message.EventAssetOCRCompleted
time=2026-08-21T20:15:58.467+02:00 level=INFO msg="starting text extraction for asset" id=da3gdleqbbt3vq4gaah0 filename=da3gdleqbbt3vq4gaah0-wsk-klausur-nm-ergänzung-2017-pdf
time=2026-08-21T20:15:58.471+02:00 level=INFO msg="text extraction completed successfully" id=da3gdleqbbt3vq4gaah0 text_length=1918 engine=pdf-textlayer
time=2026-08-21T20:15:58.474+02:00 level=INFO msg="No subscribers to send message" pubsub_uuid=CCHu4et5bUmKGWZk9pfgTo topic=message.EventAssetOCRCompleted message_uuid=d9c2ebe3-b5f3-43d1-9884-db3cf2ba7f16
time=2026-08-21T20:15:58.476+02:00 level=INFO msg="starting text extraction for asset" id=da3gdlmqbbt3vq4gabp0 filename=da3gdlmqbbt3vq4gabp0-wsk-klausur-nm-ws0607-pdf
time=2026-08-21T20:15:58.483+02:00 level=INFO msg="text extraction completed successfully" id=da3gdlmqbbt3vq4gabp0 text_length=12134 engine=pdf-textlayer
time=2026-08-21T20:15:58.487+02:00 level=INFO msg="No subscribers to send message" pubsub_uuid=CCHu4et5bUmKGWZk9pfgTo message_uuid=52637afd-9b82-42fc-b348-7b8e51b07f4e topic=message.EventAssetOCRCompleted
time=2026-08-21T20:15:58.489+02:00 level=INFO msg="starting text extraction for asset" id=da3gdlmqbbt3vq4gad20 filename=da3gdlmqbbt3vq4gad20-wsk-klausur-nm-ws1213-pdf
time=2026-08-21T20:15:58.523+02:00 level=INFO msg="text extraction completed successfully" id=da3gdlmqbbt3vq4gad20 text_length=13759 engine=pdf-textlayer
time=2026-08-21T20:15:58.532+02:00 level=INFO msg="No subscribers to send message" pubsub_uuid=CCHu4et5bUmKGWZk9pfgTo message_uuid=5829bd7c-0fd4-4d74-8ac8-281c5a7aefd2 topic=message.EventAssetOCRCompleted
time=2026-08-21T20:15:58.533+02:00 level=INFO msg="starting text extraction for asset" id=da3gdlmqbbt3vq4gaec0 filename=da3gdlmqbbt3vq4gaec0-wsk-klausur-nm-ws1314-pdf
time=2026-08-21T20:15:58.574+02:00 level=INFO msg="text extraction completed successfully" id=da3gdlmqbbt3vq4gaec0 text_length=15260 engine=pdf-textlayer
time=2026-08-21T20:15:58.581+02:00 level=INFO msg="No subscribers to send message" pubsub_uuid=CCHu4et5bUmKGWZk9pfgTo message_uuid=08d4d528-0180-4f4b-9c3d-adf1b4777c00 topic=message.EventAssetOCRCompleted
time=2026-08-21T20:15:58.583+02:00 level=INFO msg="starting text extraction for asset" id=da3gdlmqbbt3vq4gafn0 filename=da3gdlmqbbt3vq4gafn0-wsk-klausur-nm-ws1920-jpg
time=2026-08-21T20:15:58.586+02:00 level=WARN msg="OCR engine unavailable, skipping asset" id=da3gdlmqbbt3vq4gafn0
time=2026-08-21T20:15:58.591+02:00 level=INFO msg="starting text extraction for asset" id=da3gdlmqbbt3vq4gah30 filename=da3gdlmqbbt3vq4gah30-wsk-klausur-nm-ws2021-pdf
time=2026-08-21T20:15:58.623+02:00 level=INFO msg="text extraction completed successfully" id=da3gdlmqbbt3vq4gah30 text_length=8770 engine=pdf-textlayer
time=2026-08-21T20:15:58.628+02:00 level=INFO msg="No subscribers to send message" pubsub_uuid=CCHu4et5bUmKGWZk9pfgTo message_uuid=fec579dc-7855-4197-9527-4164d7449325 topic=message.EventAssetOCRCompleted
time=2026-08-21T20:15:58.629+02:00 level=INFO msg="starting text extraction for asset" id=da3gdlmqbbt3vq4gaig0 filename=da3gdlmqbbt3vq4gaig0-wsk-klausur-nm-ws2122-pdf
time=2026-08-21T20:15:58.654+02:00 level=INFO msg="text extraction completed successfully" id=da3gdlmqbbt3vq4gaig0 text_length=10152 engine=pdf-textlayer
time=2026-08-21T20:15:58.660+02:00 level=INFO msg="No subscribers to send message" pubsub_uuid=CCHu4et5bUmKGWZk9pfgTo message_uuid=f8b09674-e45e-4d64-a013-5a052d93767a topic=message.EventAssetOCRCompleted
time=2026-08-21T20:15:58.663+02:00 level=INFO msg="starting text extraction for asset" id=da3gdlmqbbt3vq4gaju0 filename=da3gdlmqbbt3vq4gaju0-wsk-altfragen-nm-pdf
time=2026-08-21T20:15:58.687+02:00 level=INFO msg="text extraction completed successfully" id=da3gdlmqbbt3vq4gaju0 text_length=34561 engine=pdf-textlayer
time=2026-08-21T20:15:58.693+02:00 level=INFO msg="No subscribers to send message" pubsub_uuid=CCHu4et5bUmKGWZk9pfgTo message_uuid=d369b03b-45e1-4233-b02e-e8bf391f95ea topic=message.EventAssetOCRCompleted
time=2026-08-21T20:15:58.703+02:00 level=INFO msg="starting text extraction for asset" id=da3gdlmqbbt3vq4gald0 filename=da3gdlmqbbt3vq4gald0-wsk-altfragen-pdf
time=2026-08-21T20:15:58.720+02:00 level=INFO msg="text extraction completed successfully" id=da3gdlmqbbt3vq4gald0 text_length=19686 engine=pdf-textlayer
time=2026-08-21T20:15:58.722+02:00 level=WARN msg="failed to process asset for text extraction" id=da3gdlmqbbt3vq4gald0 error="ERROR: invalid byte sequence for encoding \"UTF8\": 0x00 (SQLSTATE 22021)"
time=2026-08-21T20:15:58.724+02:00 level=INFO msg="starting text extraction for asset" id=da3gdlmqbbt3vq4gamt0 filename=da3gdlmqbbt3vq4gamt0-wsk-nm-zusammenfassung-pdf
time=2026-08-21T20:15:58.764+02:00 level=INFO msg="text extraction completed successfully" id=da3gdlmqbbt3vq4gamt0 text_length=33624 engine=pdf-textlayer
time=2026-08-21T20:15:58.774+02:00 level=INFO msg="No subscribers to send message" pubsub_uuid=CCHu4et5bUmKGWZk9pfgTo message_uuid=019f733a-31d8-4fb3-aae8-20da278a96f9 topic=message.EventAssetOCRCompleted
time=2026-08-21T20:15:58.778+02:00 level=INFO msg="starting text extraction for asset" id=da3gdlmqbbt3vq4gaoe0 filename=da3gdlmqbbt3vq4gaoe0-keramik-pdf
time=2026-08-21T20:15:58.791+02:00 level=INFO msg="text extraction completed successfully" id=da3gdlmqbbt3vq4gaoe0 text_length=8985 engine=pdf-textlayer
time=2026-08-21T20:15:58.795+02:00 level=INFO msg="No subscribers to send message" pubsub_uuid=CCHu4et5bUmKGWZk9pfgTo message_uuid=498d2fc3-0095-4bdf-a6de-e1c22c8d765d topic=message.EventAssetOCRCompleted
time=2026-08-21T20:15:58.797+02:00 level=INFO msg="starting text extraction for asset" id=da3gdlmqbbt3vq4gaq00 filename=da3gdlmqbbt3vq4gaq00-prothesenkunststoffe-pdf
time=2026-08-21T20:15:58.806+02:00 level=INFO msg="text extraction completed successfully" id=da3gdlmqbbt3vq4gaq00 text_length=7062 engine=pdf-textlayer
time=2026-08-21T20:15:58.811+02:00 level=INFO msg="No subscribers to send message" pubsub_uuid=CCHu4et5bUmKGWZk9pfgTo message_uuid=2313204d-320e-409f-b4d7-d95d6734727b topic=message.EventAssetOCRCompleted
time=2026-08-21T20:15:58.813+02:00 level=INFO msg="starting text extraction for asset" id=da3gdlmqbbt3vq4garj0 filename=da3gdlmqbbt3vq4garj0-referat-abformmaterialien-mit-schwerpunkt-pdf
time=2026-08-21T20:15:58.826+02:00 level=INFO msg="text extraction completed successfully" id=da3gdlmqbbt3vq4garj0 text_length=6978 engine=pdf-textlayer
time=2026-08-21T20:15:58.831+02:00 level=INFO msg="No subscribers to send message" pubsub_uuid=CCHu4et5bUmKGWZk9pfgTo message_uuid=7a5a314c-e80a-4750-ad9c-ca418ea4111b topic=message.EventAssetOCRCompleted
time=2026-08-21T20:15:58.832+02:00 level=INFO msg="starting text extraction for asset" id=da3gdlmqbbt3vq4gat70 filename=da3gdlmqbbt3vq4gat70-referat-abformmaterialien-pdf
time=2026-08-21T20:15:58.847+02:00 level=INFO msg="text extraction completed successfully" id=da3gdlmqbbt3vq4gat70 text_length=7664 engine=pdf-textlayer
time=2026-08-21T20:15:58.852+02:00 level=INFO msg="No subscribers to send message" pubsub_uuid=CCHu4et5bUmKGWZk9pfgTo message_uuid=0d430acb-70bc-4db9-9f29-3fa3d35941ab topic=message.EventAssetOCRCompleted
time=2026-08-21T20:15:58.853+02:00 level=INFO msg="starting text extraction for asset" id=da3gdlmqbbt3vq4gaus0 filename=da3gdlmqbbt3vq4gaus0-referat-amalgame-pdf
time=2026-08-21T20:15:58.859+02:00 level=INFO msg="text extraction completed successfully" id=da3gdlmqbbt3vq4gaus0 text_length=2980 engine=pdf-textlayer
time=2026-08-21T20:15:58.862+02:00 level=INFO msg="No subscribers to send message" pubsub_uuid=CCHu4et5bUmKGWZk9pfgTo message_uuid=adad4702-3fd9-4bcd-8778-1ed747a05f21 topic=message.EventAssetOCRCompleted
time=2026-08-21T20:15:58.864+02:00 level=INFO msg="starting text extraction for asset" id=da3gdlmqbbt3vq4gb0i0 filename=da3gdlmqbbt3vq4gb0i0-referat-ebm-pdf
time=2026-08-21T20:15:58.870+02:00 level=INFO msg="text extraction completed successfully" id=da3gdlmqbbt3vq4gb0i0 text_length=5027 engine=pdf-textlayer
time=2026-08-21T20:15:58.873+02:00 level=INFO msg="No subscribers to send message" pubsub_uuid=CCHu4et5bUmKGWZk9pfgTo topic=message.EventAssetOCRCompleted message_uuid=5352248f-f9a0-47bf-b3ce-0145b8c79a34
time=2026-08-21T20:15:58.876+02:00 level=INFO msg="starting text extraction for asset" id=da3gdlmqbbt3vq4gb290 filename=da3gdlmqbbt3vq4gb290-referat-em-und-nem-pdf
time=2026-08-21T20:15:58.888+02:00 level=INFO msg="text extraction completed successfully" id=da3gdlmqbbt3vq4gb290 text_length=10064 engine=pdf-textlayer
time=2026-08-21T20:15:58.893+02:00 level=INFO msg="No subscribers to send message" pubsub_uuid=CCHu4et5bUmKGWZk9pfgTo message_uuid=f04de7a2-c104-41cd-ad4e-5e7ae407ccb9 topic=message.EventAssetOCRCompleted
time=2026-08-21T20:15:58.895+02:00 level=INFO msg="starting text extraction for asset" id=da3gdlmqbbt3vq4gb410 filename=da3gdlmqbbt3vq4gb410-referat-gips-pdf
time=2026-08-21T20:15:58.911+02:00 level=INFO msg="text extraction completed successfully" id=da3gdlmqbbt3vq4gb410 text_length=7576 engine=pdf-textlayer
time=2026-08-21T20:15:58.915+02:00 level=INFO msg="No subscribers to send message" pubsub_uuid=CCHu4et5bUmKGWZk9pfgTo message_uuid=04da9f83-a6a4-4381-8df2-671ef68af3fd topic=message.EventAssetOCRCompleted
time=2026-08-21T20:15:58.917+02:00 level=INFO msg="starting text extraction for asset" id=da3gdlmqbbt3vq4gb5q0 filename=da3gdlmqbbt3vq4gb5q0-referat-verbund-metall-kunststoff-pdf
time=2026-08-21T20:15:58.921+02:00 level=INFO msg="text extraction completed successfully" id=da3gdlmqbbt3vq4gb5q0 text_length=2519 engine=pdf-textlayer
time=2026-08-21T20:15:58.925+02:00 level=INFO msg="No subscribers to send message" pubsub_uuid=CCHu4et5bUmKGWZk9pfgTo message_uuid=9bda38a1-86a4-4cae-9e2d-4976c15cc526 topic=message.EventAssetOCRCompleted
time=2026-08-21T20:15:58.927+02:00 level=INFO msg="starting text extraction for asset" id=da3gdlmqbbt3vq4gb7k0 filename=da3gdlmqbbt3vq4gb7k0-referat-werkstoffprüfung-pdf
time=2026-08-21T20:15:58.932+02:00 level=INFO msg="text extraction completed successfully" id=da3gdlmqbbt3vq4gb7k0 text_length=3685 engine=pdf-textlayer
time=2026-08-21T20:15:58.936+02:00 level=INFO msg="No subscribers to send message" pubsub_uuid=CCHu4et5bUmKGWZk9pfgTo message_uuid=72022312-ab26-4aae-b40d-b63b771f0316 topic=message.EventAssetOCRCompleted
time=2026-08-21T20:15:58.937+02:00 level=INFO msg="starting text extraction for asset" id=da3gdlmqbbt3vq4gb9f0 filename=da3gdlmqbbt3vq4gb9f0-verblendkunststoffe-pdf
time=2026-08-21T20:15:58.951+02:00 level=INFO msg="text extraction completed successfully" id=da3gdlmqbbt3vq4gb9f0 text_length=8090 engine=pdf-textlayer
time=2026-08-21T20:15:58.956+02:00 level=INFO msg="No subscribers to send message" pubsub_uuid=CCHu4et5bUmKGWZk9pfgTo message_uuid=7c23469f-87b2-445b-ab74-d05f7c34a48b topic=message.EventAssetOCRCompleted
time=2026-08-21T20:15:58.957+02:00 level=INFO msg="starting text extraction for asset" id=da3gdlmqbbt3vq4gbbb0 filename=da3gdlmqbbt3vq4gbbb0-verblendungen-im-vergleich-pdf
time=2026-08-21T20:15:58.964+02:00 level=INFO msg="text extraction completed successfully" id=da3gdlmqbbt3vq4gbbb0 text_length=3586 engine=pdf-textlayer
time=2026-08-21T20:15:58.967+02:00 level=INFO msg="No subscribers to send message" pubsub_uuid=CCHu4et5bUmKGWZk9pfgTo message_uuid=a9c5250f-f6bb-4f93-a5f1-f40137db6d84 topic=message.EventAssetOCRCompleted
time=2026-08-21T20:15:58.969+02:00 level=INFO msg="starting text extraction for asset" id=da3gdlmqbbt3vq4gbd80 filename=da3gdlmqbbt3vq4gbd80-vortrag-implantate-implantatwerkstoffe-pdf
time=2026-08-21T20:15:58.978+02:00 level=INFO msg="text extraction completed successfully" id=da3gdlmqbbt3vq4gbd80 text_length=10641 engine=pdf-textlayer
time=2026-08-21T20:15:58.982+02:00 level=INFO msg="No subscribers to send message" pubsub_uuid=CCHu4et5bUmKGWZk9pfgTo message_uuid=7d249409-6798-46db-8666-c875f3dcdd6a topic=message.EventAssetOCRCompleted
time=2026-08-21T20:15:58.984+02:00 level=INFO msg="starting text extraction for asset" id=da3gdlmqbbt3vq4gbf60 filename=da3gdlmqbbt3vq4gbf60-vortrag-korrosion-bioverträglichkeit-pdf
time=2026-08-21T20:15:58.991+02:00 level=INFO msg="text extraction completed successfully" id=da3gdlmqbbt3vq4gbf60 text_length=7511 engine=pdf-textlayer
time=2026-08-21T20:15:58.995+02:00 level=INFO msg="No subscribers to send message" pubsub_uuid=CCHu4et5bUmKGWZk9pfgTo message_uuid=7181c795-8126-4c61-8f5c-9ac99edb5a29 topic=message.EventAssetOCRCompleted
time=2026-08-21T20:15:58.997+02:00 level=INFO msg="starting text extraction for asset" id=da3gdlmqbbt3vq4gbh50 filename=da3gdlmqbbt3vq4gbh50-wsk-referat-zemente-pdf
time=2026-08-21T20:15:59.005+02:00 level=INFO msg="text extraction completed successfully" id=da3gdlmqbbt3vq4gbh50 text_length=7048 engine=pdf-textlayer
time=2026-08-21T20:15:59.010+02:00 level=INFO msg="No subscribers to send message" pubsub_uuid=CCHu4et5bUmKGWZk9pfgTo message_uuid=b79812cf-ae5b-4e7f-a8ac-bf0d6aa6e7ec topic=message.EventAssetOCRCompleted
time=2026-08-21T20:15:59.029+02:00 level=INFO msg="starting text extraction for asset" id=da3gdluqbbt3vq4gbjhg filename=da3gdluqbbt3vq4gbjhg-zahnmedizin_gch-arterien-pdf
time=2026-08-21T20:15:59.072+02:00 level=INFO msg="text extraction completed successfully" id=da3gdluqbbt3vq4gbjhg text_length=12861 engine=pdf-textlayer
time=2026-08-21T20:15:59.078+02:00 level=INFO msg="No subscribers to send message" pubsub_uuid=CCHu4et5bUmKGWZk9pfgTo message_uuid=ece4ad86-dd46-4159-bf54-2705eb67698d topic=message.EventAssetOCRCompleted
time=2026-08-21T20:15:59.088+02:00 level=INFO msg="starting text extraction for asset" id=da3gdluqbbt3vq4gbjpg filename=da3gdluqbbt3vq4gbjpg-zahnmedizin_gch-venen-pdf
time=2026-08-21T20:15:59.128+02:00 level=INFO msg="text extraction completed successfully" id=da3gdluqbbt3vq4gbjpg text_length=12547 engine=pdf-textlayer
time=2026-08-21T20:15:59.136+02:00 level=INFO msg="No subscribers to send message" pubsub_uuid=CCHu4et5bUmKGWZk9pfgTo message_uuid=f9c1b4ce-1697-4b57-94a6-fc0f6ff37aa7 topic=message.EventAssetOCRCompleted
time=2026-08-21T20:15:59.214+02:00 level=INFO msg="starting text extraction for asset" id=da3gdluqbbt3vq4gbl3g filename=da3gdluqbbt3vq4gbl3g-akutes-abdomen-pdf
time=2026-08-21T20:15:59.259+02:00 level=INFO msg="text extraction completed successfully" id=da3gdluqbbt3vq4gbl3g text_length=15479 engine=pdf-textlayer
time=2026-08-21T20:15:59.267+02:00 level=INFO msg="No subscribers to send message" pubsub_uuid=CCHu4et5bUmKGWZk9pfgTo message_uuid=c0d32fbf-9cf4-4286-bb7d-f5aa064f1b4e topic=message.EventAssetOCRCompleted
time=2026-08-21T20:15:59.281+02:00 level=INFO msg="starting text extraction for asset" id=da3gdluqbbt3vq4gblgg filename=da3gdluqbbt3vq4gblgg-endokrine-chirurgie-pdf
time=2026-08-21T20:15:59.342+02:00 level=INFO msg="text extraction completed successfully" id=da3gdluqbbt3vq4gblgg text_length=23158 engine=pdf-textlayer
time=2026-08-21T20:15:59.348+02:00 level=INFO msg="No subscribers to send message" pubsub_uuid=CCHu4et5bUmKGWZk9pfgTo message_uuid=2f74ca6f-c471-4fd6-9192-5d270f4f63a9 topic=message.EventAssetOCRCompleted
time=2026-08-21T20:15:59.355+02:00 level=INFO msg="starting text extraction for asset" id=da3gdluqbbt3vq4gblug filename=da3gdluqbbt3vq4gblug-erkrankungen-des-gi-traktes-pdf
time=2026-08-21T20:15:59.385+02:00 level=INFO msg="text extraction completed successfully" id=da3gdluqbbt3vq4gblug text_length=16048 engine=pdf-textlayer
time=2026-08-21T20:15:59.391+02:00 level=INFO msg="No subscribers to send message" pubsub_uuid=CCHu4et5bUmKGWZk9pfgTo message_uuid=f20ff8ca-da21-4e9a-918f-257456d15518 topic=message.EventAssetOCRCompleted
time=2026-08-21T20:15:59.403+02:00 level=INFO msg="starting text extraction for asset" id=da3gdluqbbt3vq4gbmdg filename=da3gdluqbbt3vq4gbmdg-hpb-chirurgie-pdf
time=2026-08-21T20:15:59.434+02:00 level=INFO msg="text extraction completed successfully" id=da3gdluqbbt3vq4gbmdg text_length=13619 engine=pdf-textlayer
time=2026-08-21T20:15:59.440+02:00 level=INFO msg="No subscribers to send message" pubsub_uuid=CCHu4et5bUmKGWZk9pfgTo message_uuid=35871786-8218-432f-bb41-db036620b851 topic=message.EventAssetOCRCompleted
time=2026-08-21T20:15:59.452+02:00 level=INFO msg="starting text extraction for asset" id=da3gdluqbbt3vq4gbmtg filename=da3gdluqbbt3vq4gbmtg-kleine-chirurgie-hernien-pdf
time=2026-08-21T20:15:59.486+02:00 level=INFO msg="text extraction completed successfully" id=da3gdluqbbt3vq4gbmtg text_length=9417 engine=pdf-textlayer
time=2026-08-21T20:15:59.491+02:00 level=INFO msg="No subscribers to send message" pubsub_uuid=CCHu4et5bUmKGWZk9pfgTo topic=message.EventAssetOCRCompleted message_uuid=fa10e04d-c0c3-4e61-90d0-5843c7802ef7
time=2026-08-21T20:15:59.501+02:00 level=INFO msg="starting text extraction for asset" id=da3gdluqbbt3vq4gbneg filename=da3gdluqbbt3vq4gbneg-organtransplantation-pdf
time=2026-08-21T20:15:59.532+02:00 level=INFO msg="text extraction completed successfully" id=da3gdluqbbt3vq4gbneg text_length=14853 engine=pdf-textlayer
time=2026-08-21T20:15:59.537+02:00 level=INFO msg="No subscribers to send message" pubsub_uuid=CCHu4et5bUmKGWZk9pfgTo topic=message.EventAssetOCRCompleted message_uuid=e9baab27-c96d-47c1-ad8c-534e08f3d100
time=2026-08-21T20:15:59.539+02:00 level=INFO msg="starting text extraction for asset" id=da3gdluqbbt3vq4gbo0g filename=da3gdluqbbt3vq4gbo0g-chirurgie-skript-pdf
time=2026-08-21T20:15:59.558+02:00 level=INFO msg="text extraction completed successfully" id=da3gdluqbbt3vq4gbo0g text_length=52868 engine=pdf-textlayer
time=2026-08-21T20:15:59.565+02:00 level=INFO msg="No subscribers to send message" pubsub_uuid=CCHu4et5bUmKGWZk9pfgTo message_uuid=e4bfc372-f7c6-40b7-86f1-5009ec7ff865 topic=message.EventAssetOCRCompleted
time=2026-08-21T20:15:59.567+02:00 level=INFO msg="starting text extraction for asset" id=da3gdluqbbt3vq4gbojg filename=da3gdluqbbt3vq4gbojg-handchirurgie-pdf
time=2026-08-21T20:15:59.571+02:00 level=WARN msg="pdf text layer extraction failed, will try rasterisation fallback" error="not a PDF file: missing %%EOF"
time=2026-08-21T20:16:01.200+02:00 level=WARN msg="OCR engine unavailable, skipping asset" id=da3gdluqbbt3vq4gbojg
time=2026-08-21T20:16:01.281+02:00 level=INFO msg="starting text extraction for asset" id=da3gdluqbbt3vq4gbp7g filename=da3gdluqbbt3vq4gbp7g-onkologische-viszeralchirurgie-pdf
time=2026-08-21T20:16:21.286+02:00 level=ERROR msg="text extraction exceeded time budget, abandoning asset to bound memory use" id=da3gdluqbbt3vq4gbp7g filename=da3gdluqbbt3vq4gbp7g-onkologische-viszeralchirurgie-pdf timeout=20s
extracted text from 113 assets
one asset exceeded its extraction time budget and was skipped; stopping this run to release its memory. Re-run --phase ocr to continue.
time=2026-08-21T20:16:21.300+02:00 level=INFO msg="configured plugin runtime provider" provider=local
time=2026-08-21T20:16:21.300+02:00 level=INFO msg="configured plugin runtime server url" server_url=http://localhost:8000
=== run 10 Fri Aug 21 20:16:22     2026 ===
time=2026-08-21T20:16:24.747+02:00 level=INFO msg="starting text extraction for asset" id=da3gdhmqbbt3vq4fohg0 filename=da3gdhmqbbt3vq4fohg0-aufbaufüllung-pdf
time=2026-08-21T20:16:24.829+02:00 level=INFO msg="text extraction completed successfully" id=da3gdhmqbbt3vq4fohg0 text_length=4308 engine=pdf-textlayer
time=2026-08-21T20:16:24.833+02:00 level=WARN msg="failed to process asset for text extraction" id=da3gdhmqbbt3vq4fohg0 error="ERROR: invalid byte sequence for encoding \"UTF8\": 0x00 (SQLSTATE 22021)"
time=2026-08-21T20:16:24.838+02:00 level=INFO msg="starting text extraction for asset" id=da3gdhmqbbt3vq4fpeq0 filename=da3gdhmqbbt3vq4fpeq0-implantate-pdf
time=2026-08-21T20:16:24.900+02:00 level=INFO msg="text extraction completed successfully" id=da3gdhmqbbt3vq4fpeq0 text_length=19133 engine=pdf-textlayer
time=2026-08-21T20:16:24.908+02:00 level=WARN msg="failed to process asset for text extraction" id=da3gdhmqbbt3vq4fpeq0 error="ERROR: invalid byte sequence for encoding \"UTF8\": 0x00 (SQLSTATE 22021)"
time=2026-08-21T20:16:24.910+02:00 level=INFO msg="starting text extraction for asset" id=da3gdhmqbbt3vq4fq4m0 filename=da3gdhmqbbt3vq4fq4m0-kiefergelenk-pdf
time=2026-08-21T20:16:24.961+02:00 level=INFO msg="text extraction completed successfully" id=da3gdhmqbbt3vq4fq4m0 text_length=25329 engine=pdf-textlayer
time=2026-08-21T20:16:24.968+02:00 level=WARN msg="failed to process asset for text extraction" id=da3gdhmqbbt3vq4fq4m0 error="ERROR: invalid byte sequence for encoding \"UTF8\": 0x00 (SQLSTATE 22021)"
time=2026-08-21T20:16:24.970+02:00 level=INFO msg="starting text extraction for asset" id=da3gdhuqbbt3vq4frip0 filename=da3gdhuqbbt3vq4frip0-prothesenstomatitis-pdf
time=2026-08-21T20:16:25.000+02:00 level=INFO msg="text extraction completed successfully" id=da3gdhuqbbt3vq4frip0 text_length=12000 engine=pdf-textlayer
time=2026-08-21T20:16:25.005+02:00 level=WARN msg="failed to process asset for text extraction" id=da3gdhuqbbt3vq4frip0 error="ERROR: invalid byte sequence for encoding \"UTF8\": 0x00 (SQLSTATE 22021)"
time=2026-08-21T20:16:25.006+02:00 level=INFO msg="starting text extraction for asset" id=da3gdhuqbbt3vq4fsb00 filename=da3gdhuqbbt3vq4fsb00-stiftaufbauten-pdf
time=2026-08-21T20:16:25.026+02:00 level=INFO msg="text extraction completed successfully" id=da3gdhuqbbt3vq4fsb00 text_length=9419 engine=pdf-textlayer
time=2026-08-21T20:16:25.030+02:00 level=WARN msg="failed to process asset for text extraction" id=da3gdhuqbbt3vq4fsb00 error="ERROR: invalid byte sequence for encoding \"UTF8\": 0x00 (SQLSTATE 22021)"
time=2026-08-21T20:16:25.032+02:00 level=INFO msg="starting text extraction for asset" id=da3gdhuqbbt3vq4ftjc0 filename=da3gdhuqbbt3vq4ftjc0-zemente-pdf
time=2026-08-21T20:16:25.056+02:00 level=INFO msg="text extraction completed successfully" id=da3gdhuqbbt3vq4ftjc0 text_length=10080 engine=pdf-textlayer
time=2026-08-21T20:16:25.060+02:00 level=WARN msg="failed to process asset for text extraction" id=da3gdhuqbbt3vq4ftjc0 error="ERROR: invalid byte sequence for encoding \"UTF8\": 0x00 (SQLSTATE 22021)"
time=2026-08-21T20:16:25.072+02:00 level=INFO msg="starting text extraction for asset" id=da3gdm6qbbt3vq4gbpsg filename=da3gdm6qbbt3vq4gbpsg-untersuchungsskript-pdf
time=2026-08-21T20:16:28.283+02:00 level=WARN msg="OCR engine unavailable, skipping asset" id=da3gdm6qbbt3vq4gbpsg
time=2026-08-21T20:16:28.317+02:00 level=INFO msg="starting text extraction for asset" id=da3gdm6qbbt3vq4gbs1g filename=da3gdm6qbbt3vq4gbs1g-wunden-pdf
time=2026-08-21T20:16:28.321+02:00 level=WARN msg="pdf text layer extraction failed, will try rasterisation fallback" error="not a PDF file: missing %%EOF"
time=2026-08-21T20:16:29.970+02:00 level=WARN msg="OCR engine unavailable, skipping asset" id=da3gdm6qbbt3vq4gbs1g
time=2026-08-21T20:16:29.991+02:00 level=INFO msg="starting text extraction for asset" id=da3gdm6qbbt3vq4gbtkg filename=da3gdm6qbbt3vq4gbtkg-übersicht-pdf
time=2026-08-21T20:16:29.999+02:00 level=INFO msg="text extraction completed successfully" id=da3gdm6qbbt3vq4gbtkg text_length=18576 engine=pdf-textlayer
time=2026-08-21T20:16:30.005+02:00 level=INFO msg="No subscribers to send message" pubsub_uuid=UHeed6fxBdhxGQN7v8J2hB message_uuid=0d02be96-89a1-44cb-8470-9dee2a16b737 topic=message.EventAssetOCRCompleted
time=2026-08-21T20:16:30.009+02:00 level=INFO msg="starting text extraction for asset" id=da3gdm6qbbt3vq4gbufg filename=da3gdm6qbbt3vq4gbufg-berufskunde-2-ws20_21-pdf
time=2026-08-21T20:16:30.036+02:00 level=INFO msg="text extraction completed successfully" id=da3gdm6qbbt3vq4gbufg text_length=25193 engine=pdf-textlayer
time=2026-08-21T20:16:30.042+02:00 level=INFO msg="No subscribers to send message" pubsub_uuid=UHeed6fxBdhxGQN7v8J2hB message_uuid=213cfa97-8998-44fb-a81a-f1c623ff1ce8 topic=message.EventAssetOCRCompleted
time=2026-08-21T20:16:30.051+02:00 level=INFO msg="starting text extraction for asset" id=da3gdm6qbbt3vq4gbumg filename=da3gdm6qbbt3vq4gbumg-berufskunde-3-ws20_21-pdf
time=2026-08-21T20:16:30.079+02:00 level=INFO msg="text extraction completed successfully" id=da3gdm6qbbt3vq4gbumg text_length=22120 engine=pdf-textlayer
time=2026-08-21T20:16:30.085+02:00 level=INFO msg="No subscribers to send message" pubsub_uuid=UHeed6fxBdhxGQN7v8J2hB message_uuid=eb78fee7-1cb2-4e02-9a93-659eb103345a topic=message.EventAssetOCRCompleted
time=2026-08-21T20:16:30.090+02:00 level=INFO msg="starting text extraction for asset" id=da3gdm6qbbt3vq4gbuug filename=da3gdm6qbbt3vq4gbuug-berufskunde-ws20_21-1-pdf
time=2026-08-21T20:16:30.116+02:00 level=INFO msg="text extraction completed successfully" id=da3gdm6qbbt3vq4gbuug text_length=30061 engine=pdf-textlayer
time=2026-08-21T20:16:30.123+02:00 level=INFO msg="No subscribers to send message" pubsub_uuid=UHeed6fxBdhxGQN7v8J2hB topic=message.EventAssetOCRCompleted message_uuid=0932a972-f807-4ee5-8fd6-ecadb6e9a0a2
time=2026-08-21T20:16:30.133+02:00 level=INFO msg="starting text extraction for asset" id=da3gdm6qbbt3vq4gbv7g filename=da3gdm6qbbt3vq4gbv7g-berufskunde-ws20_21-pdf
time=2026-08-21T20:16:30.169+02:00 level=INFO msg="text extraction completed successfully" id=da3gdm6qbbt3vq4gbv7g text_length=24797 engine=pdf-textlayer
time=2026-08-21T20:16:30.176+02:00 level=INFO msg="No subscribers to send message" pubsub_uuid=UHeed6fxBdhxGQN7v8J2hB message_uuid=68db7e98-79a4-45e0-8f7a-a40d289af175 topic=message.EventAssetOCRCompleted
time=2026-08-21T20:16:30.182+02:00 level=INFO msg="starting text extraction for asset" id=da3gdm6qbbt3vq4gbvhg filename=da3gdm6qbbt3vq4gbvhg-derma-examen-prof-hohenleutner-pdf
time=2026-08-21T20:16:30.203+02:00 level=INFO msg="text extraction completed successfully" id=da3gdm6qbbt3vq4gbvhg text_length=41189 engine=pdf-textlayer
time=2026-08-21T20:16:30.206+02:00 level=WARN msg="failed to process asset for text extraction" id=da3gdm6qbbt3vq4gbvhg error="ERROR: invalid byte sequence for encoding \"UTF8\": 0x00 (SQLSTATE 22021)"
time=2026-08-21T20:16:30.215+02:00 level=INFO msg="starting text extraction for asset" id=da3gdm6qbbt3vq4gbvog filename=da3gdm6qbbt3vq4gbvog-dermatologie-ss13-allergie-pdf
time=2026-08-21T20:16:30.229+02:00 level=INFO msg="text extraction completed successfully" id=da3gdm6qbbt3vq4gbvog text_length=8300 engine=pdf-textlayer
time=2026-08-21T20:16:30.233+02:00 level=INFO msg="No subscribers to send message" pubsub_uuid=UHeed6fxBdhxGQN7v8J2hB message_uuid=c6a3415f-fdaa-4dc4-b2e3-c4b9f249683f topic=message.EventAssetOCRCompleted
time=2026-08-21T20:16:30.248+02:00 level=INFO msg="starting text extraction for asset" id=da3gdm6qbbt3vq4gc00g filename=da3gdm6qbbt3vq4gc00g-dermatologie-ss13-effloreszenzen-pdf
DEBUG: pdf.keyword(D)
. Skip dicttime=2026-08-21T20:16:30.256+02:00 level=INFO msg="text extraction completed successfully" id=da3gdm6qbbt3vq4gc00g text_length=1364 engine=pdf-textlayer
time=2026-08-21T20:16:30.260+02:00 level=INFO msg="No subscribers to send message" pubsub_uuid=UHeed6fxBdhxGQN7v8J2hB topic=message.EventAssetOCRCompleted message_uuid=506dffbf-25ca-44f2-8e1a-0e678c7dc466
time=2026-08-21T20:16:30.278+02:00 level=INFO msg="starting text extraction for asset" id=da3gdm6qbbt3vq4gc09g filename=da3gdm6qbbt3vq4gc09g-dermatologie-ss13-infektiologie_std-pdf
time=2026-08-21T20:16:30.290+02:00 level=INFO msg="text extraction completed successfully" id=da3gdm6qbbt3vq4gc09g text_length=3867 engine=pdf-textlayer
time=2026-08-21T20:16:30.294+02:00 level=INFO msg="No subscribers to send message" pubsub_uuid=UHeed6fxBdhxGQN7v8J2hB message_uuid=cac577b6-74af-41a2-91ed-6b0a75971c0c topic=message.EventAssetOCRCompleted
time=2026-08-21T20:16:30.310+02:00 level=INFO msg="starting text extraction for asset" id=da3gdm6qbbt3vq4gc0jg filename=da3gdm6qbbt3vq4gc0jg-dermatologie-ss13-mundschleimhaut-pdf
time=2026-08-21T20:16:30.323+02:00 level=INFO msg="text extraction completed successfully" id=da3gdm6qbbt3vq4gc0jg text_length=4379 engine=pdf-textlayer
time=2026-08-21T20:16:30.330+02:00 level=INFO msg="No subscribers to send message" pubsub_uuid=UHeed6fxBdhxGQN7v8J2hB message_uuid=09de01b9-6556-4fce-875e-66d6b2f10fbd topic=message.EventAssetOCRCompleted
time=2026-08-21T20:16:30.345+02:00 level=INFO msg="starting text extraction for asset" id=da3gdm6qbbt3vq4gc0ug filename=da3gdm6qbbt3vq4gc0ug-dermatologie-ss13-psoriasis-akne-autoimmun-pdf
time=2026-08-21T20:16:30.361+02:00 level=INFO msg="text extraction completed successfully" id=da3gdm6qbbt3vq4gc0ug text_length=6295 engine=pdf-textlayer
time=2026-08-21T20:16:30.366+02:00 level=INFO msg="No subscribers to send message" pubsub_uuid=UHeed6fxBdhxGQN7v8J2hB message_uuid=9fa985d8-5d29-44a1-a9e1-cd4e2949b92c topic=message.EventAssetOCRCompleted
time=2026-08-21T20:16:30.379+02:00 level=INFO msg="starting text extraction for asset" id=da3gdm6qbbt3vq4gc1ag filename=da3gdm6qbbt3vq4gc1ag-dermatologie-ss13-tumore-pdf
time=2026-08-21T20:16:30.391+02:00 level=INFO msg="text extraction completed successfully" id=da3gdm6qbbt3vq4gc1ag text_length=3172 engine=pdf-textlayer
time=2026-08-21T20:16:30.396+02:00 level=INFO msg="No subscribers to send message" pubsub_uuid=UHeed6fxBdhxGQN7v8J2hB message_uuid=a91f9e72-fe84-4f03-8a70-d11f7bb91249 topic=message.EventAssetOCRCompleted
time=2026-08-21T20:16:30.412+02:00 level=INFO msg="starting text extraction for asset" id=da3gdm6qbbt3vq4gc1ng filename=da3gdm6qbbt3vq4gc1ng-dermatologie-ss16-allergologie-std-pdf
time=2026-08-21T20:16:30.474+02:00 level=INFO msg="text extraction completed successfully" id=da3gdm6qbbt3vq4gc1ng text_length=15915 engine=pdf-textlayer
time=2026-08-21T20:16:30.481+02:00 level=INFO msg="No subscribers to send message" pubsub_uuid=UHeed6fxBdhxGQN7v8J2hB message_uuid=80c3a665-c1c9-4ee1-bac5-c275f88f65b5 topic=message.EventAssetOCRCompleted
time=2026-08-21T20:16:30.497+02:00 level=INFO msg="starting text extraction for asset" id=da3gdm6qbbt3vq4gc25g filename=da3gdm6qbbt3vq4gc25g-dermatologie-ss16-effloreszenzen-infekte-pdf
time=2026-08-21T20:16:30.521+02:00 level=INFO msg="text extraction completed successfully" id=da3gdm6qbbt3vq4gc25g text_length=6667 engine=pdf-textlayer
time=2026-08-21T20:16:30.526+02:00 level=INFO msg="No subscribers to send message" pubsub_uuid=UHeed6fxBdhxGQN7v8J2hB message_uuid=996b3b77-4e51-4111-a690-927f71019728 topic=message.EventAssetOCRCompleted
time=2026-08-21T20:16:30.538+02:00 level=INFO msg="starting text extraction for asset" id=da3gdm6qbbt3vq4gc2kg filename=da3gdm6qbbt3vq4gc2kg-dermatologie-ss16-psoriasis_akne_autoimmun-pdf
time=2026-08-21T20:16:30.568+02:00 level=INFO msg="text extraction completed successfully" id=da3gdm6qbbt3vq4gc2kg text_length=11828 engine=pdf-textlayer
time=2026-08-21T20:16:30.574+02:00 level=INFO msg="No subscribers to send message" pubsub_uuid=UHeed6fxBdhxGQN7v8J2hB message_uuid=ed342703-888f-427a-b09f-00f06def665a topic=message.EventAssetOCRCompleted
time=2026-08-21T20:16:30.601+02:00 level=INFO msg="starting text extraction for asset" id=da3gdmeqbbt3vq4gc34g filename=da3gdmeqbbt3vq4gc34g-dermatologie-ss16-tumore_melanom_msh-pdf
time=2026-08-21T20:16:30.629+02:00 level=INFO msg="text extraction completed successfully" id=da3gdmeqbbt3vq4gc34g text_length=5307 engine=pdf-textlayer
time=2026-08-21T20:16:30.634+02:00 level=INFO msg="No subscribers to send message" pubsub_uuid=UHeed6fxBdhxGQN7v8J2hB topic=message.EventAssetOCRCompleted message_uuid=f3eab4d0-9e9d-41ed-ae8a-bc43fd20f58b
time=2026-08-21T20:16:30.643+02:00 level=INFO msg="starting text extraction for asset" id=da3gdmeqbbt3vq4gc3lg filename=da3gdmeqbbt3vq4gc3lg-herrmann-und-trinkkeller-dermatologie-und-medizinische-kosmetik-pdf
time=2026-08-21T20:16:32.213+02:00 level=INFO msg="text extraction completed successfully" id=da3gdmeqbbt3vq4gc3lg text_length=200000 engine=pdf-textlayer-weak
time=2026-08-21T20:16:32.226+02:00 level=INFO msg="No subscribers to send message" pubsub_uuid=UHeed6fxBdhxGQN7v8J2hB message_uuid=10f17ac5-5d1b-47a5-bd67-f5f48b75b66d topic=message.EventAssetOCRCompleted
time=2026-08-21T20:16:32.271+02:00 level=INFO msg="starting text extraction for asset" id=da3gdmeqbbt3vq4gca20 filename=da3gdmeqbbt3vq4gca20-forum-und-übersichten-hno-pdf
time=2026-08-21T20:16:32.439+02:00 level=INFO msg="text extraction completed successfully" id=da3gdmeqbbt3vq4gca20 text_length=126436 engine=pdf-textlayer
time=2026-08-21T20:16:32.451+02:00 level=INFO msg="No subscribers to send message" pubsub_uuid=UHeed6fxBdhxGQN7v8J2hB message_uuid=98efeed1-bf9d-483c-b664-1c8c332796fd topic=message.EventAssetOCRCompleted
time=2026-08-21T20:16:32.454+02:00 level=INFO msg="starting text extraction for asset" id=da3gdmeqbbt3vq4gca90 filename=da3gdmeqbbt3vq4gca90-lymphatisches-system-hno-pdf
time=2026-08-21T20:16:32.464+02:00 level=INFO msg="text extraction completed successfully" id=da3gdmeqbbt3vq4gca90 text_length=18109 engine=pdf-textlayer
time=2026-08-21T20:16:32.472+02:00 level=INFO msg="No subscribers to send message" pubsub_uuid=UHeed6fxBdhxGQN7v8J2hB message_uuid=3b0164dd-f707-4af9-9ed2-f596e77e0582 topic=message.EventAssetOCRCompleted
time=2026-08-21T20:16:32.474+02:00 level=INFO msg="starting text extraction for asset" id=da3gdmeqbbt3vq4gcah0 filename=da3gdmeqbbt3vq4gcah0-naturheilbund-hno-pdf
time=2026-08-21T20:16:32.477+02:00 level=WARN msg="pdf text layer extraction failed, will try rasterisation fallback" error="not a PDF file: invalid header"
time=2026-08-21T20:16:34.100+02:00 level=WARN msg="OCR engine unavailable, skipping asset" id=da3gdmeqbbt3vq4gcah0
time=2026-08-21T20:16:34.117+02:00 level=INFO msg="starting text extraction for asset" id=da3gdmeqbbt3vq4gcaq0 filename=da3gdmeqbbt3vq4gcaq0-skript-hno-pdf
time=2026-08-21T20:16:34.120+02:00 level=WARN msg="pdf text layer extraction failed, will try rasterisation fallback" error="not a PDF file: invalid header"
time=2026-08-21T20:16:36.139+02:00 level=WARN msg="OCR engine unavailable, skipping asset" id=da3gdmeqbbt3vq4gcaq0
time=2026-08-21T20:16:36.185+02:00 level=INFO msg="starting text extraction for asset" id=da3gdmeqbbt3vq4gcb40 filename=da3gdmeqbbt3vq4gcb40-thurnher-et-al-hno-heilkunde-pdf
time=2026-08-21T20:16:36.864+02:00 level=INFO msg="text extraction completed successfully" id=da3gdmeqbbt3vq4gcb40 text_length=200000 engine=pdf-textlayer
time=2026-08-21T20:16:36.892+02:00 level=INFO msg="No subscribers to send message" pubsub_uuid=UHeed6fxBdhxGQN7v8J2hB message_uuid=47cc618a-d56f-4ce4-a5d6-b170922c56e5 topic=message.EventAssetOCRCompleted
time=2026-08-21T20:16:36.897+02:00 level=INFO msg="starting text extraction for asset" id=da3gdmmqbbt3vq4gcbf0 filename=da3gdmmqbbt3vq4gcbf0-andorfer_vorlesung_zmk_mundhöhle-pharynx-pdf
time=2026-08-21T20:16:39.536+02:00 level=INFO msg="text extraction completed successfully" id=da3gdmmqbbt3vq4gcbf0 text_length=31646 engine=pdf-textlayer-weak
time=2026-08-21T20:16:39.550+02:00 level=INFO msg="No subscribers to send message" pubsub_uuid=UHeed6fxBdhxGQN7v8J2hB message_uuid=dd596c35-1f27-44da-9d4a-1913cb2e17ec topic=message.EventAssetOCRCompleted
time=2026-08-21T20:16:39.579+02:00 level=INFO msg="starting text extraction for asset" id=da3gdmmqbbt3vq4gcbr0 filename=da3gdmmqbbt3vq4gcbr0-kuehnel_vorlesung_zmk_nnh-einführung-allergie-1-pdf
time=2026-08-21T20:16:39.615+02:00 level=INFO msg="text extraction completed successfully" id=da3gdmmqbbt3vq4gcbr0 text_length=20358 engine=pdf-textlayer
time=2026-08-21T20:16:39.624+02:00 level=INFO msg="No subscribers to send message" pubsub_uuid=UHeed6fxBdhxGQN7v8J2hB message_uuid=bef97bfb-6ed8-4a7a-9211-6dc4f602605c topic=message.EventAssetOCRCompleted
time=2026-08-21T20:16:39.634+02:00 level=INFO msg="starting text extraction for asset" id=da3gdmmqbbt3vq4gcc80 filename=da3gdmmqbbt3vq4gcc80-kuehnel_vorlesung_zmk_trauma-pdf
time=2026-08-21T20:16:39.644+02:00 level=INFO msg="text extraction completed successfully" id=da3gdmmqbbt3vq4gcc80 text_length=1840 engine=pdf-textlayer
time=2026-08-21T20:16:39.648+02:00 level=INFO msg="No subscribers to send message" pubsub_uuid=UHeed6fxBdhxGQN7v8J2hB message_uuid=0fd26202-fd92-4c12-9d71-d4ba510577cb topic=message.EventAssetOCRCompleted
time=2026-08-21T20:16:39.654+02:00 level=INFO msg="starting text extraction for asset" id=da3gdmmqbbt3vq4gccm0 filename=da3gdmmqbbt3vq4gccm0-kummer_vorlesung_zmk_stimmstörungen-u-therapie-pdf
time=2026-08-21T20:16:39.782+02:00 level=INFO msg="text extraction completed successfully" id=da3gdmmqbbt3vq4gccm0 text_length=16045 engine=pdf-textlayer
time=2026-08-21T20:16:39.790+02:00 level=INFO msg="No subscribers to send message" pubsub_uuid=UHeed6fxBdhxGQN7v8J2hB message_uuid=9f1d2449-0695-4a77-a4da-e02ddd8b9419 topic=message.EventAssetOCRCompleted
time=2026-08-21T20:16:39.830+02:00 level=INFO msg="starting text extraction for asset" id=da3gdmmqbbt3vq4gcd50 filename=da3gdmmqbbt3vq4gcd50-notfälle-in-der-hno-pdf
time=2026-08-21T20:16:39.857+02:00 level=INFO msg="text extraction completed successfully" id=da3gdmmqbbt3vq4gcd50 text_length=1538 engine=pdf-textlayer
time=2026-08-21T20:16:39.862+02:00 level=INFO msg="No subscribers to send message" pubsub_uuid=UHeed6fxBdhxGQN7v8J2hB message_uuid=3d9fe2cb-1581-4093-8e2d-3859eaba2562 topic=message.EventAssetOCRCompleted
time=2026-08-21T20:16:39.872+02:00 level=INFO msg="starting text extraction for asset" id=da3gdmmqbbt3vq4gcdl0 filename=da3gdmmqbbt3vq4gcdl0-rohrmeier_vorlesung_zmk_-pdf
time=2026-08-21T20:16:39.897+02:00 level=INFO msg="text extraction completed successfully" id=da3gdmmqbbt3vq4gcdl0 text_length=7187 engine=pdf-textlayer
time=2026-08-21T20:16:39.901+02:00 level=INFO msg="No subscribers to send message" pubsub_uuid=UHeed6fxBdhxGQN7v8J2hB topic=message.EventAssetOCRCompleted message_uuid=ff46f5e8-0cee-4340-bc2d-9a7753d9d25a
time=2026-08-21T20:16:39.942+02:00 level=INFO msg="starting text extraction for asset" id=da3gdmmqbbt3vq4gce60 filename=da3gdmmqbbt3vq4gce60-schlafmedizin-pdf
time=2026-08-21T20:16:39.963+02:00 level=INFO msg="text extraction completed successfully" id=da3gdmmqbbt3vq4gce60 text_length=1002 engine=pdf-textlayer
time=2026-08-21T20:16:39.969+02:00 level=INFO msg="No subscribers to send message" pubsub_uuid=UHeed6fxBdhxGQN7v8J2hB message_uuid=2c8a3762-a369-4d78-9fc9-529277eaae62 topic=message.EventAssetOCRCompleted
time=2026-08-21T20:16:39.976+02:00 level=INFO msg="starting text extraction for asset" id=da3gdmmqbbt3vq4gceo0 filename=da3gdmmqbbt3vq4gceo0-zmk-nnh-i-pdf
time=2026-08-21T20:16:40.022+02:00 level=INFO msg="text extraction completed successfully" id=da3gdmmqbbt3vq4gceo0 text_length=6938 engine=pdf-textlayer
time=2026-08-21T20:16:40.029+02:00 level=INFO msg="No subscribers to send message" pubsub_uuid=UHeed6fxBdhxGQN7v8J2hB message_uuid=e3ebb0bb-c789-4cfb-8cf5-dfeaa1b3175c topic=message.EventAssetOCRCompleted
time=2026-08-21T20:16:40.036+02:00 level=INFO msg="starting text extraction for asset" id=da3gdmmqbbt3vq4gcfb0 filename=da3gdmmqbbt3vq4gcfb0-2018-grundlagen-tumore-zahnmedizin-pdf
time=2026-08-21T20:16:40.064+02:00 level=INFO msg="text extraction completed successfully" id=da3gdmmqbbt3vq4gcfb0 text_length=7759 engine=pdf-textlayer
time=2026-08-21T20:16:40.070+02:00 level=INFO msg="No subscribers to send message" pubsub_uuid=UHeed6fxBdhxGQN7v8J2hB message_uuid=e22fd3d0-a2f7-4ef4-985c-e29645188ba3 topic=message.EventAssetOCRCompleted
time=2026-08-21T20:16:40.084+02:00 level=INFO msg="starting text extraction for asset" id=da3gdmmqbbt3vq4gcg30 filename=da3gdmmqbbt3vq4gcg30-asthma_vorlesung-pdf
time=2026-08-21T20:16:40.103+02:00 level=INFO msg="text extraction completed successfully" id=da3gdmmqbbt3vq4gcg30 text_length=3683 engine=pdf-textlayer
time=2026-08-21T20:16:40.108+02:00 level=INFO msg="No subscribers to send message" pubsub_uuid=UHeed6fxBdhxGQN7v8J2hB message_uuid=7ad71c9b-e5a0-47d0-9e69-e4cb307cbab1 topic=message.EventAssetOCRCompleted
time=2026-08-21T20:16:40.129+02:00 level=INFO msg="starting text extraction for asset" id=da3gdmmqbbt3vq4gcgo0 filename=da3gdmmqbbt3vq4gcgo0-diabetes-und-metabolisches-syndrom-2018-pdf
time=2026-08-21T20:16:40.179+02:00 level=INFO msg="text extraction completed successfully" id=da3gdmmqbbt3vq4gcgo0 text_length=13973 engine=pdf-textlayer
time=2026-08-21T20:16:40.186+02:00 level=INFO msg="No subscribers to send message" pubsub_uuid=UHeed6fxBdhxGQN7v8J2hB message_uuid=1d5e9a1c-f37d-42ab-9cbd-0216fbeedae4 topic=message.EventAssetOCRCompleted
time=2026-08-21T20:16:40.196+02:00 level=INFO msg="starting text extraction for asset" id=da3gdmmqbbt3vq4gch40 filename=da3gdmmqbbt3vq4gch40-einführung-nephrol-handzette-2009l-pdf
time=2026-08-21T20:16:40.209+02:00 level=INFO msg="text extraction completed successfully" id=da3gdmmqbbt3vq4gch40 text_length=6399 engine=pdf-textlayer
time=2026-08-21T20:16:40.214+02:00 level=INFO msg="No subscribers to send message" pubsub_uuid=UHeed6fxBdhxGQN7v8J2hB message_uuid=86f27568-2c9f-41f6-8224-cc119dec4832 topic=message.EventAssetOCRCompleted
time=2026-08-21T20:16:40.220+02:00 level=INFO msg="starting text extraction for asset" id=da3gdmmqbbt3vq4gchh0 filename=da3gdmmqbbt3vq4gchh0-gerinnungstests-pdf
time=2026-08-21T20:16:40.242+02:00 level=INFO msg="text extraction completed successfully" id=da3gdmmqbbt3vq4gchh0 text_length=18262 engine=pdf-textlayer
time=2026-08-21T20:16:40.247+02:00 level=INFO msg="No subscribers to send message" pubsub_uuid=UHeed6fxBdhxGQN7v8J2hB message_uuid=6f6f4e04-99b7-420f-b242-d5e5c8e33f96 topic=message.EventAssetOCRCompleted
time=2026-08-21T20:16:40.275+02:00 level=INFO msg="starting text extraction for asset" id=da3gdmmqbbt3vq4gcjf0 filename=da3gdmmqbbt3vq4gcjf0-hypertonie-konform-handzettel-2009-pdf
time=2026-08-21T20:16:40.299+02:00 level=INFO msg="text extraction completed successfully" id=da3gdmmqbbt3vq4gcjf0 text_length=8665 engine=pdf-textlayer
time=2026-08-21T20:16:40.304+02:00 level=INFO msg="No subscribers to send message" pubsub_uuid=UHeed6fxBdhxGQN7v8J2hB message_uuid=d6b23dc6-8367-4bcf-bf94-697021671842 topic=message.EventAssetOCRCompleted
time=2026-08-21T20:16:40.320+02:00 level=INFO msg="starting text extraction for asset" id=da3gdmmqbbt3vq4gclt0 filename=da3gdmmqbbt3vq4gclt0-01-anamnese-untersuchungen-pdf
time=2026-08-21T20:16:40.344+02:00 level=INFO msg="text extraction completed successfully" id=da3gdmmqbbt3vq4gclt0 text_length=8780 engine=pdf-textlayer
time=2026-08-21T20:16:40.351+02:00 level=INFO msg="No subscribers to send message" pubsub_uuid=UHeed6fxBdhxGQN7v8J2hB message_uuid=86cb8210-8db6-4934-a03d-b9a497821f7a topic=message.EventAssetOCRCompleted
time=2026-08-21T20:16:40.359+02:00 level=INFO msg="starting text extraction for asset" id=da3gdmmqbbt3vq4gcmj0 filename=da3gdmmqbbt3vq4gcmj0-02-adipositas-diabetes-pdf
time=2026-08-21T20:16:40.384+02:00 level=INFO msg="text extraction completed successfully" id=da3gdmmqbbt3vq4gcmj0 text_length=5826 engine=pdf-textlayer
time=2026-08-21T20:16:40.390+02:00 level=INFO msg="No subscribers to send message" pubsub_uuid=UHeed6fxBdhxGQN7v8J2hB topic=message.EventAssetOCRCompleted message_uuid=ed01ccdd-6650-4694-bee1-cd0dc6a18504
time=2026-08-21T20:16:40.398+02:00 level=INFO msg="starting text extraction for asset" id=da3gdmuqbbt3vq4gcna0 filename=da3gdmuqbbt3vq4gcna0-03-gastroenterologie-hepatologie-pdf
time=2026-08-21T20:16:40.457+02:00 level=INFO msg="text extraction completed successfully" id=da3gdmuqbbt3vq4gcna0 text_length=13153 engine=pdf-textlayer
time=2026-08-21T20:16:40.465+02:00 level=INFO msg="No subscribers to send message" pubsub_uuid=UHeed6fxBdhxGQN7v8J2hB message_uuid=adbc90c3-f616-4b39-9d04-0aa93b3d45af topic=message.EventAssetOCRCompleted
time=2026-08-21T20:16:40.472+02:00 level=INFO msg="starting text extraction for asset" id=da3gdmuqbbt3vq4gco20 filename=da3gdmuqbbt3vq4gco20-04-die-gastroenterologische-intensivmedizin-pdf
time=2026-08-21T20:16:40.515+02:00 level=INFO msg="text extraction completed successfully" id=da3gdmuqbbt3vq4gco20 text_length=28113 engine=pdf-textlayer
time=2026-08-21T20:16:40.522+02:00 level=INFO msg="No subscribers to send message" pubsub_uuid=UHeed6fxBdhxGQN7v8J2hB message_uuid=ae6baec0-ba87-4f7e-9a72-a9f431402379 topic=message.EventAssetOCRCompleted
time=2026-08-21T20:16:40.531+02:00 level=INFO msg="starting text extraction for asset" id=da3gdmuqbbt3vq4gcor0 filename=da3gdmuqbbt3vq4gcor0-05-notfallsituationen_-pdf
time=2026-08-21T20:16:40.542+02:00 level=INFO msg="text extraction completed successfully" id=da3gdmuqbbt3vq4gcor0 text_length=14660 engine=pdf-textlayer
time=2026-08-21T20:16:40.545+02:00 level=WARN msg="failed to process asset for text extraction" id=da3gdmuqbbt3vq4gcor0 error="ERROR: invalid byte sequence for encoding \"UTF8\": 0x00 (SQLSTATE 22021)"
time=2026-08-21T20:16:40.585+02:00 level=INFO msg="starting text extraction for asset" id=da3gdmuqbbt3vq4gcpl0 filename=da3gdmuqbbt3vq4gcpl0-06-lungenerkrankungen-und-pulmonale-notfälle-pdf
time=2026-08-21T20:16:40.603+02:00 level=INFO msg="text extraction completed successfully" id=da3gdmuqbbt3vq4gcpl0 text_length=15497 engine=pdf-textlayer
time=2026-08-21T20:16:40.609+02:00 level=INFO msg="No subscribers to send message" pubsub_uuid=UHeed6fxBdhxGQN7v8J2hB message_uuid=91e694a8-e6a4-44b1-be05-ff5839619f7d topic=message.EventAssetOCRCompleted
time=2026-08-21T20:16:40.615+02:00 level=INFO msg="starting text extraction for asset" id=da3gdmuqbbt3vq4gcqg0 filename=da3gdmuqbbt3vq4gcqg0-07-herzerkrankungen-pdf
time=2026-08-21T20:16:40.636+02:00 level=INFO msg="text extraction completed successfully" id=da3gdmuqbbt3vq4gcqg0 text_length=9927 engine=pdf-textlayer
time=2026-08-21T20:16:40.641+02:00 level=INFO msg="No subscribers to send message" pubsub_uuid=UHeed6fxBdhxGQN7v8J2hB message_uuid=d8916fd7-bd02-4769-b66d-cf59af7f43a5 topic=message.EventAssetOCRCompleted
time=2026-08-21T20:16:40.663+02:00 level=INFO msg="starting text extraction for asset" id=da3gdmuqbbt3vq4gcrc0 filename=da3gdmuqbbt3vq4gcrc0-09-blutbildung-pdf
time=2026-08-21T20:16:40.705+02:00 level=INFO msg="text extraction completed successfully" id=da3gdmuqbbt3vq4gcrc0 text_length=12238 engine=pdf-textlayer
time=2026-08-21T20:16:40.711+02:00 level=INFO msg="No subscribers to send message" pubsub_uuid=UHeed6fxBdhxGQN7v8J2hB message_uuid=7994d6c6-3efc-4487-9889-d7fe11f18fc0 topic=message.EventAssetOCRCompleted
time=2026-08-21T20:16:40.719+02:00 level=INFO msg="starting text extraction for asset" id=da3gdmuqbbt3vq4gcs90 filename=da3gdmuqbbt3vq4gcs90-10-chemotherapie_-pdf
time=2026-08-21T20:16:40.752+02:00 level=INFO msg="text extraction completed successfully" id=da3gdmuqbbt3vq4gcs90 text_length=7658 engine=pdf-textlayer
time=2026-08-21T20:16:40.759+02:00 level=INFO msg="No subscribers to send message" pubsub_uuid=UHeed6fxBdhxGQN7v8J2hB message_uuid=7e2acca4-0818-4f92-8f1e-225df2b0f832 topic=message.EventAssetOCRCompleted
time=2026-08-21T20:16:40.764+02:00 level=INFO msg="starting text extraction for asset" id=da3gdmuqbbt3vq4gct70 filename=da3gdmuqbbt3vq4gct70-11-antikoagulanzien-pdf
time=2026-08-21T20:16:40.803+02:00 level=INFO msg="text extraction completed successfully" id=da3gdmuqbbt3vq4gct70 text_length=19823 engine=pdf-textlayer
time=2026-08-21T20:16:40.810+02:00 level=INFO msg="No subscribers to send message" pubsub_uuid=UHeed6fxBdhxGQN7v8J2hB message_uuid=52552c83-d3c3-4693-927e-012b33aeab7e topic=message.EventAssetOCRCompleted
time=2026-08-21T20:16:40.816+02:00 level=INFO msg="starting text extraction for asset" id=da3gdmuqbbt3vq4gcv60 filename=da3gdmuqbbt3vq4gcv60-kommentierte-zusammenfassung-der-leitlinien-der-european-society-of-cardiology-zur-infektiösen-endokarditis-neuauflage-2009-pdf
time=2026-08-21T20:16:40.837+02:00 level=INFO msg="text extraction completed successfully" id=da3gdmuqbbt3vq4gcv60 text_length=48210 engine=pdf-textlayer
time=2026-08-21T20:16:40.844+02:00 level=INFO msg="No subscribers to send message" pubsub_uuid=UHeed6fxBdhxGQN7v8J2hB message_uuid=10041f15-2fba-4e44-8961-aaec467dfe06 topic=message.EventAssetOCRCompleted
time=2026-08-21T20:16:40.856+02:00 level=INFO msg="starting text extraction for asset" id=da3gdmuqbbt3vq4gd190 filename=da3gdmuqbbt3vq4gd190-lungenerkrankungen-2018-pdf
time=2026-08-21T20:16:40.876+02:00 level=INFO msg="text extraction completed successfully" id=da3gdmuqbbt3vq4gd190 text_length=12938 engine=pdf-textlayer
time=2026-08-21T20:16:40.880+02:00 level=INFO msg="No subscribers to send message" pubsub_uuid=UHeed6fxBdhxGQN7v8J2hB message_uuid=5d9e678e-acf4-4830-b8ba-02f52db4d61b topic=message.EventAssetOCRCompleted
time=2026-08-21T20:16:40.894+02:00 level=INFO msg="starting text extraction for asset" id=da3gdmuqbbt3vq4gd5r0 filename=da3gdmuqbbt3vq4gd5r0-notfälle_pneumologie-pdf
time=2026-08-21T20:16:40.900+02:00 level=INFO msg="text extraction completed successfully" id=da3gdmuqbbt3vq4gd5r0 text_length=2949 engine=pdf-textlayer
time=2026-08-21T20:16:40.903+02:00 level=INFO msg="No subscribers to send message" pubsub_uuid=UHeed6fxBdhxGQN7v8J2hB message_uuid=f0b57bd5-685e-4c98-9150-85387186c892 topic=message.EventAssetOCRCompleted
time=2026-08-21T20:16:40.906+02:00 level=INFO msg="starting text extraction for asset" id=da3gdmuqbbt3vq4gd720 filename=da3gdmuqbbt3vq4gd720-prophylaxe-der-infektiösen-endokarditis-pdf
time=2026-08-21T20:16:40.929+02:00 level=INFO msg="text extraction completed successfully" id=da3gdmuqbbt3vq4gd720 text_length=52793 engine=pdf-textlayer
time=2026-08-21T20:16:40.936+02:00 level=INFO msg="No subscribers to send message" pubsub_uuid=UHeed6fxBdhxGQN7v8J2hB topic=message.EventAssetOCRCompleted message_uuid=12a5391b-1cf2-4493-bb93-28bf890be4ee
time=2026-08-21T20:16:40.948+02:00 level=INFO msg="starting text extraction for asset" id=da3gdmuqbbt3vq4gd8a0 filename=da3gdmuqbbt3vq4gd8a0-unklare-lk-schwellung-pdf
time=2026-08-21T20:16:41.040+02:00 level=INFO msg="text extraction completed successfully" id=da3gdmuqbbt3vq4gd8a0 text_length=9815 engine=pdf-textlayer
time=2026-08-21T20:16:41.049+02:00 level=INFO msg="No subscribers to send message" pubsub_uuid=UHeed6fxBdhxGQN7v8J2hB message_uuid=a319f47c-54e4-4182-a6bc-1188b2e4ed0e topic=message.EventAssetOCRCompleted
time=2026-08-21T20:16:41.056+02:00 level=INFO msg="starting text extraction for asset" id=da3gdmuqbbt3vq4gdat0 filename=da3gdmuqbbt3vq4gdat0-vl_nierenversagen-pdf
time=2026-08-21T20:16:41.059+02:00 level=WARN msg="pdf text layer extraction failed, will try rasterisation fallback" error="not a PDF file: missing %%EOF"
time=2026-08-21T20:16:43.157+02:00 level=WARN msg="OCR engine unavailable, skipping asset" id=da3gdmuqbbt3vq4gdat0
time=2026-08-21T20:16:43.171+02:00 level=WARN msg="skipping OCR processing because file exceeds size limit" id=da3gdmuqbbt3vq4gdf10 size=70441807
time=2026-08-21T20:16:43.228+02:00 level=INFO msg="starting text extraction for asset" id=da3gdn6qbbt3vq4gdf80 filename=da3gdn6qbbt3vq4gdf80-kfo-altklausuren-pdf
time=2026-08-21T20:16:43.284+02:00 level=INFO msg="text extraction completed successfully" id=da3gdn6qbbt3vq4gdf80 text_length=42634 engine=pdf-textlayer
time=2026-08-21T20:16:43.292+02:00 level=INFO msg="No subscribers to send message" pubsub_uuid=UHeed6fxBdhxGQN7v8J2hB message_uuid=2257f318-16f6-42f9-b5aa-a4f5070f2f64 topic=message.EventAssetOCRCompleted
time=2026-08-21T20:16:43.307+02:00 level=INFO msg="starting text extraction for asset" id=da3gdn6qbbt3vq4gdfg0 filename=da3gdn6qbbt3vq4gdfg0-einführung-1-einleitung-begriffe-und-definitionen-pdf
time=2026-08-21T20:16:43.312+02:00 level=WARN msg="pdf text layer extraction failed, will try rasterisation fallback" error="malformed PDF: 256-bit encryption key"
time=2026-08-21T20:16:45.952+02:00 level=WARN msg="OCR engine unavailable, skipping asset" id=da3gdn6qbbt3vq4gdfg0
time=2026-08-21T20:16:45.987+02:00 level=INFO msg="starting text extraction for asset" id=da3gdn6qbbt3vq4gdfp0 filename=da3gdn6qbbt3vq4gdfp0-einführung-10-kieferorthopädische-werkstoffkunde-pdf
time=2026-08-21T20:16:45.992+02:00 level=WARN msg="pdf text layer extraction failed, will try rasterisation fallback" error="malformed PDF: 256-bit encryption key"
time=2026-08-21T20:16:48.176+02:00 level=WARN msg="OCR engine unavailable, skipping asset" id=da3gdn6qbbt3vq4gdfp0
time=2026-08-21T20:16:48.202+02:00 level=INFO msg="starting text extraction for asset" id=da3gdn6qbbt3vq4gdg30 filename=da3gdn6qbbt3vq4gdg30-einführung-2-pränatale-schädelentwicklung-pdf
time=2026-08-21T20:16:48.205+02:00 level=WARN msg="pdf text layer extraction failed, will try rasterisation fallback" error="malformed PDF: 256-bit encryption key"
time=2026-08-21T20:16:51.067+02:00 level=WARN msg="OCR engine unavailable, skipping asset" id=da3gdn6qbbt3vq4gdg30
time=2026-08-21T20:16:51.103+02:00 level=INFO msg="starting text extraction for asset" id=da3gdn6qbbt3vq4gdge0 filename=da3gdn6qbbt3vq4gdge0-einführung-3-postnatale-schädelentwicklung-pdf
time=2026-08-21T20:16:51.108+02:00 level=WARN msg="pdf text layer extraction failed, will try rasterisation fallback" error="malformed PDF: 256-bit encryption key"
time=2026-08-21T20:16:53.621+02:00 level=WARN msg="OCR engine unavailable, skipping asset" id=da3gdn6qbbt3vq4gdge0
time=2026-08-21T20:16:53.648+02:00 level=INFO msg="starting text extraction for asset" id=da3gdn6qbbt3vq4gdgq0 filename=da3gdn6qbbt3vq4gdgq0-einführung-4-gebissentwicklung-pdf
time=2026-08-21T20:16:53.653+02:00 level=WARN msg="pdf text layer extraction failed, will try rasterisation fallback" error="malformed PDF: 256-bit encryption key"
time=2026-08-21T20:16:56.264+02:00 level=WARN msg="OCR engine unavailable, skipping asset" id=da3gdn6qbbt3vq4gdgq0
time=2026-08-21T20:16:56.296+02:00 level=INFO msg="starting text extraction for asset" id=da3gdn6qbbt3vq4gdh70 filename=da3gdn6qbbt3vq4gdh70-einführung-5-eugnathie-und-dysgnathie-i-pdf
time=2026-08-21T20:16:56.300+02:00 level=WARN msg="pdf text layer extraction failed, will try rasterisation fallback" error="malformed PDF: 256-bit encryption key"
time=2026-08-21T20:16:58.656+02:00 level=WARN msg="OCR engine unavailable, skipping asset" id=da3gdn6qbbt3vq4gdh70
time=2026-08-21T20:16:58.689+02:00 level=INFO msg="starting text extraction for asset" id=da3gdn6qbbt3vq4gdhl0 filename=da3gdn6qbbt3vq4gdhl0-einführung-6-eugnathie-und-dysgnathie-ii-pdf
time=2026-08-21T20:16:58.694+02:00 level=WARN msg="pdf text layer extraction failed, will try rasterisation fallback" error="malformed PDF: 256-bit encryption key"
time=2026-08-21T20:17:03.640+02:00 level=WARN msg="OCR engine unavailable, skipping asset" id=da3gdn6qbbt3vq4gdhl0
time=2026-08-21T20:17:03.679+02:00 level=INFO msg="starting text extraction for asset" id=da3gdn6qbbt3vq4gdi40 filename=da3gdn6qbbt3vq4gdi40-einführung-7-kieferorthopädische-apparaturen-i-pdf
time=2026-08-21T20:17:03.685+02:00 level=WARN msg="pdf text layer extraction failed, will try rasterisation fallback" error="malformed PDF: 256-bit encryption key"
time=2026-08-21T20:17:06.744+02:00 level=WARN msg="OCR engine unavailable, skipping asset" id=da3gdn6qbbt3vq4gdi40
time=2026-08-21T20:17:06.782+02:00 level=INFO msg="starting text extraction for asset" id=da3gdn6qbbt3vq4gdik0 filename=da3gdn6qbbt3vq4gdik0-einführung-8-kieferorthopädische-apparaturen-ii-pdf
time=2026-08-21T20:17:06.787+02:00 level=WARN msg="pdf text layer extraction failed, will try rasterisation fallback" error="unsupported PDF: encryption version V=4; <</CF <</StdCF <</AuthEvent /DocOpen /CFM /V2 /Length 16 /Type /CryptFilter>>>> /EncryptMetadata true /Filter /Standard /Length 128 /O \"_H\\xa1\\xe1\\xf4U\\xff\\xbabf@\\x1bh{\\x19\\x9a\\xc5\\x13K8\\xe5\\xbc\\xf9K\\x97\\xbb\\xc0s\\xfa@\\x14\\xfd\" /P -1340 /R 4 /StmF /StdCF /StrF /StdCF /U \"r R\\x9b \\x8c\\x9a\\x89\\x16v*z\\xb9\\x9f\\xb09(\\xbfN^Nu\\x8aAd\\x00NV\\xff\\xfa\\x01\\b\" /V 4>>"
time=2026-08-21T20:17:09.849+02:00 level=WARN msg="OCR engine unavailable, skipping asset" id=da3gdn6qbbt3vq4gdik0
time=2026-08-21T20:17:09.888+02:00 level=INFO msg="starting text extraction for asset" id=da3gdn6qbbt3vq4gdj50 filename=da3gdn6qbbt3vq4gdj50-einführung-9-biologie-der-zahnbewegung-pdf
time=2026-08-21T20:17:09.897+02:00 level=WARN msg="pdf text layer extraction failed, will try rasterisation fallback" error="malformed PDF: 256-bit encryption key"
time=2026-08-21T20:17:15.172+02:00 level=WARN msg="OCR engine unavailable, skipping asset" id=da3gdn6qbbt3vq4gdj50
time=2026-08-21T20:17:15.179+02:00 level=WARN msg="skipping OCR processing because file exceeds size limit" id=da3gdn6qbbt3vq4gdjn0 size=206762706
time=2026-08-21T20:17:15.183+02:00 level=WARN msg="skipping OCR processing because file exceeds size limit" id=da3gdneqbbt3vq4gdka0 size=114330147
time=2026-08-21T20:17:15.233+02:00 level=INFO msg="starting text extraction for asset" id=da3gdneqbbt3vq4gdku0 filename=da3gdneqbbt3vq4gdku0-klausur-zusammenfassung-pdf
time=2026-08-21T20:17:16.119+02:00 level=INFO msg="text extraction completed successfully" id=da3gdneqbbt3vq4gdku0 text_length=35440 engine=pdf-textlayer
time=2026-08-21T20:17:16.128+02:00 level=INFO msg="No subscribers to send message" pubsub_uuid=UHeed6fxBdhxGQN7v8J2hB message_uuid=f812ccf6-bc91-4f27-90c7-40c05b4b0e8d topic=message.EventAssetOCRCompleted
time=2026-08-21T20:17:16.130+02:00 level=INFO msg="starting text extraction for asset" id=da3gdneqbbt3vq4gdlj0 filename=da3gdneqbbt3vq4gdlj0-biegeübung-konstruktionsplan-pdf
time=2026-08-21T20:17:16.134+02:00 level=WARN msg="pdf text layer extraction failed, will try rasterisation fallback" error="unsupported PDF: encryption version V=4; <</CF <</StdCF <</AuthEvent /DocOpen /CFM /V2 /Length 16>>>> /Filter /Standard /Length 128 /O \"\\x81I\\x9c\\xecz\\xed\\xc9\\x7f\\x9aɾ?\\x81f\\xfe4\\x7f.0\\xd6\\xf6\\x92\\v@\\xfcm6\\x83'\\xb0\\xee'\" /P -1324 /R 4 /StmF /StdCF /StrF /StdCF /U \"#v\\xd1\\xedE\\x9a\\xc5\\xc0sFIЂ\\xfa\\x12q\\x00\\x00\\x00\\x00\\x00\\x00\\x00\\x00\\x00\\x00\\x00\\x00\\x00\\x00\\x00\\x00\" /V 4>>"
time=2026-08-21T20:17:16.395+02:00 level=WARN msg="OCR engine unavailable, skipping asset" id=da3gdneqbbt3vq4gdlj0
time=2026-08-21T20:17:16.417+02:00 level=INFO msg="starting text extraction for asset" id=da3gdneqbbt3vq4gdm90 filename=da3gdneqbbt3vq4gdm90-bionator-pdf
time=2026-08-21T20:17:16.421+02:00 level=WARN msg="pdf text layer extraction failed, will try rasterisation fallback" error="unsupported PDF: encryption version V=4; <</CF <</StdCF <</AuthEvent /DocOpen /CFM /V2 /Length 16>>>> /Filter /Standard /Length 128 /O \"\\x81I\\x9c\\xecz\\xed\\xc9\\x7f\\x9aɾ?\\x81f\\xfe4\\x7f.0\\xd6\\xf6\\x92\\v@\\xfcm6\\x83'\\xb0\\xee'\" /P -1324 /R 4 /StmF /StdCF /StrF /StdCF /U \":\\xe7\\x033ry\\x1f\\x16u\\xa9Ym\\xa4\\x1fc-\\x00\\x00\\x00\\x00\\x00\\x00\\x00\\x00\\x00\\x00\\x00\\x00\\x00\\x00\\x00\\x00\" /V 4>>"
time=2026-08-21T20:17:29.177+02:00 level=WARN msg="OCR engine unavailable, skipping asset" id=da3gdneqbbt3vq4gdm90
time=2026-08-21T20:17:29.203+02:00 level=INFO msg="starting text extraction for asset" id=da3gdneqbbt3vq4gdn00 filename=da3gdneqbbt3vq4gdn00-kfo_funktionskieferorthopädie-pdf
time=2026-08-21T20:17:29.219+02:00 level=INFO msg="text extraction completed successfully" id=da3gdneqbbt3vq4gdn00 text_length=6227 engine=pdf-textlayer
time=2026-08-21T20:17:29.224+02:00 level=INFO msg="No subscribers to send message" pubsub_uuid=UHeed6fxBdhxGQN7v8J2hB message_uuid=56d5f8a4-d1be-4185-9fb4-2a70c18de317 topic=message.EventAssetOCRCompleted
time=2026-08-21T20:17:29.229+02:00 level=INFO msg="starting text extraction for asset" id=da3gdneqbbt3vq4gdno0 filename=da3gdneqbbt3vq4gdno0-kfo_modellanalyse-pdf
time=2026-08-21T20:17:29.247+02:00 level=INFO msg="text extraction completed successfully" id=da3gdneqbbt3vq4gdno0 text_length=9595 engine=pdf-textlayer
time=2026-08-21T20:17:29.254+02:00 level=INFO msg="No subscribers to send message" pubsub_uuid=UHeed6fxBdhxGQN7v8J2hB message_uuid=e1d729b1-22c1-4770-8737-c21d865b66e6 topic=message.EventAssetOCRCompleted
time=2026-08-21T20:17:29.263+02:00 level=INFO msg="starting text extraction for asset" id=da3gdneqbbt3vq4gdoh0 filename=da3gdneqbbt3vq4gdoh0-tk_2_schaumodell-pdf
time=2026-08-21T20:17:29.292+02:00 level=INFO msg="text extraction completed successfully" id=da3gdneqbbt3vq4gdoh0 text_length=4805 engine=pdf-textlayer
time=2026-08-21T20:17:29.297+02:00 level=INFO msg="No subscribers to send message" pubsub_uuid=UHeed6fxBdhxGQN7v8J2hB message_uuid=aeba7a5d-0818-4909-9672-48a2da91c905 topic=message.EventAssetOCRCompleted
time=2026-08-21T20:17:29.304+02:00 level=INFO msg="starting text extraction for asset" id=da3gdneqbbt3vq4gdpb0 filename=da3gdneqbbt3vq4gdpb0-tk_3_biegeübung-pdf
time=2026-08-21T20:17:29.321+02:00 level=INFO msg="text extraction completed successfully" id=da3gdneqbbt3vq4gdpb0 text_length=2229 engine=pdf-textlayer
time=2026-08-21T20:17:29.326+02:00 level=INFO msg="No subscribers to send message" pubsub_uuid=UHeed6fxBdhxGQN7v8J2hB message_uuid=12d6e309-e1d0-4b5f-9ae3-39eb6491e6d9 topic=message.EventAssetOCRCompleted
time=2026-08-21T20:17:29.334+02:00 level=INFO msg="starting text extraction for asset" id=da3gdneqbbt3vq4gdq60 filename=da3gdneqbbt3vq4gdq60-tk_4_kunststoffübung-pdf
time=2026-08-21T20:17:29.359+02:00 level=INFO msg="text extraction completed successfully" id=da3gdneqbbt3vq4gdq60 text_length=4324 engine=pdf-textlayer
time=2026-08-21T20:17:29.364+02:00 level=INFO msg="No subscribers to send message" pubsub_uuid=UHeed6fxBdhxGQN7v8J2hB topic=message.EventAssetOCRCompleted message_uuid=84b081bd-ba5a-4062-baa0-5ddb6e3af9fa
time=2026-08-21T20:17:29.373+02:00 level=INFO msg="starting text extraction for asset" id=da3gdneqbbt3vq4gdr20 filename=da3gdneqbbt3vq4gdr20-tk_5_plattenapparatur-pdf
time=2026-08-21T20:17:29.431+02:00 level=INFO msg="text extraction completed successfully" id=da3gdneqbbt3vq4gdr20 text_length=7449 engine=pdf-textlayer
time=2026-08-21T20:17:29.438+02:00 level=INFO msg="No subscribers to send message" pubsub_uuid=UHeed6fxBdhxGQN7v8J2hB message_uuid=85331463-d4b3-4614-8d0b-c4b7000ff1a0 topic=message.EventAssetOCRCompleted
time=2026-08-21T20:17:29.449+02:00 level=INFO msg="starting text extraction for asset" id=da3gdneqbbt3vq4gdrv0 filename=da3gdneqbbt3vq4gdrv0-tk_6_fko_theorie-pdf
time=2026-08-21T20:17:29.535+02:00 level=INFO msg="text extraction completed successfully" id=da3gdneqbbt3vq4gdrv0 text_length=6947 engine=pdf-textlayer
time=2026-08-21T20:17:29.543+02:00 level=INFO msg="No subscribers to send message" pubsub_uuid=UHeed6fxBdhxGQN7v8J2hB message_uuid=cad0aba5-388f-422b-ac45-80de71ba69c5 topic=message.EventAssetOCRCompleted
time=2026-08-21T20:17:29.548+02:00 level=INFO msg="starting text extraction for asset" id=da3gdneqbbt3vq4gdst0 filename=da3gdneqbbt3vq4gdst0-tk_7_biegeübung_2_wsk-pdf
time=2026-08-21T20:17:29.563+02:00 level=INFO msg="text extraction completed successfully" id=da3gdneqbbt3vq4gdst0 text_length=3662 engine=pdf-textlayer
time=2026-08-21T20:17:29.568+02:00 level=INFO msg="No subscribers to send message" pubsub_uuid=UHeed6fxBdhxGQN7v8J2hB message_uuid=fd8a5042-5746-4137-b750-f2e831368176 topic=message.EventAssetOCRCompleted
time=2026-08-21T20:17:29.580+02:00 level=INFO msg="starting text extraction for asset" id=da3gdneqbbt3vq4gdts0 filename=da3gdneqbbt3vq4gdts0-tk_8_fko_aktivator_praxis-pdf
time=2026-08-21T20:17:29.608+02:00 level=INFO msg="text extraction completed successfully" id=da3gdneqbbt3vq4gdts0 text_length=10221 engine=pdf-textlayer
time=2026-08-21T20:17:29.614+02:00 level=INFO msg="No subscribers to send message" pubsub_uuid=UHeed6fxBdhxGQN7v8J2hB topic=message.EventAssetOCRCompleted message_uuid=ee256732-9ee6-4570-9a70-1e73636433fc
time=2026-08-21T20:17:29.636+02:00 level=INFO msg="starting text extraction for asset" id=da3gdnmqbbt3vq4gdus0 filename=da3gdnmqbbt3vq4gdus0-01-anamnese-und-extraoraler-befund-pdf
time=2026-08-21T20:17:29.642+02:00 level=WARN msg="pdf text layer extraction failed, will try rasterisation fallback" error="unsupported PDF: encryption version V=4; <</CF <</StdCF <</AuthEvent /DocOpen /CFM /V2 /Length 16 /Type /CryptFilter>>>> /EncryptMetadata true /Filter /Standard /Length 128 /O \"\\x9e\\xb8\\xfd\\xee0y\\xee\\xf9W\\xa3u\\x8eJ\\x1d\\x10\\x01ϮƦ2\\x17Ӯ\\x7f\\xa9\\x8ft\\xe1\\x955o\" /P -1340 /R 4 /StmF /StdCF /StrF /StdCF /U \"ѧ\\x98]\\xa3t\\xbepC\\u05ecYbrf\\xb0(\\xbfN^Nu\\x8aAd\\x00NV\\xff\\xfa\\x01\\b\" /V 4>>"
time=2026-08-21T20:17:32.741+02:00 level=WARN msg="OCR engine unavailable, skipping asset" id=da3gdnmqbbt3vq4gdus0
time=2026-08-21T20:17:32.791+02:00 level=INFO msg="starting text extraction for asset" id=da3gdnmqbbt3vq4gdvt0 filename=da3gdnmqbbt3vq4gdvt0-02-intraoraler-befund-und-funktionsbefund-pdf
time=2026-08-21T20:17:32.797+02:00 level=WARN msg="pdf text layer extraction failed, will try rasterisation fallback" error="unsupported PDF: encryption version V=4; <</CF <</StdCF <</AuthEvent /DocOpen /CFM /V2 /Length 16 /Type /CryptFilter>>>> /EncryptMetadata true /Filter /Standard /Length 128 /O \"\\x14\\x01Bf_u^\\xa2{\\xf0\\x11\\x9c\\\\\\xc4S\\xfb6\\xac\\xbb\\x94\\x93g/\\x96\\xbd{[aV\\x90\\xa1\\xf6\" /P -1340 /R 4 /StmF /StdCF /StrF /StdCF /U \"H_B\\xe63PH\\xc4\\xd2:\\xfc9Ջ\\xa7\\xc4(\\xbfN^Nu\\x8aAd\\x00NV\\xff\\xfa\\x01\\b\" /V 4>>"
time=2026-08-21T20:17:35.884+02:00 level=WARN msg="OCR engine unavailable, skipping asset" id=da3gdnmqbbt3vq4gdvt0
time=2026-08-21T20:17:35.926+02:00 level=INFO msg="starting text extraction for asset" id=da3gdnmqbbt3vq4ge0v0 filename=da3gdnmqbbt3vq4ge0v0-03-röntgenbefund-psa-handröntgen-und-dvt-pdf
time=2026-08-21T20:17:35.934+02:00 level=WARN msg="pdf text layer extraction failed, will try rasterisation fallback" error="unsupported PDF: encryption version V=4; <</CF <</StdCF <</AuthEvent /DocOpen /CFM /V2 /Length 16 /Type /CryptFilter>>>> /EncryptMetadata true /Filter /Standard /Length 128 /O \"N\\x14[\\x02>ѽaa\\x81z\\xc2Ŝs/9\\x16\\x97\\xebm\\xa0\\x15\\x00hXj\\x9e\\xe3d\\xd0\\xf5\" /P -1340 /R 4 /StmF /StdCF /StrF /StdCF /U \"\\xe8$\\x87\\xbf\\xa3\\xbd\\xcc<\\x9d\\x99S\\x9bf\\x84\\xa6J(\\xbfN^Nu\\x8aAd\\x00NV\\xff\\xfa\\x01\\b\" /V 4>>"
time=2026-08-21T20:17:39.350+02:00 level=WARN msg="OCR engine unavailable, skipping asset" id=da3gdnmqbbt3vq4ge0v0
time=2026-08-21T20:17:39.403+02:00 level=INFO msg="starting text extraction for asset" id=da3gdnmqbbt3vq4ge220 filename=da3gdnmqbbt3vq4ge220-04-röntgenbefund-fernröntgenseitenbild-i-pdf
time=2026-08-21T20:17:39.411+02:00 level=WARN msg="pdf text layer extraction failed, will try rasterisation fallback" error="unsupported PDF: encryption version V=4; <</CF <</StdCF <</AuthEvent /DocOpen /CFM /V2 /Length 16 /Type /CryptFilter>>>> /EncryptMetadata true /Filter /Standard /Length 128 /O \"T\\xa5\\xb62\\x11\\x80\\xf5\\x18{\\x16\\x06\\x1a\\x8bf\\xb8c\\xf8\\x1av\\xe21'\\x81Yi\\xdcl#_\\x90\\x80\\x8d\" /P -1340 /R 4 /StmF /StdCF /StrF /StdCF /U \"v\\xdeO\\xf6\\x97\\xeb\\xed\\x8c\\x03\\t\\xe21!+\\xf4X(\\xbfN^Nu\\x8aAd\\x00NV\\xff\\xfa\\x01\\b\" /V 4>>"
time=2026-08-21T20:17:43.014+02:00 level=WARN msg="OCR engine unavailable, skipping asset" id=da3gdnmqbbt3vq4ge220
time=2026-08-21T20:17:43.057+02:00 level=INFO msg="starting text extraction for asset" id=da3gdnmqbbt3vq4ge360 filename=da3gdnmqbbt3vq4ge360-05-röntgenbefund-fernröntgenseitenbild-ii-pdf
time=2026-08-21T20:17:43.063+02:00 level=WARN msg="pdf text layer extraction failed, will try rasterisation fallback" error="unsupported PDF: encryption version V=4; <</CF <</StdCF <</AuthEvent /DocOpen /CFM /V2 /Length 16 /Type /CryptFilter>>>> /EncryptMetadata true /Filter /Standard /Length 128 /O \"ˇ¼9…Áâ˛¸b:éº6¡˙õ®àCVàAñ¥?›!Õí”E„\" /P -1340 /R 4 /StmF /StdCF /StrF /StdCF /U \"\\x90\\xff\\xd82\\x8f\\xfe\\x8e\\x18\\xcf\\x035V\\xa1\\xb58\\v(\\xbfN^Nu\\x8aAd\\x00NV\\xff\\xfa\\x01\\b\" /V 4>>"
time=2026-08-21T20:17:47.061+02:00 level=WARN msg="OCR engine unavailable, skipping asset" id=da3gdnmqbbt3vq4ge360
time=2026-08-21T20:17:47.119+02:00 level=INFO msg="starting text extraction for asset" id=da3gdnmqbbt3vq4ge4b0 filename=da3gdnmqbbt3vq4ge4b0-06-modellbefund-modellanalyse-pdf
time=2026-08-21T20:17:47.129+02:00 level=WARN msg="pdf text layer extraction failed, will try rasterisation fallback" error="unsupported PDF: encryption version V=4; <</CF <</StdCF <</AuthEvent /DocOpen /CFM /V2 /Length 16 /Type /CryptFilter>>>> /EncryptMetadata true /Filter /Standard /Length 128 /O \"\\x06\\xd4y\\xeb\\xf4\\xc1\\xd6u\\xfb\\x8a\\x01 G*k\\x94B^eǁ\\xf5\\xf9\\xdcM\\xe6\\x969F@ޗ\" /P -1340 /R 4 /StmF /StdCF /StrF /StdCF /U \"#;\\xae\\xa47~\\x9d,\\xb7p\\xe5\\xfa\\r<5\\x01(\\xbfN^Nu\\x8aAd\\x00NV\\xff\\xfa\\x01\\b\" /V 4>>"
time=2026-08-21T20:17:50.256+02:00 level=WARN msg="OCR engine unavailable, skipping asset" id=da3gdnmqbbt3vq4ge4b0
time=2026-08-21T20:17:50.301+02:00 level=INFO msg="starting text extraction for asset" id=da3gdnmqbbt3vq4ge5h0 filename=da3gdnmqbbt3vq4ge5h0-07-kieferorthopädischer-gesamtbefund-und-therapieprinzipien-pdf
time=2026-08-21T20:17:50.310+02:00 level=WARN msg="pdf text layer extraction failed, will try rasterisation fallback" error="unsupported PDF: encryption version V=4; <</CF <</StdCF <</AuthEvent /DocOpen /CFM /V2 /Length 16 /Type /CryptFilter>>>> /EncryptMetadata true /Filter /Standard /Length 128 /O \"\\x90\\xcd\\xd4\\x17kM\\xf0ʵ\\xb9\\xaf\\x1d\\xb6\\x8bd\\xd7<5\\x80\\u07bcȇc\\xdeqA\\x0f\\xf5\\xfc\\xf6&\" /P -1340 /R 4 /StmF /StdCF /StrF /StdCF /U \"\\xe30V,O\\x83P\\xbcE\\xf6\\xd4\\xce\\xf2\\xc5\\x1f\\xb6(\\xbfN^Nu\\x8aAd\\x00NV\\xff\\xfa\\x01\\b\" /V 4>>"
time=2026-08-21T20:17:53.822+02:00 level=WARN msg="OCR engine unavailable, skipping asset" id=da3gdnmqbbt3vq4ge5h0
time=2026-08-21T20:17:53.868+02:00 level=INFO msg="starting text extraction for asset" id=da3gdnmqbbt3vq4ge6o0 filename=da3gdnmqbbt3vq4ge6o0-08-prävention-und-frühbehandlung-i-pdf
time=2026-08-21T20:17:53.875+02:00 level=WARN msg="pdf text layer extraction failed, will try rasterisation fallback" error="unsupported PDF: encryption version V=4; <</CF <</StdCF <</AuthEvent /DocOpen /CFM /V2 /Length 16 /Type /CryptFilter>>>> /EncryptMetadata true /Filter /Standard /Length 128 /O \"\\x01h\\xe4\\xce,\\xe6\\x18\\xb3\\x96\\xdfAE\\x94\\xdc\\\"\\x02ϸ\\t\\xdcnY\\x043z\\xb5.\\xfe\\xbds\\x04\\x12\" /P -1340 /R 4 /StmF /StdCF /StrF /StdCF /U \"\\x99d\\xee\\xe4\\xee\\xb7$\\\\'P0\\xcec\\xe2cJ(\\xbfN^Nu\\x8aAd\\x00NV\\xff\\xfa\\x01\\b\" /V 4>>"
time=2026-08-21T20:17:55.977+02:00 level=WARN msg="OCR engine unavailable, skipping asset" id=da3gdnmqbbt3vq4ge6o0
time=2026-08-21T20:17:56.019+02:00 level=INFO msg="starting text extraction for asset" id=da3gdnmqbbt3vq4ge800 filename=da3gdnmqbbt3vq4ge800-09-prävention-und-frühbehandlung-ii-pdf
time=2026-08-21T20:17:56.025+02:00 level=WARN msg="pdf text layer extraction failed, will try rasterisation fallback" error="unsupported PDF: encryption version V=4; <</CF <</StdCF <</AuthEvent /DocOpen /CFM /V2 /Length 16 /Type /CryptFilter>>>> /EncryptMetadata true /Filter /Standard /Length 128 /O \"t\\xec@qt\\x99H\\xc8Z\\t\\xf6P\\x8da\\xfc?U3Qn\\xfa\\x7f\\x90\\xa2\\xeb\\x7f\\xcb\\x10\\xea\\xf9\\xcf\\xe2\" /P -1340 /R 4 /StmF /StdCF /StrF /StdCF /U \"\\x15|\\t7\\xdf\\xff\\x94$^\\x14\\xbe\\xa7\\xff\\xde\\x19Y(\\xbfN^Nu\\x8aAd\\x00NV\\xff\\xfa\\x01\\b\" /V 4>>"
time=2026-08-21T20:17:58.949+02:00 level=WARN msg="OCR engine unavailable, skipping asset" id=da3gdnmqbbt3vq4ge800
time=2026-08-21T20:17:58.969+02:00 level=INFO msg="starting text extraction for asset" id=da3gdnmqbbt3vq4ge990 filename=da3gdnmqbbt3vq4ge990-10-kontaktpunkte-zwischen-kieferorthopädie-und-zahnerhaltung-prothetik-chirurgie-pdf
time=2026-08-21T20:17:59.010+02:00 level=INFO msg="text extraction completed successfully" id=da3gdnmqbbt3vq4ge990 text_length=18632 engine=pdf-textlayer
time=2026-08-21T20:17:59.016+02:00 level=INFO msg="No subscribers to send message" pubsub_uuid=UHeed6fxBdhxGQN7v8J2hB message_uuid=51571669-6ae6-479b-b2cd-b2cd4f38dc9f topic=message.EventAssetOCRCompleted
time=2026-08-21T20:17:59.018+02:00 level=INFO msg="starting text extraction for asset" id=da3gdnmqbbt3vq4geaj0 filename=da3gdnmqbbt3vq4geaj0-kfo-diagnostik-leitsymptome-klink-heckmann-pdf
time=2026-08-21T20:17:59.021+02:00 level=INFO msg="text extraction completed successfully" id=da3gdnmqbbt3vq4geaj0 text_length=1417 engine=pdf-textlayer
time=2026-08-21T20:17:59.025+02:00 level=INFO msg="No subscribers to send message" pubsub_uuid=UHeed6fxBdhxGQN7v8J2hB message_uuid=0498abdc-6440-445e-bba8-8932af0e4c17 topic=message.EventAssetOCRCompleted
time=2026-08-21T20:17:59.029+02:00 level=INFO msg="starting text extraction for asset" id=da3gdnmqbbt3vq4gebu0 filename=da3gdnmqbbt3vq4gebu0-00-introduction-pdf
time=2026-08-21T20:17:59.046+02:00 level=INFO msg="text extraction completed successfully" id=da3gdnmqbbt3vq4gebu0 text_length=2320 engine=pdf-textlayer
time=2026-08-21T20:17:59.049+02:00 level=INFO msg="No subscribers to send message" pubsub_uuid=UHeed6fxBdhxGQN7v8J2hB message_uuid=8eecd3c1-29b4-4978-9079-e7a9d3328490 topic=message.EventAssetOCRCompleted
time=2026-08-21T20:17:59.063+02:00 level=INFO msg="starting text extraction for asset" id=da3gdnmqbbt3vq4geda0 filename=da3gdnmqbbt3vq4geda0-01-diagnostik-repetitorium-i-pdf
time=2026-08-21T20:17:59.067+02:00 level=WARN msg="pdf text layer extraction failed, will try rasterisation fallback" error="unsupported PDF: encryption version V=4; <</CF <</StdCF <</AuthEvent /DocOpen /CFM /V2 /Length 16 /Type /CryptFilter>>>> /EncryptMetadata true /Filter /Standard /Length 128 /O \"\\x9e\\xb8\\xfd\\xee0y\\xee\\xf9W\\xa3u\\x8eJ\\x1d\\x10\\x01ϮƦ2\\x17Ӯ\\x7f\\xa9\\x8ft\\xe1\\x955o\" /P -1340 /R 4 /StmF /StdCF /StrF /StdCF /U \"6\\xa5\\xf7sB\\xfb\\fn\\xf2l\\xf8\\xe5-M\\xd4\\xc7(\\xbfN^Nu\\x8aAd\\x00NV\\xff\\xfa\\x01\\b\" /V 4>>"
time=2026-08-21T20:18:02.294+02:00 level=WARN msg="OCR engine unavailable, skipping asset" id=da3gdnmqbbt3vq4geda0
time=2026-08-21T20:18:02.308+02:00 level=INFO msg="starting text extraction for asset" id=da3gdnmqbbt3vq4geen0 filename=da3gdnmqbbt3vq4geen0-01-human-genome-and-central-dogma-pdf
time=2026-08-21T20:18:02.329+02:00 level=INFO msg="text extraction completed successfully" id=da3gdnmqbbt3vq4geen0 text_length=5787 engine=pdf-textlayer
time=2026-08-21T20:18:02.333+02:00 level=INFO msg="No subscribers to send message" pubsub_uuid=UHeed6fxBdhxGQN7v8J2hB message_uuid=9cb51190-fbe0-45f0-86a1-f47ade8946ad topic=message.EventAssetOCRCompleted
time=2026-08-21T20:18:02.344+02:00 level=INFO msg="starting text extraction for asset" id=da3gdnmqbbt3vq4geg50 filename=da3gdnmqbbt3vq4geg50-02-diagnostik-repetitorium-ii-pdf
time=2026-08-21T20:18:02.349+02:00 level=WARN msg="pdf text layer extraction failed, will try rasterisation fallback" error="unsupported PDF: encryption version V=4; <</CF <</StdCF <</AuthEvent /DocOpen /CFM /V2 /Length 16 /Type /CryptFilter>>>> /EncryptMetadata true /Filter /Standard /Length 128 /O \"\\x14\\x01Bf_u^\\xa2{\\xf0\\x11\\x9c\\\\\\xc4S\\xfb6\\xac\\xbb\\x94\\x93g/\\x96\\xbd{[aV\\x90\\xa1\\xf6\" /P -1340 /R 4 /StmF /StdCF /StrF /StdCF /U \"%D@\\x05\\xa0(\\xe5\\x99\\xf2\\x10%\\xb6DE\\xb3\\xd1(\\xbfN^Nu\\x8aAd\\x00NV\\xff\\xfa\\x01\\b\" /V 4>>"
time=2026-08-21T20:18:05.794+02:00 level=WARN msg="OCR engine unavailable, skipping asset" id=da3gdnmqbbt3vq4geg50
time=2026-08-21T20:18:05.823+02:00 level=INFO msg="starting text extraction for asset" id=da3gdnmqbbt3vq4gehk0 filename=da3gdnmqbbt3vq4gehk0-02-infectous-and-non-infectous-pdf
time=2026-08-21T20:18:05.862+02:00 level=INFO msg="text extraction completed successfully" id=da3gdnmqbbt3vq4gehk0 text_length=12104 engine=pdf-textlayer
time=2026-08-21T20:18:05.868+02:00 level=INFO msg="No subscribers to send message" pubsub_uuid=UHeed6fxBdhxGQN7v8J2hB message_uuid=1d4437d9-b5a2-4729-8e1c-af77a9656836 topic=message.EventAssetOCRCompleted
time=2026-08-21T20:18:05.879+02:00 level=INFO msg="starting text extraction for asset" id=da3gdnmqbbt3vq4gej40 filename=da3gdnmqbbt3vq4gej40-03-developmental-alterations-pdf
time=2026-08-21T20:18:05.905+02:00 level=INFO msg="text extraction completed successfully" id=da3gdnmqbbt3vq4gej40 text_length=10448 engine=pdf-textlayer
time=2026-08-21T20:18:05.910+02:00 level=INFO msg="No subscribers to send message" pubsub_uuid=UHeed6fxBdhxGQN7v8J2hB message_uuid=1a4127ac-07b8-44a8-92ab-cd7829983a58 topic=message.EventAssetOCRCompleted
time=2026-08-21T20:18:05.928+02:00 level=INFO msg="starting text extraction for asset" id=da3gdnmqbbt3vq4gekl0 filename=da3gdnmqbbt3vq4gekl0-03-zahnengstand-und-extraktionstherapie-pdf
time=2026-08-21T20:18:05.933+02:00 level=WARN msg="pdf text layer extraction failed, will try rasterisation fallback" error="unsupported PDF: encryption version V=4; <</CF <</StdCF <</AuthEvent /DocOpen /CFM /V2 /Length 16 /Type /CryptFilter>>>> /EncryptMetadata true /Filter /Standard /Length 128 /O \"N\\x14[\\x02>ѽaa\\x81z\\xc2Ŝs/9\\x16\\x97\\xebm\\xa0\\x15\\x00hXj\\x9e\\xe3d\\xd0\\xf5\" /P -1340 /R 4 /StmF /StdCF /StrF /StdCF /U \"\\x83\\xe5\\tw]\\x81\\x871\\xfd$R\\x97\\xb5\\xde\\x13\\x11(\\xbfN^Nu\\x8aAd\\x00NV\\xff\\xfa\\x01\\b\" /V 4>>"
time=2026-08-21T20:18:08.854+02:00 level=WARN msg="OCR engine unavailable, skipping asset" id=da3gdnmqbbt3vq4gekl0
time=2026-08-21T20:18:08.892+02:00 level=INFO msg="starting text extraction for asset" id=da3gdnmqbbt3vq4gem70 filename=da3gdnmqbbt3vq4gem70-04-angle-klasse-iii-pdf
time=2026-08-21T20:18:08.898+02:00 level=WARN msg="pdf text layer extraction failed, will try rasterisation fallback" error="unsupported PDF: encryption version V=4; <</CF <</StdCF <</AuthEvent /DocOpen /CFM /V2 /Length 16 /Type /CryptFilter>>>> /EncryptMetadata true /Filter /Standard /Length 128 /O \"T\\xa5\\xb62\\x11\\x80\\xf5\\x18{\\x16\\x06\\x1a\\x8bf\\xb8c\\xf8\\x1av\\xe21'\\x81Yi\\xdcl#_\\x90\\x80\\x8d\" /P -1340 /R 4 /StmF /StdCF /StrF /StdCF /U \"\\xfe\\x87\\xce\\x10\\x9f+\\n)\\xc7\\xfe\\x10\\xb3\\x8a\\xa9\\xfe:(\\xbfN^Nu\\x8aAd\\x00NV\\xff\\xfa\\x01\\b\" /V 4>>"
time=2026-08-21T20:18:11.516+02:00 level=WARN msg="OCR engine unavailable, skipping asset" id=da3gdnmqbbt3vq4gem70
time=2026-08-21T20:18:11.555+02:00 level=INFO msg="starting text extraction for asset" id=da3gdnuqbbt3vq4genq0 filename=da3gdnuqbbt3vq4genq0-05-angle-klasse-ii-1-pdf
time=2026-08-21T20:18:11.561+02:00 level=WARN msg="pdf text layer extraction failed, will try rasterisation fallback" error="unsupported PDF: encryption version V=4; <</CF <</StdCF <</AuthEvent /DocOpen /CFM /V2 /Length 16 /Type /CryptFilter>>>> /EncryptMetadata true /Filter /Standard /Length 128 /O \"ˇ¼9…Áâ˛¸b:éº6¡˙õ®àCVàAñ¥?›!Õí”E„\" /P -1340 /R 4 /StmF /StdCF /StrF /StdCF /U \"bx\\xe41\\x00\\xbe1˭\\xb0U\\xd1\\xef\\xe6/P(\\xbfN^Nu\\x8aAd\\x00NV\\xff\\xfa\\x01\\b\" /V 4>>"
time=2026-08-21T20:18:14.776+02:00 level=WARN msg="OCR engine unavailable, skipping asset" id=da3gdnuqbbt3vq4genq0
time=2026-08-21T20:18:14.809+02:00 level=INFO msg="starting text extraction for asset" id=da3gdnuqbbt3vq4gepe0 filename=da3gdnuqbbt3vq4gepe0-06-angle-klasse-ii-2-tiefbiss-und-diastema-mediale-pdf
time=2026-08-21T20:18:14.815+02:00 level=WARN msg="pdf text layer extraction failed, will try rasterisation fallback" error="unsupported PDF: encryption version V=4; <</CF <</StdCF <</AuthEvent /DocOpen /CFM /V2 /Length 16 /Type /CryptFilter>>>> /EncryptMetadata true /Filter /Standard /Length 128 /O \"\\x06\\xd4y\\xeb\\xf4\\xc1\\xd6u\\xfb\\x8a\\x01 G*k\\x94B^eǁ\\xf5\\xf9\\xdcM\\xe6\\x969F@ޗ\" /P -1340 /R 4 /StmF /StdCF /StrF /StdCF /U \"\\x80\\x85\\xd1Ե\\x8e\\xd8f\\xc7p\\xe1\\x7f\\xe7\\xfb\\xae\\xa6(\\xbfN^Nu\\x8aAd\\x00NV\\xff\\xfa\\x01\\b\" /V 4>>"
time=2026-08-21T20:18:17.670+02:00 level=WARN msg="OCR engine unavailable, skipping asset" id=da3gdnuqbbt3vq4gepe0
time=2026-08-21T20:18:17.705+02:00 level=INFO msg="starting text extraction for asset" id=da3gdnuqbbt3vq4ger30 filename=da3gdnuqbbt3vq4ger30-07-offener-biss-pdf
time=2026-08-21T20:18:17.709+02:00 level=WARN msg="pdf text layer extraction failed, will try rasterisation fallback" error="unsupported PDF: encryption version V=4; <</CF <</StdCF <</AuthEvent /DocOpen /CFM /V2 /Length 16 /Type /CryptFilter>>>> /EncryptMetadata true /Filter /Standard /Length 128 /O \"\\x90\\xcd\\xd4\\x17kM\\xf0ʵ\\xb9\\xaf\\x1d\\xb6\\x8bd\\xd7<5\\x80\\u07bcȇc\\xdeqA\\x0f\\xf5\\xfc\\xf6&\" /P -1340 /R 4 /StmF /StdCF /StrF /StdCF /U \"\\xfc\\xf3\\xaa#֜\\x98\\xc3y1v7\\xc7\\x19N\\xfe(\\xbfN^Nu\\x8aAd\\x00NV\\xff\\xfa\\x01\\b\" /V 4>>"
time=2026-08-21T20:18:21.221+02:00 level=WARN msg="OCR engine unavailable, skipping asset" id=da3gdnuqbbt3vq4ger30
time=2026-08-21T20:18:21.256+02:00 level=INFO msg="starting text extraction for asset" id=da3gdnuqbbt3vq4gesp0 filename=da3gdnuqbbt3vq4gesp0-kfo-therapie-2-spezielle-diagnostik-vor-behandlungsbeginn-pdf
time=2026-08-21T20:18:21.360+02:00 level=INFO msg="text extraction completed successfully" id=da3gdnuqbbt3vq4gesp0 text_length=17493 engine=pdf-textlayer
time=2026-08-21T20:18:21.369+02:00 level=INFO msg="No subscribers to send message" pubsub_uuid=UHeed6fxBdhxGQN7v8J2hB message_uuid=0485f82c-be42-442a-813e-7d1eec30d863 topic=message.EventAssetOCRCompleted
time=2026-08-21T20:18:21.393+02:00 level=INFO msg="starting text extraction for asset" id=da3gdnuqbbt3vq4geug0 filename=da3gdnuqbbt3vq4geug0-kfo-therapie-4-biomechanik-der-zahnbewegung-pdf
time=2026-08-21T20:18:21.438+02:00 level=INFO msg="text extraction completed successfully" id=da3gdnuqbbt3vq4geug0 text_length=12539 engine=pdf-textlayer
time=2026-08-21T20:18:21.446+02:00 level=INFO msg="No subscribers to send message" pubsub_uuid=UHeed6fxBdhxGQN7v8J2hB message_uuid=a4342dcd-0a8a-4972-91cf-692eaa1c8e93 topic=message.EventAssetOCRCompleted
time=2026-08-21T20:18:21.493+02:00 level=INFO msg="starting text extraction for asset" id=da3gdnuqbbt3vq4gf080 filename=da3gdnuqbbt3vq4gf080-kfo-therapie-5-kiederorthopaedische-fruehbehandlung-pdf
time=2026-08-21T20:18:21.569+02:00 level=INFO msg="text extraction completed successfully" id=da3gdnuqbbt3vq4gf080 text_length=14220 engine=pdf-textlayer
time=2026-08-21T20:18:21.578+02:00 level=INFO msg="No subscribers to send message" pubsub_uuid=UHeed6fxBdhxGQN7v8J2hB message_uuid=566ba425-25dd-4e26-a56a-e486cd375a47 topic=message.EventAssetOCRCompleted
time=2026-08-21T20:18:21.584+02:00 level=INFO msg="starting text extraction for asset" id=da3gdnuqbbt3vq4gf210 filename=da3gdnuqbbt3vq4gf210-kfo-fallauswertung_schritt_fuer_schritt-pdf
time=2026-08-21T20:18:21.589+02:00 level=WARN msg="pdf text layer extraction failed, will try rasterisation fallback" error="unsupported PDF: encryption version V=4; <</CF <</StdCF <</AuthEvent /DocOpen /CFM /V2 /Length 16 /Type /CryptFilter>>>> /EncryptMetadata true /Filter /Standard /Length 128 /O \"N\\x17iZ\\xa7^\\x9dF\\a\\xdc\\x1e\\x90\\x06\\x05a(@\\xa1\\xe94'\\xfd4El8\\x19CX\\x90m\\x18\" /P -1340 /R 4 /StmF /StdCF /StrF /StdCF /U \" \\xb4̤\\xb7|\\\"\\xd8Y\\xfb(oHa\\x84\\xdf(\\xbfN^Nu\\x8aAd\\x00NV\\xff\\xfa\\x01\\b\" /V 4>>"
time=2026-08-21T20:18:24.255+02:00 level=WARN msg="OCR engine unavailable, skipping asset" id=da3gdnuqbbt3vq4gf210
time=2026-08-21T20:18:24.283+02:00 level=INFO msg="starting text extraction for asset" id=da3gdnuqbbt3vq4gf3r0 filename=da3gdnuqbbt3vq4gf3r0-bionator-grundgerät-pdf
time=2026-08-21T20:18:24.291+02:00 level=INFO msg="text extraction completed successfully" id=da3gdnuqbbt3vq4gf3r0 text_length=4475 engine=pdf-textlayer
time=2026-08-21T20:18:24.295+02:00 level=INFO msg="No subscribers to send message" pubsub_uuid=UHeed6fxBdhxGQN7v8J2hB message_uuid=c6912b22-9ae2-475d-8073-fa0605ba2ac0 topic=message.EventAssetOCRCompleted
time=2026-08-21T20:18:24.297+02:00 level=INFO msg="starting text extraction for asset" id=da3gdnuqbbt3vq4gf5m0 filename=da3gdnuqbbt3vq4gf5m0-kfo-seminar-diagnostik-formulare-pdf
time=2026-08-21T20:18:24.301+02:00 level=WARN msg="pdf text layer extraction failed, will try rasterisation fallback" error="not a PDF file: missing %%EOF"
time=2026-08-21T20:18:26.884+02:00 level=WARN msg="OCR engine unavailable, skipping asset" id=da3gdnuqbbt3vq4gf5m0
time=2026-08-21T20:18:26.917+02:00 level=INFO msg="starting text extraction for asset" id=da3gdnuqbbt3vq4gf7i0 filename=da3gdnuqbbt3vq4gf7i0-kfo-seminar-frs-analyse-pdf
time=2026-08-21T20:18:26.923+02:00 level=INFO msg="text extraction completed successfully" id=da3gdnuqbbt3vq4gf7i0 text_length=8877 engine=pdf-textlayer
time=2026-08-21T20:18:26.928+02:00 level=INFO msg="No subscribers to send message" pubsub_uuid=UHeed6fxBdhxGQN7v8J2hB message_uuid=475c0605-2124-453f-ac0e-327761fa5c46 topic=message.EventAssetOCRCompleted
time=2026-08-21T20:18:26.942+02:00 level=INFO msg="starting text extraction for asset" id=da3gdnuqbbt3vq4gf9f0 filename=da3gdnuqbbt3vq4gf9f0-kfo-seminar-fotoanalyse-pdf
time=2026-08-21T20:18:26.948+02:00 level=INFO msg="text extraction completed successfully" id=da3gdnuqbbt3vq4gf9f0 text_length=8802 engine=pdf-textlayer
time=2026-08-21T20:18:26.955+02:00 level=INFO msg="No subscribers to send message" pubsub_uuid=UHeed6fxBdhxGQN7v8J2hB message_uuid=c0594c63-70a6-47dc-b182-78c423a7fbf3 topic=message.EventAssetOCRCompleted
time=2026-08-21T20:18:26.991+02:00 level=INFO msg="starting text extraction for asset" id=da3gdnuqbbt3vq4gfbd0 filename=da3gdnuqbbt3vq4gfbd0-kfo-seminar-funktionsanalyse-pdf
time=2026-08-21T20:18:26.999+02:00 level=INFO msg="text extraction completed successfully" id=da3gdnuqbbt3vq4gfbd0 text_length=5727 engine=pdf-textlayer
time=2026-08-21T20:18:27.003+02:00 level=INFO msg="No subscribers to send message" pubsub_uuid=UHeed6fxBdhxGQN7v8J2hB message_uuid=aa0c957b-ac5a-449f-b63d-29ce9edfc13e topic=message.EventAssetOCRCompleted
time=2026-08-21T20:18:27.014+02:00 level=INFO msg="starting text extraction for asset" id=da3gdnuqbbt3vq4gfdc0 filename=da3gdnuqbbt3vq4gfdc0-kfo-seminar-gesamtbefund-pdf
time=2026-08-21T20:18:27.019+02:00 level=INFO msg="text extraction completed successfully" id=da3gdnuqbbt3vq4gfdc0 text_length=2368 engine=pdf-textlayer
time=2026-08-21T20:18:27.023+02:00 level=INFO msg="No subscribers to send message" pubsub_uuid=UHeed6fxBdhxGQN7v8J2hB message_uuid=25067f0f-f939-48e1-a60d-eff256789628 topic=message.EventAssetOCRCompleted
time=2026-08-21T20:18:27.044+02:00 level=INFO msg="starting text extraction for asset" id=da3gdnuqbbt3vq4gffc0 filename=da3gdnuqbbt3vq4gffc0-kfo-seminar-modellanalyse-pdf
time=2026-08-21T20:18:27.050+02:00 level=INFO msg="text extraction completed successfully" id=da3gdnuqbbt3vq4gffc0 text_length=2958 engine=pdf-textlayer
time=2026-08-21T20:18:27.054+02:00 level=INFO msg="No subscribers to send message" pubsub_uuid=UHeed6fxBdhxGQN7v8J2hB topic=message.EventAssetOCRCompleted message_uuid=2caaa078-bbc5-4260-87c9-f3a26ff8c384
time=2026-08-21T20:18:27.064+02:00 level=INFO msg="starting text extraction for asset" id=da3gdnuqbbt3vq4gfjf0 filename=da3gdnuqbbt3vq4gfjf0-mundvorhofplatte-pdf
time=2026-08-21T20:18:27.068+02:00 level=WARN msg="pdf text layer extraction failed, will try rasterisation fallback" error="unsupported PDF: encryption version V=4; <</CF <</StdCF <</AuthEvent /DocOpen /CFM /V2 /Length 16>>>> /Filter /Standard /Length 128 /O \"\\x81I\\x9c\\xecz\\xed\\xc9\\x7f\\x9aɾ?\\x81f\\xfe4\\x7f.0\\xd6\\xf6\\x92\\v@\\xfcm6\\x83'\\xb0\\xee'\" /P -1852 /R 4 /StmF /StdCF /StrF /StdCF /U \"T\\xf7\\xad\\x1e\\xa80=\\x9f\\xaal\\x88\\x00\\b=g;\\x00\\x00\\x00\\x00\\x00\\x00\\x00\\x00\\x00\\x00\\x00\\x00\\x00\\x00\\x00\\x00\" /V 4>>"
time=2026-08-21T20:18:34.703+02:00 level=WARN msg="OCR engine unavailable, skipping asset" id=da3gdnuqbbt3vq4gfjf0
time=2026-08-21T20:18:34.725+02:00 level=INFO msg="starting text extraction for asset" id=da3gdnuqbbt3vq4gfli0 filename=da3gdnuqbbt3vq4gfli0-ok-aufbissplatte-pdf
time=2026-08-21T20:18:34.733+02:00 level=INFO msg="text extraction completed successfully" id=da3gdnuqbbt3vq4gfli0 text_length=4499 engine=pdf-textlayer
time=2026-08-21T20:18:34.737+02:00 level=INFO msg="No subscribers to send message" pubsub_uuid=UHeed6fxBdhxGQN7v8J2hB message_uuid=73eb709a-c546-4387-81d4-e6c0eca398a4 topic=message.EventAssetOCRCompleted
time=2026-08-21T20:18:34.747+02:00 level=INFO msg="starting text extraction for asset" id=da3gdo6qbbt3vq4gfpr0 filename=da3gdo6qbbt3vq4gfpr0-skript-diagnostik-kfo-pdf
time=2026-08-21T20:18:34.804+02:00 level=INFO msg="text extraction completed successfully" id=da3gdo6qbbt3vq4gfpr0 text_length=100239 engine=pdf-textlayer
time=2026-08-21T20:18:34.815+02:00 level=INFO msg="No subscribers to send message" pubsub_uuid=UHeed6fxBdhxGQN7v8J2hB message_uuid=1b52693a-83ac-4fe3-a13f-9161199f589f topic=message.EventAssetOCRCompleted
time=2026-08-21T20:18:34.836+02:00 level=INFO msg="starting text extraction for asset" id=da3gdo6qbbt3vq4gfu80 filename=da3gdo6qbbt3vq4gfu80-skript-therapie-kfo-pdf
time=2026-08-21T20:18:34.903+02:00 level=INFO msg="text extraction completed successfully" id=da3gdo6qbbt3vq4gfu80 text_length=79126 engine=pdf-textlayer
time=2026-08-21T20:18:34.914+02:00 level=INFO msg="No subscribers to send message" pubsub_uuid=UHeed6fxBdhxGQN7v8J2hB message_uuid=06294f9c-cf59-4b19-aab2-d1d465b5e26d topic=message.EventAssetOCRCompleted
time=2026-08-21T20:18:34.982+02:00 level=INFO msg="starting text extraction for asset" id=da3gdo6qbbt3vq4gg0g0 filename=da3gdo6qbbt3vq4gg0g0-skript_kfo-fallauswertung_regensburg-pdf
time=2026-08-21T20:18:35.250+02:00 level=INFO msg="text extraction completed successfully" id=da3gdo6qbbt3vq4gg0g0 text_length=103807 engine=pdf-textlayer
time=2026-08-21T20:18:35.265+02:00 level=INFO msg="No subscribers to send message" pubsub_uuid=UHeed6fxBdhxGQN7v8J2hB message_uuid=56c4524c-6400-4602-9c51-97996bc37c55 topic=message.EventAssetOCRCompleted
time=2026-08-21T20:18:35.270+02:00 level=INFO msg="starting text extraction for asset" id=da3gdo6qbbt3vq4gg2p0 filename=da3gdo6qbbt3vq4gg2p0-technikplan-behandlungskurs-ii-platten-pdf
time=2026-08-21T20:18:35.274+02:00 level=INFO msg="text extraction completed successfully" id=da3gdo6qbbt3vq4gg2p0 text_length=370 engine=pdf-textlayer
time=2026-08-21T20:18:35.277+02:00 level=INFO msg="No subscribers to send message" pubsub_uuid=UHeed6fxBdhxGQN7v8J2hB message_uuid=d6ff34c0-a3a5-4804-a863-17188a768d1f topic=message.EventAssetOCRCompleted
time=2026-08-21T20:18:35.307+02:00 level=INFO msg="starting text extraction for asset" id=da3gdo6qbbt3vq4gg530 filename=da3gdo6qbbt3vq4gg530-zsmf-angle-klasse-ii_2-pdf
time=2026-08-21T20:18:35.321+02:00 level=INFO msg="text extraction completed successfully" id=da3gdo6qbbt3vq4gg530 text_length=3405 engine=pdf-textlayer
time=2026-08-21T20:18:35.326+02:00 level=INFO msg="No subscribers to send message" pubsub_uuid=UHeed6fxBdhxGQN7v8J2hB message_uuid=73d5f2bc-876a-48c6-9502-e8c95f978d66 topic=message.EventAssetOCRCompleted
time=2026-08-21T20:18:35.329+02:00 level=INFO msg="starting text extraction for asset" id=da3gdo6qbbt3vq4gg7e0 filename=da3gdo6qbbt3vq4gg7e0-zsmf-angle-klassen-pdf
time=2026-08-21T20:18:35.336+02:00 level=INFO msg="text extraction completed successfully" id=da3gdo6qbbt3vq4gg7e0 text_length=12608 engine=pdf-textlayer
time=2026-08-21T20:18:35.340+02:00 level=INFO msg="No subscribers to send message" pubsub_uuid=UHeed6fxBdhxGQN7v8J2hB message_uuid=d446912f-f700-480a-bf75-cc7ce1f329f1 topic=message.EventAssetOCRCompleted
time=2026-08-21T20:18:35.353+02:00 level=INFO msg="starting text extraction for asset" id=da3gdo6qbbt3vq4gg9q0 filename=da3gdo6qbbt3vq4gg9q0-zsmf-diastema-mediale-pdf
time=2026-08-21T20:18:35.365+02:00 level=INFO msg="text extraction completed successfully" id=da3gdo6qbbt3vq4gg9q0 text_length=940 engine=pdf-textlayer
time=2026-08-21T20:18:35.370+02:00 level=INFO msg="No subscribers to send message" pubsub_uuid=UHeed6fxBdhxGQN7v8J2hB message_uuid=0adaa8aa-34ab-4326-b24a-28a8835ff1e2 topic=message.EventAssetOCRCompleted
time=2026-08-21T20:18:35.376+02:00 level=INFO msg="starting text extraction for asset" id=da3gdo6qbbt3vq4ggc70 filename=da3gdo6qbbt3vq4ggc70-zsmf-erwachsenen-kfo-pdf
time=2026-08-21T20:18:35.421+02:00 level=INFO msg="text extraction completed successfully" id=da3gdo6qbbt3vq4ggc70 text_length=5895 engine=pdf-textlayer
time=2026-08-21T20:18:35.430+02:00 level=INFO msg="No subscribers to send message" pubsub_uuid=UHeed6fxBdhxGQN7v8J2hB message_uuid=c8caa20c-5590-4828-bb1d-e1b00adcfed8 topic=message.EventAssetOCRCompleted
time=2026-08-21T20:18:35.442+02:00 level=INFO msg="starting text extraction for asset" id=da3gdo6qbbt3vq4ggel0 filename=da3gdo6qbbt3vq4ggel0-zsmf-rezidiv-retentionsmanagement-pdf
time=2026-08-21T20:18:35.497+02:00 level=INFO msg="text extraction completed successfully" id=da3gdo6qbbt3vq4ggel0 text_length=12924 engine=pdf-textlayer
time=2026-08-21T20:18:35.506+02:00 level=INFO msg="No subscribers to send message" pubsub_uuid=UHeed6fxBdhxGQN7v8J2hB message_uuid=7a0f1d61-c5f8-416b-ba42-54984e131460 topic=message.EventAssetOCRCompleted
time=2026-08-21T20:18:35.511+02:00 level=INFO msg="starting text extraction for asset" id=da3gdo6qbbt3vq4ggh40 filename=da3gdo6qbbt3vq4ggh40-zsmf-zahnunterzahl-und-zahndurchbruchstörungen-pdf
time=2026-08-21T20:18:35.541+02:00 level=INFO msg="text extraction completed successfully" id=da3gdo6qbbt3vq4ggh40 text_length=5893 engine=pdf-textlayer
time=2026-08-21T20:18:35.547+02:00 level=INFO msg="No subscribers to send message" pubsub_uuid=UHeed6fxBdhxGQN7v8J2hB message_uuid=aa691453-7f89-4b97-89dd-42ead963167c topic=message.EventAssetOCRCompleted
time=2026-08-21T20:18:35.583+02:00 level=INFO msg="starting text extraction for asset" id=da3gdo6qbbt3vq4ggjk0 filename=da3gdo6qbbt3vq4ggjk0-zusammenfassung-kfo-8-sem-pdf
time=2026-08-21T20:18:36.202+02:00 level=INFO msg="text extraction completed successfully" id=da3gdo6qbbt3vq4ggjk0 text_length=24442 engine=pdf-textlayer
time=2026-08-21T20:18:36.217+02:00 level=INFO msg="No subscribers to send message" pubsub_uuid=UHeed6fxBdhxGQN7v8J2hB message_uuid=f35ae8fd-8389-4511-bc22-e3423c6493c0 topic=message.EventAssetOCRCompleted
time=2026-08-21T20:18:36.227+02:00 level=INFO msg="starting text extraction for asset" id=da3gdoeqbbt3vq4ggm50 filename=da3gdoeqbbt3vq4ggm50-befundbogen-neu-pdf
time=2026-08-21T20:18:36.232+02:00 level=WARN msg="pdf text layer extraction failed, will try rasterisation fallback" error="not a PDF file: missing %%EOF"
time=2026-08-21T20:18:37.733+02:00 level=WARN msg="OCR engine unavailable, skipping asset" id=da3gdoeqbbt3vq4ggm50
time=2026-08-21T20:18:37.752+02:00 level=INFO msg="starting text extraction for asset" id=da3gdoeqbbt3vq4ggon0 filename=da3gdoeqbbt3vq4ggon0-frs-skript-pdf
time=2026-08-21T20:18:37.823+02:00 level=INFO msg="text extraction completed successfully" id=da3gdoeqbbt3vq4ggon0 text_length=72193 engine=pdf-textlayer
time=2026-08-21T20:18:37.833+02:00 level=INFO msg="No subscribers to send message" pubsub_uuid=UHeed6fxBdhxGQN7v8J2hB message_uuid=f11a67eb-b0e8-4e75-9f50-d6812f28cea6 topic=message.EventAssetOCRCompleted
time=2026-08-21T20:18:37.834+02:00 level=INFO msg="starting text extraction for asset" id=da3gdoeqbbt3vq4ggra0 filename=da3gdoeqbbt3vq4ggra0-modellanalyse-bogen-pdf
time=2026-08-21T20:18:38.017+02:00 level=WARN msg="OCR engine unavailable, skipping asset" id=da3gdoeqbbt3vq4ggra0
time=2026-08-21T20:18:38.027+02:00 level=INFO msg="starting text extraction for asset" id=da3gdoeqbbt3vq4ggtu0 filename=da3gdoeqbbt3vq4ggtu0-modellanalyse-skript-pdf
time=2026-08-21T20:18:39.802+02:00 level=WARN msg="OCR engine unavailable, skipping asset" id=da3gdoeqbbt3vq4ggtu0
time=2026-08-21T20:18:39.819+02:00 level=INFO msg="starting text extraction for asset" id=da3gdoeqbbt3vq4gh0j0 filename=da3gdoeqbbt3vq4gh0j0-fko-split-fixator-pdf
time=2026-08-21T20:18:39.825+02:00 level=INFO msg="text extraction completed successfully" id=da3gdoeqbbt3vq4gh0j0 text_length=2077 engine=pdf-textlayer
time=2026-08-21T20:18:39.828+02:00 level=INFO msg="No subscribers to send message" pubsub_uuid=UHeed6fxBdhxGQN7v8J2hB topic=message.EventAssetOCRCompleted message_uuid=e2dc1ddd-c3f3-4d80-bdf5-8be464605472
time=2026-08-21T20:18:39.830+02:00 level=INFO msg="starting text extraction for asset" id=da3gdoeqbbt3vq4gh390 filename=da3gdoeqbbt3vq4gh390-kfo-studenten-koffer-begleitschreiben-pdf
time=2026-08-21T20:18:39.836+02:00 level=INFO msg="text extraction completed successfully" id=da3gdoeqbbt3vq4gh390 text_length=3927 engine=pdf-textlayer
time=2026-08-21T20:18:39.839+02:00 level=INFO msg="No subscribers to send message" pubsub_uuid=UHeed6fxBdhxGQN7v8J2hB message_uuid=57846b26-f6fc-485e-a130-a4daaf4a660f topic=message.EventAssetOCRCompleted
time=2026-08-21T20:18:39.841+02:00 level=INFO msg="starting text extraction for asset" id=da3gdoeqbbt3vq4gh600 filename=da3gdoeqbbt3vq4gh600-reinigungshinweise-split-fixator-pdf
time=2026-08-21T20:18:39.844+02:00 level=INFO msg="text extraction completed successfully" id=da3gdoeqbbt3vq4gh600 text_length=1009 engine=pdf-textlayer
time=2026-08-21T20:18:39.847+02:00 level=INFO msg="No subscribers to send message" pubsub_uuid=UHeed6fxBdhxGQN7v8J2hB message_uuid=7455f052-0053-4977-a3d8-3df127b7366b topic=message.EventAssetOCRCompleted
time=2026-08-21T20:18:39.852+02:00 level=INFO msg="starting text extraction for asset" id=da3gdoeqbbt3vq4gh8o0 filename=da3gdoeqbbt3vq4gh8o0-01_makroskopische-anatomie-des-mundes-und-zahnentwicklung-pdf
time=2026-08-21T20:18:39.898+02:00 level=INFO msg="text extraction completed successfully" id=da3gdoeqbbt3vq4gh8o0 text_length=26471 engine=pdf-textlayer
time=2026-08-21T20:18:39.906+02:00 level=INFO msg="No subscribers to send message" pubsub_uuid=UHeed6fxBdhxGQN7v8J2hB message_uuid=1d8344c1-c39d-4c84-bd58-f443f57ee648 topic=message.EventAssetOCRCompleted
time=2026-08-21T20:18:39.910+02:00 level=INFO msg="starting text extraction for asset" id=da3gdoeqbbt3vq4ghbh0 filename=da3gdoeqbbt3vq4ghbh0-02_mundschleimhaut-und-immunsystem-pdf
time=2026-08-21T20:18:39.957+02:00 level=INFO msg="text extraction completed successfully" id=da3gdoeqbbt3vq4ghbh0 text_length=32631 engine=pdf-textlayer
time=2026-08-21T20:18:39.963+02:00 level=INFO msg="No subscribers to send message" pubsub_uuid=UHeed6fxBdhxGQN7v8J2hB message_uuid=ed1c2ca1-3c33-42f6-bd18-0bee79d063ac topic=message.EventAssetOCRCompleted
time=2026-08-21T20:18:39.967+02:00 level=INFO msg="starting text extraction for asset" id=da3gdoeqbbt3vq4gheb0 filename=da3gdoeqbbt3vq4gheb0-03_zahnschmelz-und-dentin-pdf
time=2026-08-21T20:18:40.012+02:00 level=INFO msg="text extraction completed successfully" id=da3gdoeqbbt3vq4gheb0 text_length=33082 engine=pdf-textlayer
time=2026-08-21T20:18:40.020+02:00 level=INFO msg="No subscribers to send message" pubsub_uuid=UHeed6fxBdhxGQN7v8J2hB message_uuid=3440427b-95c5-4a8a-b601-08607c5443ae topic=message.EventAssetOCRCompleted
time=2026-08-21T20:18:40.024+02:00 level=INFO msg="starting text extraction for asset" id=da3gdoeqbbt3vq4ghh60 filename=da3gdoeqbbt3vq4ghh60-04_pulpa-und-wurzel-pdf
time=2026-08-21T20:18:40.064+02:00 level=INFO msg="text extraction completed successfully" id=da3gdoeqbbt3vq4ghh60 text_length=22826 engine=pdf-textlayer
time=2026-08-21T20:18:40.070+02:00 level=INFO msg="No subscribers to send message" pubsub_uuid=UHeed6fxBdhxGQN7v8J2hB message_uuid=d69a825b-6dfb-4718-9fde-5859b8f8e8bc topic=message.EventAssetOCRCompleted
time=2026-08-21T20:18:40.077+02:00 level=INFO msg="starting text extraction for asset" id=da3gdoeqbbt3vq4ghk20 filename=da3gdoeqbbt3vq4ghk20-05_desmodont-und-alveolarknochen-pdf
time=2026-08-21T20:18:40.112+02:00 level=INFO msg="text extraction completed successfully" id=da3gdoeqbbt3vq4ghk20 text_length=21179 engine=pdf-textlayer
time=2026-08-21T20:18:40.117+02:00 level=INFO msg="No subscribers to send message" pubsub_uuid=UHeed6fxBdhxGQN7v8J2hB message_uuid=48513300-ac4c-4c3d-b6bc-1b6d9f75d296 topic=message.EventAssetOCRCompleted
time=2026-08-21T20:18:40.121+02:00 level=INFO msg="starting text extraction for asset" id=da3gdoeqbbt3vq4ghmv0 filename=da3gdoeqbbt3vq4ghmv0-06_allgemeiner-knochenstoffwechsel-pdf
time=2026-08-21T20:18:40.157+02:00 level=INFO msg="text extraction completed successfully" id=da3gdoeqbbt3vq4ghmv0 text_length=17163 engine=pdf-textlayer
time=2026-08-21T20:18:40.162+02:00 level=INFO msg="No subscribers to send message" pubsub_uuid=UHeed6fxBdhxGQN7v8J2hB message_uuid=45a7b48d-4306-4726-9eea-5d47c524dea9 topic=message.EventAssetOCRCompleted
time=2026-08-21T20:18:40.165+02:00 level=INFO msg="starting text extraction for asset" id=da3gdoeqbbt3vq4ghpt0 filename=da3gdoeqbbt3vq4ghpt0-07_biologie-der-zahnbewegung-pdf
time=2026-08-21T20:18:40.201+02:00 level=INFO msg="text extraction completed successfully" id=da3gdoeqbbt3vq4ghpt0 text_length=22105 engine=pdf-textlayer
time=2026-08-21T20:18:40.207+02:00 level=INFO msg="No subscribers to send message" pubsub_uuid=UHeed6fxBdhxGQN7v8J2hB message_uuid=e588e631-a565-4bb1-b50f-dee48ec1c7a1 topic=message.EventAssetOCRCompleted
time=2026-08-21T20:18:40.212+02:00 level=INFO msg="starting text extraction for asset" id=da3gdoeqbbt3vq4ghss0 filename=da3gdoeqbbt3vq4ghss0-08_kraniofaziales-wachstum-und-fehlbildungen-pdf
time=2026-08-21T20:18:40.262+02:00 level=INFO msg="text extraction completed successfully" id=da3gdoeqbbt3vq4ghss0 text_length=33636 engine=pdf-textlayer
time=2026-08-21T20:18:40.270+02:00 level=INFO msg="No subscribers to send message" pubsub_uuid=UHeed6fxBdhxGQN7v8J2hB topic=message.EventAssetOCRCompleted message_uuid=3741bff2-6cd7-4621-81ec-73078c502470
time=2026-08-21T20:18:40.275+02:00 level=INFO msg="starting text extraction for asset" id=da3gdoeqbbt3vq4ghvs0 filename=da3gdoeqbbt3vq4ghvs0-cellcycle-checkpoints-pdf
time=2026-08-21T20:18:40.288+02:00 level=INFO msg="text extraction completed successfully" id=da3gdoeqbbt3vq4ghvs0 text_length=6013 engine=pdf-textlayer
time=2026-08-21T20:18:40.292+02:00 level=INFO msg="No subscribers to send message" pubsub_uuid=UHeed6fxBdhxGQN7v8J2hB message_uuid=6df14102-e4a4-4458-85a3-3bacc08ccbc3 topic=message.EventAssetOCRCompleted
time=2026-08-21T20:18:40.300+02:00 level=INFO msg="starting text extraction for asset" id=da3gdoeqbbt3vq4gi5v0 filename=da3gdoeqbbt3vq4gi5v0-kraniofasziale-genetik-1-pdf
time=2026-08-21T20:18:40.307+02:00 level=INFO msg="text extraction completed successfully" id=da3gdoeqbbt3vq4gi5v0 text_length=4593 engine=pdf-textlayer
time=2026-08-21T20:18:40.310+02:00 level=INFO msg="No subscribers to send message" pubsub_uuid=UHeed6fxBdhxGQN7v8J2hB message_uuid=97950158-992d-4a16-be67-9878fd687642 topic=message.EventAssetOCRCompleted
time=2026-08-21T20:18:40.314+02:00 level=INFO msg="starting text extraction for asset" id=da3gdoeqbbt3vq4gi920 filename=da3gdoeqbbt3vq4gi920-kraniofaziale-genetik-vom-08-01-2009-pdf
time=2026-08-21T20:18:40.321+02:00 level=INFO msg="text extraction completed successfully" id=da3gdoeqbbt3vq4gi920 text_length=7522 engine=pdf-textlayer
time=2026-08-21T20:18:40.325+02:00 level=INFO msg="No subscribers to send message" pubsub_uuid=UHeed6fxBdhxGQN7v8J2hB message_uuid=429d8f9c-1fb9-45a0-bc7e-2581e5ec2be9 topic=message.EventAssetOCRCompleted
time=2026-08-21T20:18:40.343+02:00 level=INFO msg="starting text extraction for asset" id=da3gdomqbbt3vq4gip00 filename=da3gdomqbbt3vq4gip00-ccf20122010_00000-jpg
time=2026-08-21T20:18:40.346+02:00 level=WARN msg="OCR engine unavailable, skipping asset" id=da3gdomqbbt3vq4gip00
time=2026-08-21T20:18:40.351+02:00 level=INFO msg="starting text extraction for asset" id=da3gdomqbbt3vq4gis90 filename=da3gdomqbbt3vq4gis90-ccf20122010_00001-jpg
time=2026-08-21T20:18:40.355+02:00 level=WARN msg="OCR engine unavailable, skipping asset" id=da3gdomqbbt3vq4gis90
time=2026-08-21T20:18:40.360+02:00 level=INFO msg="starting text extraction for asset" id=da3gdomqbbt3vq4givj0 filename=da3gdomqbbt3vq4givj0-ccf20122010_00002-jpg
time=2026-08-21T20:18:40.363+02:00 level=WARN msg="OCR engine unavailable, skipping asset" id=da3gdomqbbt3vq4givj0
time=2026-08-21T20:18:40.368+02:00 level=INFO msg="starting text extraction for asset" id=da3gdomqbbt3vq4gj2u0 filename=da3gdomqbbt3vq4gj2u0-ccf20122010_00003-jpg
time=2026-08-21T20:18:40.372+02:00 level=WARN msg="OCR engine unavailable, skipping asset" id=da3gdomqbbt3vq4gj2u0
time=2026-08-21T20:18:40.377+02:00 level=INFO msg="starting text extraction for asset" id=da3gdomqbbt3vq4gj6a0 filename=da3gdomqbbt3vq4gj6a0-ccf20122010_00004-jpg
time=2026-08-21T20:18:40.380+02:00 level=WARN msg="OCR engine unavailable, skipping asset" id=da3gdomqbbt3vq4gj6a0
time=2026-08-21T20:18:40.386+02:00 level=INFO msg="starting text extraction for asset" id=da3gdomqbbt3vq4gj9n0 filename=da3gdomqbbt3vq4gj9n0-ccf20122010_00005-jpg
time=2026-08-21T20:18:40.389+02:00 level=WARN msg="OCR engine unavailable, skipping asset" id=da3gdomqbbt3vq4gj9n0
time=2026-08-21T20:18:40.395+02:00 level=INFO msg="starting text extraction for asset" id=da3gdomqbbt3vq4gjd50 filename=da3gdomqbbt3vq4gjd50-ccf20122010_00006-jpg
time=2026-08-21T20:18:40.398+02:00 level=WARN msg="OCR engine unavailable, skipping asset" id=da3gdomqbbt3vq4gjd50
time=2026-08-21T20:18:40.404+02:00 level=INFO msg="starting text extraction for asset" id=da3gdomqbbt3vq4gjgk0 filename=da3gdomqbbt3vq4gjgk0-ccf20122010_00007-jpg
time=2026-08-21T20:18:40.408+02:00 level=WARN msg="OCR engine unavailable, skipping asset" id=da3gdomqbbt3vq4gjgk0
time=2026-08-21T20:18:40.413+02:00 level=INFO msg="starting text extraction for asset" id=da3gdomqbbt3vq4gjk40 filename=da3gdomqbbt3vq4gjk40-ccf20122010_00008-jpg
time=2026-08-21T20:18:40.416+02:00 level=WARN msg="OCR engine unavailable, skipping asset" id=da3gdomqbbt3vq4gjk40
time=2026-08-21T20:18:40.422+02:00 level=INFO msg="starting text extraction for asset" id=da3gdomqbbt3vq4gjnl0 filename=da3gdomqbbt3vq4gjnl0-ccf20122010_00009-jpg
time=2026-08-21T20:18:40.425+02:00 level=WARN msg="OCR engine unavailable, skipping asset" id=da3gdomqbbt3vq4gjnl0
time=2026-08-21T20:18:40.430+02:00 level=INFO msg="starting text extraction for asset" id=da3gdomqbbt3vq4gjr70 filename=da3gdomqbbt3vq4gjr70-ccf20122010_00010-jpg
time=2026-08-21T20:18:40.433+02:00 level=WARN msg="OCR engine unavailable, skipping asset" id=da3gdomqbbt3vq4gjr70
time=2026-08-21T20:18:40.438+02:00 level=INFO msg="starting text extraction for asset" id=da3gdomqbbt3vq4gjuq0 filename=da3gdomqbbt3vq4gjuq0-ccf20122010_00011-jpg
time=2026-08-21T20:18:40.442+02:00 level=WARN msg="OCR engine unavailable, skipping asset" id=da3gdomqbbt3vq4gjuq0
extracted text from 192 assetstime=2026-08-21T20:18:40.498+02:00 level=INFO msg="starting text extraction for asset" id=da3gdouqbbt3vq4glkd0 filename=da3gdouqbbt3vq4glkd0-01_klinische_chemie_cg_ws1011-pdf
time=2026-08-21T20:18:40.505+02:00 level=INFO msg="text extraction completed successfully" id=da3gdouqbbt3vq4glkd0 text_length=5343 engine=pdf-textlayer
time=2026-08-21T20:18:40.509+02:00 level=INFO msg="No subscribers to send message" pubsub_uuid=UHeed6fxBdhxGQN7v8J2hB topic=message.EventAssetOCRCompleted message_uuid=db89f907-1e7c-4407-9959-11dfb7014977
time=2026-08-21T20:18:40.516+02:00 level=INFO msg="starting text extraction for asset" id=da3gdouqbbt3vq4glkk0 filename=da3gdouqbbt3vq4glkk0-02a_immunologie_pl_ss10-pdf
time=2026-08-21T20:18:40.538+02:00 level=INFO msg="text extraction completed successfully" id=da3gdouqbbt3vq4glkk0 text_length=13302 engine=pdf-textlayer
time=2026-08-21T20:18:40.544+02:00 level=INFO msg="No subscribers to send message" pubsub_uuid=UHeed6fxBdhxGQN7v8J2hB message_uuid=a90f484d-d77b-40fc-8c91-41ea491749c2 topic=message.EventAssetOCRCompleted
time=2026-08-21T20:18:40.547+02:00 level=INFO msg="starting text extraction for asset" id=da3gdouqbbt3vq4glks0 filename=da3gdouqbbt3vq4glks0-02b_toxikologie_gl_ss10-pdf
time=2026-08-21T20:18:40.557+02:00 level=INFO msg="text extraction completed successfully" id=da3gdouqbbt3vq4glks0 text_length=9648 engine=pdf-textlayer
time=2026-08-21T20:18:40.561+02:00 level=INFO msg="No subscribers to send message" pubsub_uuid=UHeed6fxBdhxGQN7v8J2hB message_uuid=4e42847d-5096-4b0b-819b-a21ce356f262 topic=message.EventAssetOCRCompleted
time=2026-08-21T20:18:40.564+02:00 level=INFO msg="starting text extraction for asset" id=da3gdouqbbt3vq4gll50 filename=da3gdouqbbt3vq4gll50-03_gerinnung_sh_ss11-pdf
time=2026-08-21T20:18:40.640+02:00 level=INFO msg="text extraction completed successfully" id=da3gdouqbbt3vq4gll50 text_length=13551 engine=pdf-textlayer
time=2026-08-21T20:18:40.649+02:00 level=INFO msg="No subscribers to send message" pubsub_uuid=UHeed6fxBdhxGQN7v8J2hB message_uuid=85da86b7-7e38-4227-bf3d-a86c61573cfb topic=message.EventAssetOCRCompleted
time=2026-08-21T20:18:40.655+02:00 level=INFO msg="starting text extraction for asset" id=da3gdouqbbt3vq4gllf0 filename=da3gdouqbbt3vq4gllf0-04_transfusionsmedizin_ws09_na-pdf
time=2026-08-21T20:18:40.667+02:00 level=INFO msg="text extraction completed successfully" id=da3gdouqbbt3vq4gllf0 text_length=8023 engine=pdf-textlayer
time=2026-08-21T20:18:40.672+02:00 level=INFO msg="No subscribers to send message" pubsub_uuid=UHeed6fxBdhxGQN7v8J2hB message_uuid=350e1440-15b0-4c57-a28a-c6f2cd9a32c8 topic=message.EventAssetOCRCompleted
time=2026-08-21T20:18:40.679+02:00 level=INFO msg="starting text extraction for asset" id=da3gdouqbbt3vq4gllq0 filename=da3gdouqbbt3vq4gllq0-05_haematologie_eo_ss10-pdf
time=2026-08-21T20:18:40.718+02:00 level=INFO msg="text extraction completed successfully" id=da3gdouqbbt3vq4gllq0 text_length=11771 engine=pdf-textlayer
time=2026-08-21T20:18:40.724+02:00 level=INFO msg="No subscribers to send message" pubsub_uuid=UHeed6fxBdhxGQN7v8J2hB message_uuid=cea07431-7659-4d8b-9e3b-80c9c7705a62 topic=message.EventAssetOCRCompleted
time=2026-08-21T20:18:40.726+02:00 level=INFO msg="starting text extraction for asset" id=da3gdouqbbt3vq4glm60 filename=da3gdouqbbt3vq4glm60-ackermann_ii_dent_impl_gtr-2003-pdf
time=2026-08-21T20:18:40.731+02:00 level=INFO msg="text extraction completed successfully" id=da3gdouqbbt3vq4glm60 text_length=17338 engine=pdf-textlayer
time=2026-08-21T20:18:40.735+02:00 level=INFO msg="No subscribers to send message" pubsub_uuid=UHeed6fxBdhxGQN7v8J2hB message_uuid=bd1a07a0-1158-4b52-9f0f-4f7e08894ffd topic=message.EventAssetOCRCompleted
time=2026-08-21T20:18:40.738+02:00 level=INFO msg="starting text extraction for asset" id=da3gdp6qbbt3vq4glmd0 filename=da3gdp6qbbt3vq4glmd0-antibiotikainderzahnaerztlichenpraxis-pdf
time=2026-08-21T20:18:45.247+02:00 level=WARN msg="OCR engine unavailable, skipping asset" id=da3gdp6qbbt3vq4glmd0
time=2026-08-21T20:18:45.263+02:00 level=INFO msg="starting text extraction for asset" id=da3gdp6qbbt3vq4glml0 filename=da3gdp6qbbt3vq4glml0-bestimmungderzahnfarbe-pdf
time=2026-08-21T20:18:47.270+02:00 level=WARN msg="OCR engine unavailable, skipping asset" id=da3gdp6qbbt3vq4glml0
time=2026-08-21T20:18:47.293+02:00 level=INFO msg="starting text extraction for asset" id=da3gdp6qbbt3vq4glmu0 filename=da3gdp6qbbt3vq4glmu0-direktekompositrestauration-pdf
time=2026-08-21T20:18:48.132+02:00 level=WARN msg="OCR engine unavailable, skipping asset" id=da3gdp6qbbt3vq4glmu0
time=2026-08-21T20:18:48.150+02:00 level=INFO msg="starting text extraction for asset" id=da3gdp6qbbt3vq4gln80 filename=da3gdp6qbbt3vq4gln80-schmelzmatrixprotein-pdf
time=2026-08-21T20:18:48.161+02:00 level=INFO msg="text extraction completed successfully" id=da3gdp6qbbt3vq4gln80 text_length=9213 engine=pdf-textlayer
time=2026-08-21T20:18:48.165+02:00 level=INFO msg="No subscribers to send message" pubsub_uuid=UHeed6fxBdhxGQN7v8J2hB message_uuid=0ae660ca-3a3d-4f94-9b91-2908df688d2c topic=message.EventAssetOCRCompleted
time=2026-08-21T20:18:48.166+02:00 level=INFO msg="starting text extraction for asset" id=da3gdp6qbbt3vq4glnj0 filename=da3gdp6qbbt3vq4glnj0-stellungnahme_proebster-pdf
time=2026-08-21T20:18:48.180+02:00 level=INFO msg="text extraction completed successfully" id=da3gdp6qbbt3vq4glnj0 text_length=14591 engine=pdf-textlayer
time=2026-08-21T20:18:48.185+02:00 level=INFO msg="No subscribers to send message" pubsub_uuid=UHeed6fxBdhxGQN7v8J2hB message_uuid=694bc8e6-d47d-47ee-a6ef-7bd0b5e54d9f topic=message.EventAssetOCRCompleted
time=2026-08-21T20:18:48.188+02:00 level=INFO msg="starting text extraction for asset" id=da3gdp6qbbt3vq4glnv0 filename=da3gdp6qbbt3vq4glnv0-weisheitszahnextraktion-pdf
time=2026-08-21T20:18:48.199+02:00 level=INFO msg="text extraction completed successfully" id=da3gdp6qbbt3vq4glnv0 text_length=12881 engine=pdf-textlayer
time=2026-08-21T20:18:48.205+02:00 level=INFO msg="No subscribers to send message" pubsub_uuid=UHeed6fxBdhxGQN7v8J2hB message_uuid=6ff96c4a-8d25-46a5-b68d-fcbc222d859c topic=message.EventAssetOCRCompleted
time=2026-08-21T20:18:48.207+02:00 level=INFO msg="starting text extraction for asset" id=da3gdp6qbbt3vq4gloc0 filename=da3gdp6qbbt3vq4gloc0-abdruckdesinfektion-pdf
time=2026-08-21T20:18:49.099+02:00 level=WARN msg="OCR engine unavailable, skipping asset" id=da3gdp6qbbt3vq4gloc0
time=2026-08-21T20:18:49.107+02:00 level=INFO msg="starting text extraction for asset" id=da3gdp6qbbt3vq4gloq0 filename=da3gdp6qbbt3vq4gloq0-adjuvanteantibiotika-pdf
time=2026-08-21T20:18:49.116+02:00 level=INFO msg="text extraction completed successfully" id=da3gdp6qbbt3vq4gloq0 text_length=18942 engine=pdf-textlayer
time=2026-08-21T20:18:49.122+02:00 level=INFO msg="No subscribers to send message" pubsub_uuid=UHeed6fxBdhxGQN7v8J2hB message_uuid=ba2541ca-a442-49ea-8d2b-1f5e84d6d1c8 topic=message.EventAssetOCRCompleted
time=2026-08-21T20:18:49.123+02:00 level=INFO msg="starting text extraction for asset" id=da3gdp6qbbt3vq4glp90 filename=da3gdp6qbbt3vq4glp90-aldehydfreisetzende-pdf
time=2026-08-21T20:18:50.701+02:00 level=WARN msg="OCR engine unavailable, skipping asset" id=da3gdp6qbbt3vq4glp90
time=2026-08-21T20:18:50.721+02:00 level=INFO msg="starting text extraction for asset" id=da3gdp6qbbt3vq4glpp0 filename=da3gdp6qbbt3vq4glpp0-antikoagulanzientherapie-pdf
time=2026-08-21T20:18:52.462+02:00 level=WARN msg="OCR engine unavailable, skipping asset" id=da3gdp6qbbt3vq4glpp0
time=2026-08-21T20:18:52.477+02:00 level=INFO msg="starting text extraction for asset" id=da3gdp6qbbt3vq4glqa0 filename=da3gdp6qbbt3vq4glqa0-baenderentfernen-pdf
time=2026-08-21T20:18:52.949+02:00 level=WARN msg="OCR engine unavailable, skipping asset" id=da3gdp6qbbt3vq4glqa0
time=2026-08-21T20:18:52.966+02:00 level=INFO msg="starting text extraction for asset" id=da3gdp6qbbt3vq4glqs0 filename=da3gdp6qbbt3vq4glqs0-begriffdefinition-pdf
time=2026-08-21T20:18:53.949+02:00 level=WARN msg="OCR engine unavailable, skipping asset" id=da3gdp6qbbt3vq4glqs0
time=2026-08-21T20:18:53.972+02:00 level=INFO msg="starting text extraction for asset" id=da3gdp6qbbt3vq4glrf0 filename=da3gdp6qbbt3vq4glrf0-beihilfevorschriften-pdf
time=2026-08-21T20:18:54.893+02:00 level=WARN msg="OCR engine unavailable, skipping asset" id=da3gdp6qbbt3vq4glrf0
time=2026-08-21T20:18:54.908+02:00 level=INFO msg="starting text extraction for asset" id=da3gdp6qbbt3vq4gls30 filename=da3gdp6qbbt3vq4gls30-bleichen-pdf
time=2026-08-21T20:18:56.735+02:00 level=WARN msg="OCR engine unavailable, skipping asset" id=da3gdp6qbbt3vq4gls30
time=2026-08-21T20:18:56.743+02:00 level=INFO msg="starting text extraction for asset" id=da3gdp6qbbt3vq4glso0 filename=da3gdp6qbbt3vq4glso0-cpbehandlung-pdf
time=2026-08-21T20:18:57.608+02:00 level=WARN msg="OCR engine unavailable, skipping asset" id=da3gdp6qbbt3vq4glso0
time=2026-08-21T20:18:57.622+02:00 level=INFO msg="starting text extraction for asset" id=da3gdp6qbbt3vq4glte0 filename=da3gdp6qbbt3vq4glte0-depotphorese-pdf
time=2026-08-21T20:18:58.898+02:00 level=WARN msg="OCR engine unavailable, skipping asset" id=da3gdp6qbbt3vq4glte0
time=2026-08-21T20:18:58.914+02:00 level=INFO msg="starting text extraction for asset" id=da3gdp6qbbt3vq4glu50 filename=da3gdp6qbbt3vq4glu50-endokarditisprophylaxe-pdf
time=2026-08-21T20:19:00.513+02:00 level=WARN msg="OCR engine unavailable, skipping asset" id=da3gdp6qbbt3vq4glu50
time=2026-08-21T20:19:00.536+02:00 level=INFO msg="starting text extraction for asset" id=da3gdp6qbbt3vq4glut0 filename=da3gdp6qbbt3vq4glut0-fissurenversiegeln-pdf
time=2026-08-21T20:19:02.031+02:00 level=WARN msg="OCR engine unavailable, skipping asset" id=da3gdp6qbbt3vq4glut0
time=2026-08-21T20:19:02.053+02:00 level=INFO msg="starting text extraction for asset" id=da3gdp6qbbt3vq4glvm0 filename=da3gdp6qbbt3vq4glvm0-fuellwerkstoffe-pdf
time=2026-08-21T20:19:03.397+02:00 level=WARN msg="OCR engine unavailable, skipping asset" id=da3gdp6qbbt3vq4glvm0
time=2026-08-21T20:19:03.424+02:00 level=INFO msg="starting text extraction for asset" id=da3gdp6qbbt3vq4gm0g0 filename=da3gdp6qbbt3vq4gm0g0-gruppenprophylaxe-pdf
time=2026-08-21T20:19:05.383+02:00 level=WARN msg="OCR engine unavailable, skipping asset" id=da3gdp6qbbt3vq4gm0g0
time=2026-08-21T20:19:05.404+02:00 level=INFO msg="starting text extraction for asset" id=da3gdp6qbbt3vq4gm1b0 filename=da3gdp6qbbt3vq4gm1b0-hemisektion-pdf
time=2026-08-21T20:19:06.256+02:00 level=WARN msg="OCR engine unavailable, skipping asset" id=da3gdp6qbbt3vq4gm1b0
time=2026-08-21T20:19:06.269+02:00 level=INFO msg="starting text extraction for asset" id=da3gdp6qbbt3vq4gm270 filename=da3gdp6qbbt3vq4gm270-herzschrittmacher-pdf
time=2026-08-21T20:19:07.915+02:00 level=WARN msg="OCR engine unavailable, skipping asset" id=da3gdp6qbbt3vq4gm270
time=2026-08-21T20:19:07.929+02:00 level=INFO msg="starting text extraction for asset" id=da3gdp6qbbt3vq4gm340 filename=da3gdp6qbbt3vq4gm340-hormonkontrazeptiva-pdf
time=2026-08-21T20:19:08.766+02:00 level=WARN msg="OCR engine unavailable, skipping asset" id=da3gdp6qbbt3vq4gm340
time=2026-08-21T20:19:08.789+02:00 level=INFO msg="starting text extraction for asset" id=da3gdp6qbbt3vq4gm420 filename=da3gdp6qbbt3vq4gm420-implantologie-pdf
time=2026-08-21T20:19:09.823+02:00 level=WARN msg="OCR engine unavailable, skipping asset" id=da3gdp6qbbt3vq4gm420
time=2026-08-21T20:19:09.831+02:00 level=INFO msg="starting text extraction for asset" id=da3gdp6qbbt3vq4gm510 filename=da3gdp6qbbt3vq4gm510-kariesprophylaxefluoride-pdf
time=2026-08-21T20:19:11.168+02:00 level=WARN msg="OCR engine unavailable, skipping asset" id=da3gdp6qbbt3vq4gm510
time=2026-08-21T20:19:11.183+02:00 level=INFO msg="starting text extraction for asset" id=da3gdp6qbbt3vq4gm610 filename=da3gdp6qbbt3vq4gm610-keilformdefekt-pdf
time=2026-08-21T20:19:12.376+02:00 level=WARN msg="OCR engine unavailable, skipping asset" id=da3gdp6qbbt3vq4gm610
time=2026-08-21T20:19:12.391+02:00 level=INFO msg="starting text extraction for asset" id=da3gdp6qbbt3vq4gm720 filename=da3gdp6qbbt3vq4gm720-keramikinlays-pdf
time=2026-08-21T20:19:13.613+02:00 level=WARN msg="OCR engine unavailable, skipping asset" id=da3gdp6qbbt3vq4gm720
time=2026-08-21T20:19:13.629+02:00 level=INFO msg="starting text extraction for asset" id=da3gdp6qbbt3vq4gm840 filename=da3gdp6qbbt3vq4gm840-keramikinserts-pdf
time=2026-08-21T20:19:14.888+02:00 level=WARN msg="OCR engine unavailable, skipping asset" id=da3gdp6qbbt3vq4gm840
time=2026-08-21T20:19:14.911+02:00 level=INFO msg="starting text extraction for asset" id=da3gdp6qbbt3vq4gm970 filename=da3gdp6qbbt3vq4gm970-kinderintubationsnarkose-pdf
time=2026-08-21T20:19:15.797+02:00 level=WARN msg="OCR engine unavailable, skipping asset" id=da3gdp6qbbt3vq4gm970
time=2026-08-21T20:19:15.811+02:00 level=INFO msg="starting text extraction for asset" id=da3gdpeqbbt3vq4gmab0 filename=da3gdpeqbbt3vq4gmab0-knochenersatzparodontregener-pdf
time=2026-08-21T20:19:17.123+02:00 level=WARN msg="OCR engine unavailable, skipping asset" id=da3gdpeqbbt3vq4gmab0
time=2026-08-21T20:19:17.145+02:00 level=INFO msg="starting text extraction for asset" id=da3gdpeqbbt3vq4gmbg0 filename=da3gdpeqbbt3vq4gmbg0-komplementverfahren-pdf
time=2026-08-21T20:19:19.939+02:00 level=WARN msg="OCR engine unavailable, skipping asset" id=da3gdpeqbbt3vq4gmbg0
time=2026-08-21T20:19:19.955+02:00 level=INFO msg="starting text extraction for asset" id=da3gdpeqbbt3vq4gmcm0 filename=da3gdpeqbbt3vq4gmcm0-kompositkunststoffe-pdf
time=2026-08-21T20:19:19.962+02:00 level=INFO msg="text extraction completed successfully" id=da3gdpeqbbt3vq4gmcm0 text_length=7916 engine=pdf-textlayer
time=2026-08-21T20:19:19.966+02:00 level=INFO msg="No subscribers to send message" pubsub_uuid=UHeed6fxBdhxGQN7v8J2hB message_uuid=8283bda3-8342-4a98-903f-b4372a53006f topic=message.EventAssetOCRCompleted
time=2026-08-21T20:19:19.968+02:00 level=INFO msg="starting text extraction for asset" id=da3gdpeqbbt3vq4gmdt0 filename=da3gdpeqbbt3vq4gmdt0-kronenmilchzahn-pdf
time=2026-08-21T20:19:21.088+02:00 level=WARN msg="OCR engine unavailable, skipping asset" id=da3gdpeqbbt3vq4gmdt0
time=2026-08-21T20:19:21.104+02:00 level=INFO msg="starting text extraction for asset" id=da3gdpeqbbt3vq4gmf50 filename=da3gdpeqbbt3vq4gmf50-laseranwendung-pdf
time=2026-08-21T20:19:22.032+02:00 level=WARN msg="OCR engine unavailable, skipping asset" id=da3gdpeqbbt3vq4gmf50
time=2026-08-21T20:19:22.047+02:00 level=INFO msg="starting text extraction for asset" id=da3gdpeqbbt3vq4gmge0 filename=da3gdpeqbbt3vq4gmge0-laserinparodont-pdf
time=2026-08-21T20:19:23.673+02:00 level=WARN msg="OCR engine unavailable, skipping asset" id=da3gdpeqbbt3vq4gmge0
time=2026-08-21T20:19:23.694+02:00 level=INFO msg="starting text extraction for asset" id=da3gdpeqbbt3vq4gmho0 filename=da3gdpeqbbt3vq4gmho0-microbiodiagmarginparodonto-pdf
time=2026-08-21T20:19:24.759+02:00 level=WARN msg="OCR engine unavailable, skipping asset" id=da3gdpeqbbt3vq4gmho0
time=2026-08-21T20:19:24.767+02:00 level=INFO msg="starting text extraction for asset" id=da3gdpeqbbt3vq4gmj30 filename=da3gdpeqbbt3vq4gmj30-milchzahnendodontie-pdf
time=2026-08-21T20:19:26.357+02:00 level=WARN msg="OCR engine unavailable, skipping asset" id=da3gdpeqbbt3vq4gmj30
time=2026-08-21T20:19:26.373+02:00 level=INFO msg="starting text extraction for asset" id=da3gdpeqbbt3vq4gmkf0 filename=da3gdpeqbbt3vq4gmkf0-minderjaehrige-pdf
time=2026-08-21T20:19:27.437+02:00 level=WARN msg="OCR engine unavailable, skipping asset" id=da3gdpeqbbt3vq4gmkf0
time=2026-08-21T20:19:27.454+02:00 level=INFO msg="starting text extraction for asset" id=da3gdpeqbbt3vq4gmls0 filename=da3gdpeqbbt3vq4gmls0-myofunktionelletherapie-pdf
time=2026-08-21T20:19:27.460+02:00 level=INFO msg="text extraction completed successfully" id=da3gdpeqbbt3vq4gmls0 text_length=8762 engine=pdf-textlayer
time=2026-08-21T20:19:27.464+02:00 level=INFO msg="No subscribers to send message" pubsub_uuid=UHeed6fxBdhxGQN7v8J2hB message_uuid=7cfe2e3d-6e82-4247-8e8b-bb7481c8cf2a topic=message.EventAssetOCRCompleted
time=2026-08-21T20:19:27.465+02:00 level=INFO msg="starting text extraction for asset" id=da3gdpeqbbt3vq4gmna0 filename=da3gdpeqbbt3vq4gmna0-natriumlaurylsulfatzahnpasta-pdf
time=2026-08-21T20:19:28.180+02:00 level=WARN msg="OCR engine unavailable, skipping asset" id=da3gdpeqbbt3vq4gmna0
time=2026-08-21T20:19:28.195+02:00 level=INFO msg="starting text extraction for asset" id=da3gdpeqbbt3vq4gmop0 filename=da3gdpeqbbt3vq4gmop0-plaquereduktion-pdf
time=2026-08-21T20:19:29.592+02:00 level=WARN msg="OCR engine unavailable, skipping asset" id=da3gdpeqbbt3vq4gmop0
time=2026-08-21T20:19:29.608+02:00 level=INFO msg="starting text extraction for asset" id=da3gdpeqbbt3vq4gmq90 filename=da3gdpeqbbt3vq4gmq90-praeparationqualitaetssicherung-pdf
time=2026-08-21T20:19:30.893+02:00 level=WARN msg="OCR engine unavailable, skipping asset" id=da3gdpeqbbt3vq4gmq90
time=2026-08-21T20:19:30.901+02:00 level=INFO msg="starting text extraction for asset" id=da3gdpeqbbt3vq4gmrq0 filename=da3gdpeqbbt3vq4gmrq0-praxishygiene-pdf
time=2026-08-21T20:19:33.673+02:00 level=WARN msg="OCR engine unavailable, skipping asset" id=da3gdpeqbbt3vq4gmrq0
time=2026-08-21T20:19:33.689+02:00 level=INFO msg="starting text extraction for asset" id=da3gdpeqbbt3vq4gmtc0 filename=da3gdpeqbbt3vq4gmtc0-psi-fachreihe-pdf
time=2026-08-21T20:19:33.705+02:00 level=INFO msg="text extraction completed successfully" id=da3gdpeqbbt3vq4gmtc0 text_length=9554 engine=pdf-textlayer
time=2026-08-21T20:19:33.711+02:00 level=INFO msg="No subscribers to send message" pubsub_uuid=UHeed6fxBdhxGQN7v8J2hB message_uuid=8a866d30-2b82-4ae0-9c17-110247feb3cf topic=message.EventAssetOCRCompleted
time=2026-08-21T20:19:33.712+02:00 level=INFO msg="starting text extraction for asset" id=da3gdpeqbbt3vq4gmuv0 filename=da3gdpeqbbt3vq4gmuv0-psychosomatikzmk-pdf
time=2026-08-21T20:19:35.664+02:00 level=WARN msg="OCR engine unavailable, skipping asset" id=da3gdpeqbbt3vq4gmuv0
time=2026-08-21T20:19:35.672+02:00 level=INFO msg="starting text extraction for asset" id=da3gdpeqbbt3vq4gn0j0 filename=da3gdpeqbbt3vq4gn0j0-psychosomatischprothese-pdf
time=2026-08-21T20:19:36.450+02:00 level=WARN msg="OCR engine unavailable, skipping asset" id=da3gdpeqbbt3vq4gn0j0
time=2026-08-21T20:19:36.460+02:00 level=INFO msg="starting text extraction for asset" id=da3gdpeqbbt3vq4gn280 filename=da3gdpeqbbt3vq4gn280-pulpaschutzkompositrestaura-pdf
time=2026-08-21T20:19:38.285+02:00 level=WARN msg="OCR engine unavailable, skipping asset" id=da3gdpeqbbt3vq4gn280
time=2026-08-21T20:19:38.299+02:00 level=INFO msg="starting text extraction for asset" id=da3gdpeqbbt3vq4gn3u0 filename=da3gdpeqbbt3vq4gn3u0-quecksilberbelastung-pdf
time=2026-08-21T20:19:58.303+02:00 level=ERROR msg="text extraction exceeded time budget, abandoning asset to bound memory use" id=da3gdpeqbbt3vq4gn3u0 filename=da3gdpeqbbt3vq4gn3u0-quecksilberbelastung-pdf timeout=20s
extracted text from 258 assets
one asset exceeded its extraction time budget and was skipped; stopping this run to release its memory. Re-run --phase ocr to continue.
time=2026-08-21T20:19:58.319+02:00 level=INFO msg="configured plugin runtime provider" provider=local
time=2026-08-21T20:19:58.319+02:00 level=INFO msg="configured plugin runtime server url" server_url=http://localhost:8000
=== run 11 Fri Aug 21 20:19:59     2026 ===
time=2026-08-21T20:20:02.058+02:00 level=INFO msg="starting text extraction for asset" id=da3gdpeqbbt3vq4gn5l0 filename=da3gdpeqbbt3vq4gn5l0-regenerativetherapien-pdf
time=2026-08-21T20:20:04.750+02:00 level=WARN msg="OCR engine unavailable, skipping asset" id=da3gdpeqbbt3vq4gn5l0
time=2026-08-21T20:20:04.772+02:00 level=INFO msg="starting text extraction for asset" id=da3gdpeqbbt3vq4gn7d0 filename=da3gdpeqbbt3vq4gn7d0-revisionwurzelkanalbehandl-pdf
time=2026-08-21T20:20:05.215+02:00 level=WARN msg="OCR engine unavailable, skipping asset" id=da3gdpeqbbt3vq4gn7d0
time=2026-08-21T20:20:05.239+02:00 level=INFO msg="starting text extraction for asset" id=da3gdpeqbbt3vq4gn960 filename=da3gdpeqbbt3vq4gn960-roentgen-pdf
time=2026-08-21T20:20:06.465+02:00 level=WARN msg="OCR engine unavailable, skipping asset" id=da3gdpeqbbt3vq4gn960
time=2026-08-21T20:20:06.480+02:00 level=INFO msg="starting text extraction for asset" id=da3gdpeqbbt3vq4gnb00 filename=da3gdpeqbbt3vq4gnb00-schwangerschaft-pdf
time=2026-08-21T20:20:08.612+02:00 level=WARN msg="OCR engine unavailable, skipping asset" id=da3gdpeqbbt3vq4gnb00
time=2026-08-21T20:20:08.636+02:00 level=INFO msg="starting text extraction for asset" id=da3gdpeqbbt3vq4gncr0 filename=da3gdpeqbbt3vq4gncr0-sekundaerkaries-pdf
time=2026-08-21T20:20:09.387+02:00 level=WARN msg="OCR engine unavailable, skipping asset" id=da3gdpeqbbt3vq4gncr0
time=2026-08-21T20:20:09.402+02:00 level=INFO msg="starting text extraction for asset" id=da3gdpeqbbt3vq4gnen0 filename=da3gdpeqbbt3vq4gnen0-speicheldiagnostik-pdf
time=2026-08-21T20:20:10.239+02:00 level=WARN msg="OCR engine unavailable, skipping asset" id=da3gdpeqbbt3vq4gnen0
time=2026-08-21T20:20:10.259+02:00 level=INFO msg="starting text extraction for asset" id=da3gdpmqbbt3vq4gngk0 filename=da3gdpmqbbt3vq4gngk0-therapeutiknotdienst-pdf
time=2026-08-21T20:20:11.553+02:00 level=WARN msg="OCR engine unavailable, skipping asset" id=da3gdpmqbbt3vq4gngk0
time=2026-08-21T20:20:11.570+02:00 level=INFO msg="starting text extraction for asset" id=da3gdpmqbbt3vq4gnii0 filename=da3gdpmqbbt3vq4gnii0-tumortherapeutische_20betreuung-pdf
time=2026-08-21T20:20:11.580+02:00 level=INFO msg="text extraction completed successfully" id=da3gdpmqbbt3vq4gnii0 text_length=19516 engine=pdf-textlayer
time=2026-08-21T20:20:11.586+02:00 level=INFO msg="No subscribers to send message" pubsub_uuid=Rc8EXumQGWwyMyDd3YaWSh topic=message.EventAssetOCRCompleted message_uuid=19aa76a3-cd43-472e-a5b9-3d751775c398
time=2026-08-21T20:20:11.587+02:00 level=INFO msg="starting text extraction for asset" id=da3gdpmqbbt3vq4gnkh0 filename=da3gdpmqbbt3vq4gnkh0-verkehrstauglichkeit-pdf
time=2026-08-21T20:20:12.135+02:00 level=WARN msg="OCR engine unavailable, skipping asset" id=da3gdpmqbbt3vq4gnkh0
time=2026-08-21T20:20:12.158+02:00 level=INFO msg="starting text extraction for asset" id=da3gdpmqbbt3vq4gnmh0 filename=da3gdpmqbbt3vq4gnmh0-virusinfektion-pdf
time=2026-08-21T20:20:13.869+02:00 level=WARN msg="OCR engine unavailable, skipping asset" id=da3gdpmqbbt3vq4gnmh0
time=2026-08-21T20:20:13.883+02:00 level=INFO msg="starting text extraction for asset" id=da3gdpmqbbt3vq4gnoi0 filename=da3gdpmqbbt3vq4gnoi0-vitalamputation-pdf
time=2026-08-21T20:20:14.736+02:00 level=WARN msg="OCR engine unavailable, skipping asset" id=da3gdpmqbbt3vq4gnoi0
time=2026-08-21T20:20:14.758+02:00 level=INFO msg="starting text extraction for asset" id=da3gdpmqbbt3vq4gnqk0 filename=da3gdpmqbbt3vq4gnqk0-wielangmilchzahn-pdf
time=2026-08-21T20:20:14.765+02:00 level=INFO msg="text extraction completed successfully" id=da3gdpmqbbt3vq4gnqk0 text_length=6184 engine=pdf-textlayer
time=2026-08-21T20:20:14.770+02:00 level=INFO msg="No subscribers to send message" pubsub_uuid=Rc8EXumQGWwyMyDd3YaWSh message_uuid=d3779979-7cf4-425d-930a-092ec1ea47af topic=message.EventAssetOCRCompleted
time=2026-08-21T20:20:14.771+02:00 level=INFO msg="starting text extraction for asset" id=da3gdpmqbbt3vq4gnsn0 filename=da3gdpmqbbt3vq4gnsn0-wurzelhalslaenge-pdf
time=2026-08-21T20:20:15.457+02:00 level=WARN msg="OCR engine unavailable, skipping asset" id=da3gdpmqbbt3vq4gnsn0
time=2026-08-21T20:20:15.473+02:00 level=INFO msg="starting text extraction for asset" id=da3gdpmqbbt3vq4gnur0 filename=da3gdpmqbbt3vq4gnur0-wurzelkanalaufbereitung-pdf
time=2026-08-21T20:20:18.303+02:00 level=WARN msg="OCR engine unavailable, skipping asset" id=da3gdpmqbbt3vq4gnur0
time=2026-08-21T20:20:18.326+02:00 level=INFO msg="starting text extraction for asset" id=da3gdpmqbbt3vq4go100 filename=da3gdpmqbbt3vq4go100-wurzelkanalfuellpaste-pdf
time=2026-08-21T20:20:20.797+02:00 level=WARN msg="OCR engine unavailable, skipping asset" id=da3gdpmqbbt3vq4go100
time=2026-08-21T20:20:20.806+02:00 level=INFO msg="starting text extraction for asset" id=da3gdpmqbbt3vq4go360 filename=da3gdpmqbbt3vq4go360-wurzelkanalprogose-pdf
time=2026-08-21T20:20:22.472+02:00 level=WARN msg="OCR engine unavailable, skipping asset" id=da3gdpmqbbt3vq4go360
time=2026-08-21T20:20:22.487+02:00 level=INFO msg="starting text extraction for asset" id=da3gdpmqbbt3vq4go5d0 filename=da3gdpmqbbt3vq4go5d0-zaehneknirschen-pdf
time=2026-08-21T20:20:23.661+02:00 level=WARN msg="OCR engine unavailable, skipping asset" id=da3gdpmqbbt3vq4go5d0
time=2026-08-21T20:20:23.675+02:00 level=INFO msg="starting text extraction for asset" id=da3gdpmqbbt3vq4go7l0 filename=da3gdpmqbbt3vq4go7l0-zahnbehandlungsangst-pdf
time=2026-08-21T20:20:26.172+02:00 level=WARN msg="OCR engine unavailable, skipping asset" id=da3gdpmqbbt3vq4go7l0
time=2026-08-21T20:20:26.187+02:00 level=INFO msg="starting text extraction for asset" id=da3gdpmqbbt3vq4go9u0 filename=da3gdpmqbbt3vq4go9u0-zahnchirureingriffdiabet1-pdf
time=2026-08-21T20:20:27.051+02:00 level=WARN msg="OCR engine unavailable, skipping asset" id=da3gdpmqbbt3vq4go9u0
time=2026-08-21T20:20:27.074+02:00 level=INFO msg="starting text extraction for asset" id=da3gdpmqbbt3vq4goc80 filename=da3gdpmqbbt3vq4goc80-zahnsanierungorgantranspl-pdf
time=2026-08-21T20:20:29.132+02:00 level=WARN msg="OCR engine unavailable, skipping asset" id=da3gdpmqbbt3vq4goc80
time=2026-08-21T20:20:29.150+02:00 level=INFO msg="starting text extraction for asset" id=da3gdpmqbbt3vq4goej0 filename=da3gdpmqbbt3vq4goej0-calxyl-pdf
time=2026-08-21T20:20:29.155+02:00 level=WARN msg="pdf text layer extraction failed, will try rasterisation fallback" error="not a PDF file: missing %%EOF"
time=2026-08-21T20:20:29.895+02:00 level=WARN msg="OCR engine unavailable, skipping asset" id=da3gdpmqbbt3vq4goej0
time=2026-08-21T20:20:29.918+02:00 level=INFO msg="starting text extraction for asset" id=da3gdpmqbbt3vq4gogv0 filename=da3gdpmqbbt3vq4gogv0-charisma-pdf
time=2026-08-21T20:20:29.956+02:00 level=INFO msg="text extraction completed successfully" id=da3gdpmqbbt3vq4gogv0 text_length=76724 engine=pdf-textlayer
time=2026-08-21T20:20:29.969+02:00 level=INFO msg="No subscribers to send message" pubsub_uuid=Rc8EXumQGWwyMyDd3YaWSh message_uuid=97c54dd5-9d1f-424c-a37a-5e9af5011abb topic=message.EventAssetOCRCompleted
time=2026-08-21T20:20:29.974+02:00 level=INFO msg="starting text extraction for asset" id=da3gdpmqbbt3vq4gojc0 filename=da3gdpmqbbt3vq4gojc0-chlorhexamed-1_-pdf
time=2026-08-21T20:20:29.977+02:00 level=WARN msg="pdf text layer extraction failed, will try rasterisation fallback" error="not a PDF file: missing %%EOF"
time=2026-08-21T20:20:31.358+02:00 level=WARN msg="OCR engine unavailable, skipping asset" id=da3gdpmqbbt3vq4gojc0
time=2026-08-21T20:20:31.373+02:00 level=INFO msg="starting text extraction for asset" id=da3gdpmqbbt3vq4golq0 filename=da3gdpmqbbt3vq4golq0-clearfil-newbond-pdf
time=2026-08-21T20:20:31.400+02:00 level=INFO msg="text extraction completed successfully" id=da3gdpmqbbt3vq4golq0 text_length=46910 engine=pdf-textlayer
time=2026-08-21T20:20:31.407+02:00 level=INFO msg="No subscribers to send message" pubsub_uuid=Rc8EXumQGWwyMyDd3YaWSh topic=message.EventAssetOCRCompleted message_uuid=8235ae18-a5c2-4e9b-b900-3b4fdbedff65
time=2026-08-21T20:20:31.409+02:00 level=INFO msg="starting text extraction for asset" id=da3gdpmqbbt3vq4goo90 filename=da3gdpmqbbt3vq4goo90-clearfil-photocore-pdf
time=2026-08-21T20:20:31.423+02:00 level=INFO msg="text extraction completed successfully" id=da3gdpmqbbt3vq4goo90 text_length=71374 engine=pdf-textlayer
time=2026-08-21T20:20:31.433+02:00 level=INFO msg="No subscribers to send message" pubsub_uuid=Rc8EXumQGWwyMyDd3YaWSh topic=message.EventAssetOCRCompleted message_uuid=7046567e-940a-4e2d-aca4-fba57df37c24
time=2026-08-21T20:20:31.435+02:00 level=INFO msg="starting text extraction for asset" id=da3gdpmqbbt3vq4goqp0 filename=da3gdpmqbbt3vq4goqp0-clearfil-se-bond-pdf
time=2026-08-21T20:20:31.447+02:00 level=INFO msg="text extraction completed successfully" id=da3gdpmqbbt3vq4goqp0 text_length=81838 engine=pdf-textlayer
time=2026-08-21T20:20:31.455+02:00 level=INFO msg="No subscribers to send message" pubsub_uuid=Rc8EXumQGWwyMyDd3YaWSh message_uuid=2ba2f28c-14a5-45aa-9f23-23ca920e0123 topic=message.EventAssetOCRCompleted
time=2026-08-21T20:20:31.458+02:00 level=INFO msg="starting text extraction for asset" id=da3gdpmqbbt3vq4gota0 filename=da3gdpmqbbt3vq4gota0-excite-f-pdf
time=2026-08-21T20:20:31.814+02:00 level=INFO msg="text extraction completed successfully" id=da3gdpmqbbt3vq4gota0 text_length=102769 engine=pdf-textlayer
time=2026-08-21T20:20:31.831+02:00 level=INFO msg="No subscribers to send message" pubsub_uuid=Rc8EXumQGWwyMyDd3YaWSh message_uuid=33af2ecc-d72e-4c37-89df-483e7ba4afd7 topic=message.EventAssetOCRCompleted
time=2026-08-21T20:20:31.835+02:00 level=INFO msg="starting text extraction for asset" id=da3gdpmqbbt3vq4govs0 filename=da3gdpmqbbt3vq4govs0-fuji-ii-lc-capsule-pdf
time=2026-08-21T20:20:31.854+02:00 level=INFO msg="text extraction completed successfully" id=da3gdpmqbbt3vq4govs0 text_length=35220 engine=pdf-textlayer
time=2026-08-21T20:20:31.861+02:00 level=INFO msg="No subscribers to send message" pubsub_uuid=Rc8EXumQGWwyMyDd3YaWSh message_uuid=7479cdf3-7a4f-4d63-8899-0847bd5b6020 topic=message.EventAssetOCRCompleted
time=2026-08-21T20:20:31.864+02:00 level=INFO msg="starting text extraction for asset" id=da3gdpmqbbt3vq4gp2f0 filename=da3gdpmqbbt3vq4gp2f0-gluma-desensitizer-pdf
time=2026-08-21T20:20:31.928+02:00 level=INFO msg="text extraction completed successfully" id=da3gdpmqbbt3vq4gp2f0 text_length=81902 engine=pdf-textlayer
time=2026-08-21T20:20:31.939+02:00 level=INFO msg="No subscribers to send message" pubsub_uuid=Rc8EXumQGWwyMyDd3YaWSh message_uuid=92ab1ac0-1990-451e-a7f3-eecba5c8fce3 topic=message.EventAssetOCRCompleted
time=2026-08-21T20:20:31.942+02:00 level=INFO msg="starting text extraction for asset" id=da3gdpuqbbt3vq4gp530 filename=da3gdpuqbbt3vq4gp530-helioseal-pdf
time=2026-08-21T20:20:32.007+02:00 level=INFO msg="text extraction completed successfully" id=da3gdpuqbbt3vq4gp530 text_length=35324 engine=pdf-textlayer
time=2026-08-21T20:20:32.018+02:00 level=INFO msg="No subscribers to send message" pubsub_uuid=Rc8EXumQGWwyMyDd3YaWSh message_uuid=6177dacb-c9b4-481d-bd8f-0f4ecad0d13a topic=message.EventAssetOCRCompleted
time=2026-08-21T20:20:32.020+02:00 level=INFO msg="starting text extraction for asset" id=da3gdpuqbbt3vq4gp7o0 filename=da3gdpuqbbt3vq4gp7o0-k-etchant-gel-pdf
time=2026-08-21T20:20:32.031+02:00 level=INFO msg="text extraction completed successfully" id=da3gdpuqbbt3vq4gp7o0 text_length=48566 engine=pdf-textlayer
time=2026-08-21T20:20:32.037+02:00 level=INFO msg="No subscribers to send message" pubsub_uuid=Rc8EXumQGWwyMyDd3YaWSh message_uuid=f50aa2ec-88ae-4a8b-ab1f-d648ab15b131 topic=message.EventAssetOCRCompleted
time=2026-08-21T20:20:32.042+02:00 level=INFO msg="starting text extraction for asset" id=da3gdpuqbbt3vq4gpae0 filename=da3gdpuqbbt3vq4gpae0-kerrlife-pdf
time=2026-08-21T20:20:32.074+02:00 level=INFO msg="text extraction completed successfully" id=da3gdpuqbbt3vq4gpae0 text_length=53915 engine=pdf-textlayer
time=2026-08-21T20:20:32.082+02:00 level=INFO msg="No subscribers to send message" pubsub_uuid=Rc8EXumQGWwyMyDd3YaWSh message_uuid=e2a26dbb-7169-45d0-85d5-75ed74953d00 topic=message.EventAssetOCRCompleted
time=2026-08-21T20:20:32.084+02:00 level=INFO msg="starting text extraction for asset" id=da3gdpuqbbt3vq4gpd50 filename=da3gdpuqbbt3vq4gpd50-ketacbond-pdf
time=2026-08-21T20:20:32.099+02:00 level=INFO msg="text extraction completed successfully" id=da3gdpuqbbt3vq4gpd50 text_length=75679 engine=pdf-textlayer
time=2026-08-21T20:20:32.107+02:00 level=INFO msg="No subscribers to send message" pubsub_uuid=Rc8EXumQGWwyMyDd3YaWSh message_uuid=378c262a-8908-4003-b40b-a575edf5176c topic=message.EventAssetOCRCompleted
time=2026-08-21T20:20:32.110+02:00 level=INFO msg="starting text extraction for asset" id=da3gdpuqbbt3vq4gpft0 filename=da3gdpuqbbt3vq4gpft0-ketacconditioner-pdf
time=2026-08-21T20:20:32.118+02:00 level=INFO msg="text extraction completed successfully" id=da3gdpuqbbt3vq4gpft0 text_length=36886 engine=pdf-textlayer
time=2026-08-21T20:20:32.124+02:00 level=INFO msg="No subscribers to send message" pubsub_uuid=Rc8EXumQGWwyMyDd3YaWSh message_uuid=152c2781-00bf-4be5-a2f4-31495a4ea8e8 topic=message.EventAssetOCRCompleted
time=2026-08-21T20:20:32.126+02:00 level=INFO msg="starting text extraction for asset" id=da3gdpuqbbt3vq4gpim0 filename=da3gdpuqbbt3vq4gpim0-ketacmolar-aplicap-pdf
time=2026-08-21T20:20:32.139+02:00 level=INFO msg="text extraction completed successfully" id=da3gdpuqbbt3vq4gpim0 text_length=84030 engine=pdf-textlayer
time=2026-08-21T20:20:32.147+02:00 level=INFO msg="No subscribers to send message" pubsub_uuid=Rc8EXumQGWwyMyDd3YaWSh message_uuid=f89d7ceb-ff7d-4c06-bec7-f5cf7221734e topic=message.EventAssetOCRCompleted
time=2026-08-21T20:20:32.148+02:00 level=INFO msg="starting text extraction for asset" id=da3gdpuqbbt3vq4gplg0 filename=da3gdpuqbbt3vq4gplg0-ledermix-pdf
time=2026-08-21T20:20:32.153+02:00 level=INFO msg="text extraction completed successfully" id=da3gdpuqbbt3vq4gplg0 text_length=12561 engine=pdf-textlayer
time=2026-08-21T20:20:32.157+02:00 level=INFO msg="No subscribers to send message" pubsub_uuid=Rc8EXumQGWwyMyDd3YaWSh message_uuid=6716a860-9bac-4736-bc19-74282c357d0d topic=message.EventAssetOCRCompleted
time=2026-08-21T20:20:32.159+02:00 level=INFO msg="starting text extraction for asset" id=da3gdpuqbbt3vq4gpob0 filename=da3gdpuqbbt3vq4gpob0-naocl-pdf
time=2026-08-21T20:20:32.164+02:00 level=INFO msg="text extraction completed successfully" id=da3gdpuqbbt3vq4gpob0 text_length=16097 engine=pdf-textlayer
time=2026-08-21T20:20:32.169+02:00 level=INFO msg="No subscribers to send message" pubsub_uuid=Rc8EXumQGWwyMyDd3YaWSh message_uuid=6db479d7-4af1-4500-b482-86457fa78a43 topic=message.EventAssetOCRCompleted
time=2026-08-21T20:20:32.172+02:00 level=INFO msg="starting text extraction for asset" id=da3gdpuqbbt3vq4gpr70 filename=da3gdpuqbbt3vq4gpr70-natriumchlorid-0-9_-pdf
time=2026-08-21T20:20:32.176+02:00 level=WARN msg="pdf text layer extraction failed, will try rasterisation fallback" error="not a PDF file: missing %%EOF"
time=2026-08-21T20:20:33.081+02:00 level=WARN msg="OCR engine unavailable, skipping asset" id=da3gdpuqbbt3vq4gpr70
time=2026-08-21T20:20:33.098+02:00 level=INFO msg="starting text extraction for asset" id=da3gdpuqbbt3vq4gpu40 filename=da3gdpuqbbt3vq4gpu40-paroex-pdf
time=2026-08-21T20:20:33.102+02:00 level=WARN msg="pdf text layer extraction failed, will try rasterisation fallback" error="not a PDF file: missing %%EOF"
time=2026-08-21T20:20:33.413+02:00 level=WARN msg="OCR engine unavailable, skipping asset" id=da3gdpuqbbt3vq4gpu40
time=2026-08-21T20:20:33.429+02:00 level=INFO msg="starting text extraction for asset" id=da3gdpuqbbt3vq4gq120 filename=da3gdpuqbbt3vq4gq120-relyx-unicem-pdf
time=2026-08-21T20:20:33.459+02:00 level=INFO msg="text extraction completed successfully" id=da3gdpuqbbt3vq4gq120 text_length=200000 engine=pdf-textlayer
time=2026-08-21T20:20:33.475+02:00 level=INFO msg="No subscribers to send message" pubsub_uuid=Rc8EXumQGWwyMyDd3YaWSh message_uuid=04bb580d-f9d5-41f6-b80e-1175d98f84e6 topic=message.EventAssetOCRCompleted
time=2026-08-21T20:20:33.479+02:00 level=INFO msg="starting text extraction for asset" id=da3gdpuqbbt3vq4gq410 filename=da3gdpuqbbt3vq4gq410-relyx-unicem_how-to-do-pdf
time=2026-08-21T20:20:33.485+02:00 level=INFO msg="text extraction completed successfully" id=da3gdpuqbbt3vq4gq410 text_length=3257 engine=pdf-textlayer
time=2026-08-21T20:20:33.490+02:00 level=INFO msg="No subscribers to send message" pubsub_uuid=Rc8EXumQGWwyMyDd3YaWSh message_uuid=1a89eb36-ea69-41b2-882e-c91e9c1a1251 topic=message.EventAssetOCRCompleted
time=2026-08-21T20:20:33.492+02:00 level=INFO msg="starting text extraction for asset" id=da3gdpuqbbt3vq4gq710 filename=da3gdpuqbbt3vq4gq710-syntac-pdf
time=2026-08-21T20:20:33.612+02:00 level=INFO msg="text extraction completed successfully" id=da3gdpuqbbt3vq4gq710 text_length=97410 engine=pdf-textlayer
time=2026-08-21T20:20:33.625+02:00 level=INFO msg="No subscribers to send message" pubsub_uuid=Rc8EXumQGWwyMyDd3YaWSh message_uuid=5d2f55de-1d82-4eae-9d38-aedc8a2d4d5f topic=message.EventAssetOCRCompleted
time=2026-08-21T20:20:33.629+02:00 level=INFO msg="starting text extraction for asset" id=da3gdpuqbbt3vq4gqa20 filename=da3gdpuqbbt3vq4gqa20-tempbond-pdf
time=2026-08-21T20:20:33.775+02:00 level=INFO msg="text extraction completed successfully" id=da3gdpuqbbt3vq4gqa20 text_length=163005 engine=pdf-textlayer
time=2026-08-21T20:20:33.780+02:00 level=WARN msg="failed to process asset for text extraction" id=da3gdpuqbbt3vq4gqa20 error="ERROR: invalid byte sequence for encoding \"UTF8\": 0x00 (SQLSTATE 22021)"
time=2026-08-21T20:20:33.784+02:00 level=INFO msg="starting text extraction for asset" id=da3gdpuqbbt3vq4gqd40 filename=da3gdpuqbbt3vq4gqd40-tetric-evoceram-pdf
time=2026-08-21T20:20:34.169+02:00 level=INFO msg="text extraction completed successfully" id=da3gdpuqbbt3vq4gqd40 text_length=199999 engine=pdf-textlayer
time=2026-08-21T20:20:34.178+02:00 level=WARN msg="failed to process asset for text extraction" id=da3gdpuqbbt3vq4gqd40 error="ERROR: invalid byte sequence for encoding \"UTF8\": 0x00 (SQLSTATE 22021)"
time=2026-08-21T20:20:34.182+02:00 level=INFO msg="starting text extraction for asset" id=da3gdpuqbbt3vq4gqg70 filename=da3gdpuqbbt3vq4gqg70-tetric-evoflow-pdf
time=2026-08-21T20:20:34.537+02:00 level=INFO msg="text extraction completed successfully" id=da3gdpuqbbt3vq4gqg70 text_length=200000 engine=pdf-textlayer
time=2026-08-21T20:20:34.560+02:00 level=INFO msg="No subscribers to send message" pubsub_uuid=Rc8EXumQGWwyMyDd3YaWSh message_uuid=77b3458e-e30f-4221-92a7-659040e89e06 topic=message.EventAssetOCRCompleted
time=2026-08-21T20:20:34.564+02:00 level=INFO msg="starting text extraction for asset" id=da3gdpuqbbt3vq4gqjb0 filename=da3gdpuqbbt3vq4gqjb0-total-etch-pdf
time=2026-08-21T20:20:34.681+02:00 level=INFO msg="text extraction completed successfully" id=da3gdpuqbbt3vq4gqjb0 text_length=84118 engine=pdf-textlayer
time=2026-08-21T20:20:34.691+02:00 level=INFO msg="No subscribers to send message" pubsub_uuid=Rc8EXumQGWwyMyDd3YaWSh message_uuid=7b0b6b24-f12b-4217-9270-aba27c4adc6c topic=message.EventAssetOCRCompleted
time=2026-08-21T20:20:34.697+02:00 level=INFO msg="starting text extraction for asset" id=da3gdpuqbbt3vq4gqmg0 filename=da3gdpuqbbt3vq4gqmg0-ultracain-d-s-pdf
time=2026-08-21T20:20:34.702+02:00 level=WARN msg="pdf text layer extraction failed, will try rasterisation fallback" error="not a PDF file: missing %%EOF"
time=2026-08-21T20:20:37.556+02:00 level=WARN msg="OCR engine unavailable, skipping asset" id=da3gdpuqbbt3vq4gqmg0
time=2026-08-21T20:20:37.566+02:00 level=INFO msg="starting text extraction for asset" id=da3gdpuqbbt3vq4gqpm0 filename=da3gdpuqbbt3vq4gqpm0-variolinkii-pdf
time=2026-08-21T20:20:37.581+02:00 level=INFO msg="text extraction completed successfully" id=da3gdpuqbbt3vq4gqpm0 text_length=80292 engine=pdf-textlayer
time=2026-08-21T20:20:37.589+02:00 level=INFO msg="No subscribers to send message" pubsub_uuid=Rc8EXumQGWwyMyDd3YaWSh topic=message.EventAssetOCRCompleted message_uuid=ab250835-038e-48f0-a644-ae69acacbe58
time=2026-08-21T20:20:37.599+02:00 level=INFO msg="starting text extraction for asset" id=da3gdpuqbbt3vq4gqst0 filename=da3gdpuqbbt3vq4gqst0-hauptvorlesung-trauma-pdf
time=2026-08-21T20:20:37.680+02:00 level=INFO msg="text extraction completed successfully" id=da3gdpuqbbt3vq4gqst0 text_length=21894 engine=pdf-textlayer
time=2026-08-21T20:20:37.689+02:00 level=INFO msg="No subscribers to send message" pubsub_uuid=Rc8EXumQGWwyMyDd3YaWSh message_uuid=d846ce55-624d-4d27-98a1-6d9071c9ce6b topic=message.EventAssetOCRCompleted
time=2026-08-21T20:20:37.700+02:00 level=INFO msg="starting text extraction for asset" id=da3gdpuqbbt3vq4gr050 filename=da3gdpuqbbt3vq4gr050-adhäsivsysteme-pdf
time=2026-08-21T20:20:37.705+02:00 level=WARN msg="pdf text layer extraction failed, will try rasterisation fallback" error="not a PDF file: missing %%EOF"
time=2026-08-21T20:20:40.797+02:00 level=WARN msg="OCR engine unavailable, skipping asset" id=da3gdpuqbbt3vq4gr050
time=2026-08-21T20:20:40.822+02:00 level=INFO msg="starting text extraction for asset" id=da3gdpuqbbt3vq4gr3e0 filename=da3gdpuqbbt3vq4gr3e0-dentinhypersensibilität-pdf
time=2026-08-21T20:20:40.826+02:00 level=WARN msg="pdf text layer extraction failed, will try rasterisation fallback" error="not a PDF file: missing %%EOF"
time=2026-08-21T20:20:44.299+02:00 level=WARN msg="OCR engine unavailable, skipping asset" id=da3gdpuqbbt3vq4gr3e0
time=2026-08-21T20:20:44.310+02:00 level=INFO msg="starting text extraction for asset" id=da3gdpuqbbt3vq4gr6o0 filename=da3gdpuqbbt3vq4gr6o0-einführung-pdf
time=2026-08-21T20:20:44.314+02:00 level=WARN msg="pdf text layer extraction failed, will try rasterisation fallback" error="not a PDF file: missing %%EOF"
time=2026-08-21T20:20:45.839+02:00 level=WARN msg="OCR engine unavailable, skipping asset" id=da3gdpuqbbt3vq4gr6o0
time=2026-08-21T20:20:45.859+02:00 level=INFO msg="starting text extraction for asset" id=da3gdpuqbbt3vq4gra30 filename=da3gdpuqbbt3vq4gra30-fluor-im-mund-pdf
time=2026-08-21T20:20:45.863+02:00 level=WARN msg="pdf text layer extraction failed, will try rasterisation fallback" error="not a PDF file: missing %%EOF"
time=2026-08-21T20:20:47.354+02:00 level=WARN msg="OCR engine unavailable, skipping asset" id=da3gdpuqbbt3vq4gra30
time=2026-08-21T20:20:47.389+02:00 level=INFO msg="starting text extraction for asset" id=da3gdpuqbbt3vq4grdf0 filename=da3gdpuqbbt3vq4grdf0-fluoreszenzunterstützte-kariesexkavation-pdf
time=2026-08-21T20:20:47.394+02:00 level=WARN msg="pdf text layer extraction failed, will try rasterisation fallback" error="not a PDF file: missing %%EOF"
time=2026-08-21T20:20:50.720+02:00 level=WARN msg="OCR engine unavailable, skipping asset" id=da3gdpuqbbt3vq4grdf0
time=2026-08-21T20:20:50.746+02:00 level=INFO msg="starting text extraction for asset" id=da3gdq6qbbt3vq4grgs0 filename=da3gdq6qbbt3vq4grgs0-füllungs-und-restaurationsreparatur-pdf
time=2026-08-21T20:20:50.749+02:00 level=WARN msg="pdf text layer extraction failed, will try rasterisation fallback" error="not a PDF file: missing %%EOF"
time=2026-08-21T20:20:53.918+02:00 level=WARN msg="OCR engine unavailable, skipping asset" id=da3gdq6qbbt3vq4grgs0
time=2026-08-21T20:20:53.944+02:00 level=INFO msg="starting text extraction for asset" id=da3gdq6qbbt3vq4grka0 filename=da3gdq6qbbt3vq4grka0-kariesprophylaxe-ohne-fluorid-pdf
time=2026-08-21T20:20:53.950+02:00 level=WARN msg="pdf text layer extraction failed, will try rasterisation fallback" error="not a PDF file: missing %%EOF"
time=2026-08-21T20:20:55.950+02:00 level=WARN msg="OCR engine unavailable, skipping asset" id=da3gdq6qbbt3vq4grka0
time=2026-08-21T20:20:55.988+02:00 level=INFO msg="starting text extraction for asset" id=da3gdq6qbbt3vq4grnp0 filename=da3gdq6qbbt3vq4grnp0-parodontalchirurgie-pdf
time=2026-08-21T20:20:55.992+02:00 level=WARN msg="pdf text layer extraction failed, will try rasterisation fallback" error="not a PDF file: missing %%EOF"
time=2026-08-21T20:21:00.475+02:00 level=WARN msg="OCR engine unavailable, skipping asset" id=da3gdq6qbbt3vq4grnp0
time=2026-08-21T20:21:00.510+02:00 level=INFO msg="starting text extraction for asset" id=da3gdq6qbbt3vq4grr90 filename=da3gdq6qbbt3vq4grr90-parodontale-therapie-pdf
time=2026-08-21T20:21:00.514+02:00 level=WARN msg="pdf text layer extraction failed, will try rasterisation fallback" error="not a PDF file: missing %%EOF"
time=2026-08-21T20:21:05.430+02:00 level=WARN msg="OCR engine unavailable, skipping asset" id=da3gdq6qbbt3vq4grr90
time=2026-08-21T20:21:05.454+02:00 level=INFO msg="starting text extraction for asset" id=da3gdq6qbbt3vq4gruq0 filename=da3gdq6qbbt3vq4gruq0-ätiologie-parodontaler-erkrankungen-pdf
time=2026-08-21T20:21:05.458+02:00 level=WARN msg="pdf text layer extraction failed, will try rasterisation fallback" error="not a PDF file: missing %%EOF"
time=2026-08-21T20:21:10.966+02:00 level=WARN msg="OCR engine unavailable, skipping asset" id=da3gdq6qbbt3vq4gruq0
time=2026-08-21T20:21:10.995+02:00 level=INFO msg="starting text extraction for asset" id=da3gdq6qbbt3vq4gs2c0 filename=da3gdq6qbbt3vq4gs2c0-ätiopathogenese-der-parodontitis-immunologische-aspekte-pdf
time=2026-08-21T20:21:11.000+02:00 level=WARN msg="pdf text layer extraction failed, will try rasterisation fallback" error="not a PDF file: missing %%EOF"
time=2026-08-21T20:21:14.398+02:00 level=WARN msg="OCR engine unavailable, skipping asset" id=da3gdq6qbbt3vq4gs2c0
time=2026-08-21T20:21:14.419+02:00 level=INFO msg="starting text extraction for asset" id=da3gdq6qbbt3vq4gs5v0 filename=da3gdq6qbbt3vq4gs5v0-schmalz-endodontie-teil-1-pdf
time=2026-08-21T20:21:31.719+02:00 level=WARN msg="OCR engine unavailable, skipping asset" id=da3gdq6qbbt3vq4gs5v0
time=2026-08-21T20:21:31.746+02:00 level=INFO msg="starting text extraction for asset" id=da3gdq6qbbt3vq4gs9j0 filename=da3gdq6qbbt3vq4gs9j0-schmalz-endodontie-teil-2-pdf
time=2026-08-21T20:21:49.013+02:00 level=WARN msg="OCR engine unavailable, skipping asset" id=da3gdq6qbbt3vq4gs9j0
time=2026-08-21T20:21:49.054+02:00 level=INFO msg="starting text extraction for asset" id=da3gdq6qbbt3vq4gsd80 filename=da3gdq6qbbt3vq4gsd80-schmalz-endodontie-teil-3-pdf
time=2026-08-21T20:22:06.006+02:00 level=WARN msg="OCR engine unavailable, skipping asset" id=da3gdq6qbbt3vq4gsd80
time=2026-08-21T20:22:06.032+02:00 level=INFO msg="starting text extraction for asset" id=da3gdq6qbbt3vq4gsgu0 filename=da3gdq6qbbt3vq4gsgu0-schmalz-endodontie-teil-4-pdf
time=2026-08-21T20:22:06.036+02:00 level=WARN msg="pdf text layer extraction failed, will try rasterisation fallback" error="not a PDF file: missing %%EOF"
time=2026-08-21T20:22:08.416+02:00 level=WARN msg="OCR engine unavailable, skipping asset" id=da3gdq6qbbt3vq4gsgu0
time=2026-08-21T20:22:08.438+02:00 level=INFO msg="starting text extraction for asset" id=da3gdq6qbbt3vq4gskl0 filename=da3gdq6qbbt3vq4gskl0-schmalz-endodontie-teil-5-pdf
time=2026-08-21T20:22:08.443+02:00 level=WARN msg="pdf text layer extraction failed, will try rasterisation fallback" error="not a PDF file: missing %%EOF"
time=2026-08-21T20:22:10.933+02:00 level=WARN msg="OCR engine unavailable, skipping asset" id=da3gdq6qbbt3vq4gskl0
time=2026-08-21T20:22:10.959+02:00 level=INFO msg="starting text extraction for asset" id=da3gdq6qbbt3vq4gsod0 filename=da3gdq6qbbt3vq4gsod0-schmalz-endodontie-teil-6-pdf
time=2026-08-21T20:22:10.964+02:00 level=WARN msg="pdf text layer extraction failed, will try rasterisation fallback" error="not a PDF file: missing %%EOF"
time=2026-08-21T20:22:13.444+02:00 level=WARN msg="OCR engine unavailable, skipping asset" id=da3gdq6qbbt3vq4gsod0
time=2026-08-21T20:22:13.473+02:00 level=INFO msg="starting text extraction for asset" id=da3gdq6qbbt3vq4gss60 filename=da3gdq6qbbt3vq4gss60-schmalz-endodontie-teil-7-pdf
time=2026-08-21T20:22:26.633+02:00 level=WARN msg="OCR engine unavailable, skipping asset" id=da3gdq6qbbt3vq4gss60
time=2026-08-21T20:22:26.665+02:00 level=INFO msg="starting text extraction for asset" id=da3gdq6qbbt3vq4gt000 filename=da3gdq6qbbt3vq4gt000-schmalz-endodontie-teil-8-pdf
time=2026-08-21T20:22:43.932+02:00 level=WARN msg="OCR engine unavailable, skipping asset" id=da3gdq6qbbt3vq4gt000
time=2026-08-21T20:22:43.963+02:00 level=INFO msg="starting text extraction for asset" id=da3gdq6qbbt3vq4gt3r0 filename=da3gdq6qbbt3vq4gt3r0-schmalz-endodontie-teil-9-pdf
time=2026-08-21T20:22:57.287+02:00 level=WARN msg="OCR engine unavailable, skipping asset" id=da3gdq6qbbt3vq4gt3r0
time=2026-08-21T20:22:57.311+02:00 level=INFO msg="starting text extraction for asset" id=da3gdq6qbbt3vq4gt7n0 filename=da3gdq6qbbt3vq4gt7n0-schmalz-kariologie-teil-1-pdf
time=2026-08-21T20:22:57.317+02:00 level=WARN msg="pdf text layer extraction failed, will try rasterisation fallback" error="not a PDF file: missing %%EOF"
time=2026-08-21T20:22:59.914+02:00 level=WARN msg="OCR engine unavailable, skipping asset" id=da3gdq6qbbt3vq4gt7n0
time=2026-08-21T20:22:59.939+02:00 level=INFO msg="starting text extraction for asset" id=da3gdq6qbbt3vq4gtbk0 filename=da3gdq6qbbt3vq4gtbk0-schmalz-kariologie-teil-2-pdf
time=2026-08-21T20:22:59.945+02:00 level=WARN msg="pdf text layer extraction failed, will try rasterisation fallback" error="not a PDF file: missing %%EOF"
time=2026-08-21T20:23:02.145+02:00 level=WARN msg="OCR engine unavailable, skipping asset" id=da3gdq6qbbt3vq4gtbk0
time=2026-08-21T20:23:02.169+02:00 level=INFO msg="starting text extraction for asset" id=da3gdq6qbbt3vq4gtfi0 filename=da3gdq6qbbt3vq4gtfi0-schmalz-kariologie-teil-3-pdf
time=2026-08-21T20:23:02.173+02:00 level=WARN msg="pdf text layer extraction failed, will try rasterisation fallback" error="not a PDF file: missing %%EOF"
time=2026-08-21T20:23:04.833+02:00 level=WARN msg="OCR engine unavailable, skipping asset" id=da3gdq6qbbt3vq4gtfi0
time=2026-08-21T20:23:04.869+02:00 level=INFO msg="starting text extraction for asset" id=da3gdq6qbbt3vq4gtjh0 filename=da3gdq6qbbt3vq4gtjh0-schmalz-paradontologie-teil-1-pdf
time=2026-08-21T20:23:24.096+02:00 level=WARN msg="OCR engine unavailable, skipping asset" id=da3gdq6qbbt3vq4gtjh0
time=2026-08-21T20:23:24.128+02:00 level=INFO msg="starting text extraction for asset" id=da3gdq6qbbt3vq4gtnh0 filename=da3gdq6qbbt3vq4gtnh0-schmalz-paradontologie-teil-2-pdf
time=2026-08-21T20:23:42.551+02:00 level=WARN msg="OCR engine unavailable, skipping asset" id=da3gdq6qbbt3vq4gtnh0
time=2026-08-21T20:23:42.585+02:00 level=INFO msg="starting text extraction for asset" id=da3gdqeqbbt3vq4gtri0 filename=da3gdqeqbbt3vq4gtri0-schmalz-paradontologie-teil-3-pdf
time=2026-08-21T20:24:00.599+02:00 level=WARN msg="OCR engine unavailable, skipping asset" id=da3gdqeqbbt3vq4gtri0
time=2026-08-21T20:24:00.636+02:00 level=INFO msg="starting text extraction for asset" id=da3gdqeqbbt3vq4gtvk0 filename=da3gdqeqbbt3vq4gtvk0-schmalz-paradontologie-teil-4-pdf
time=2026-08-21T20:24:19.664+02:00 level=WARN msg="OCR engine unavailable, skipping asset" id=da3gdqeqbbt3vq4gtvk0
time=2026-08-21T20:24:19.694+02:00 level=INFO msg="starting text extraction for asset" id=da3gdqeqbbt3vq4gu3n0 filename=da3gdqeqbbt3vq4gu3n0-endo-im-wechselgebiss-pdf
time=2026-08-21T20:24:20.128+02:00 level=INFO msg="text extraction completed successfully" id=da3gdqeqbbt3vq4gu3n0 text_length=19094 engine=pdf-textlayer
time=2026-08-21T20:24:20.138+02:00 level=INFO msg="No subscribers to send message" pubsub_uuid=Rc8EXumQGWwyMyDd3YaWSh message_uuid=5dc66594-eb61-49f7-81eb-502309499c4a topic=message.EventAssetOCRCompleted
time=2026-08-21T20:24:20.164+02:00 level=INFO msg="starting text extraction for asset" id=da3gdqeqbbt3vq4gu7r0 filename=da3gdqeqbbt3vq4gu7r0-endodontie-im-milchgebiss-pdf
time=2026-08-21T20:24:20.614+02:00 level=INFO msg="text extraction completed successfully" id=da3gdqeqbbt3vq4gu7r0 text_length=24765 engine=pdf-textlayer
time=2026-08-21T20:24:20.621+02:00 level=INFO msg="No subscribers to send message" pubsub_uuid=Rc8EXumQGWwyMyDd3YaWSh message_uuid=62405b51-78f7-44dd-9a1a-247024b5d4ca topic=message.EventAssetOCRCompleted
time=2026-08-21T20:24:20.646+02:00 level=INFO msg="starting text extraction for asset" id=da3gdqeqbbt3vq4guc00 filename=da3gdqeqbbt3vq4guc00-fissurenversiegelung-pdf
time=2026-08-21T20:24:21.136+02:00 level=INFO msg="text extraction completed successfully" id=da3gdqeqbbt3vq4guc00 text_length=30586 engine=pdf-textlayer
time=2026-08-21T20:24:21.149+02:00 level=INFO msg="No subscribers to send message" pubsub_uuid=Rc8EXumQGWwyMyDd3YaWSh message_uuid=99e13224-30f4-471e-956d-62501040bc08 topic=message.EventAssetOCRCompleted
time=2026-08-21T20:24:21.166+02:00 level=INFO msg="starting text extraction for asset" id=da3gdqeqbbt3vq4gug60 filename=da3gdqeqbbt3vq4gug60-frontzahnkronen-pdf
time=2026-08-21T20:24:21.366+02:00 level=INFO msg="text extraction completed successfully" id=da3gdqeqbbt3vq4gug60 text_length=6600 engine=pdf-textlayer
time=2026-08-21T20:24:21.375+02:00 level=INFO msg="No subscribers to send message" pubsub_uuid=Rc8EXumQGWwyMyDd3YaWSh message_uuid=fd1da14e-e3ea-47d5-9f23-e1edbe1c8032 topic=message.EventAssetOCRCompleted
time=2026-08-21T20:24:21.422+02:00 level=INFO msg="starting text extraction for asset" id=da3gdqeqbbt3vq4gukd0 filename=da3gdqeqbbt3vq4gukd0-fuellungstherapie-bei-kindern-pdf
time=2026-08-21T20:24:22.487+02:00 level=INFO msg="text extraction completed successfully" id=da3gdqeqbbt3vq4gukd0 text_length=41314 engine=pdf-textlayer
time=2026-08-21T20:24:22.504+02:00 level=INFO msg="No subscribers to send message" pubsub_uuid=Rc8EXumQGWwyMyDd3YaWSh message_uuid=b484f85a-436a-45b8-9e96-895a024d9a68 topic=message.EventAssetOCRCompleted
time=2026-08-21T20:24:22.531+02:00 level=INFO msg="starting text extraction for asset" id=da3gdqeqbbt3vq4guol0 filename=da3gdqeqbbt3vq4guol0-kinderzahnheilkunde-1it_final-pdf
time=2026-08-21T20:24:22.568+02:00 level=INFO msg="text extraction completed successfully" id=da3gdqeqbbt3vq4guol0 text_length=11909 engine=pdf-textlayer
time=2026-08-21T20:24:22.573+02:00 level=INFO msg="No subscribers to send message" pubsub_uuid=Rc8EXumQGWwyMyDd3YaWSh message_uuid=d3c8e8a8-f41e-4a0d-af6a-c3da35fd1d4d topic=message.EventAssetOCRCompleted
time=2026-08-21T20:24:22.586+02:00 level=INFO msg="starting text extraction for asset" id=da3gdqeqbbt3vq4gusu0 filename=da3gdqeqbbt3vq4gusu0-kinderzahnheilkunde-2_it-pdf
time=2026-08-21T20:24:22.637+02:00 level=INFO msg="text extraction completed successfully" id=da3gdqeqbbt3vq4gusu0 text_length=14648 engine=pdf-textlayer
time=2026-08-21T20:24:22.643+02:00 level=INFO msg="No subscribers to send message" pubsub_uuid=Rc8EXumQGWwyMyDd3YaWSh message_uuid=07095858-2337-4f50-926d-cbd020764099 topic=message.EventAssetOCRCompleted
time=2026-08-21T20:24:22.649+02:00 level=INFO msg="starting text extraction for asset" id=da3gdqeqbbt3vq4gv180 filename=da3gdqeqbbt3vq4gv180-kinderzahnheilkunde-3_it_ws18_19pptx-pdf
time=2026-08-21T20:24:22.661+02:00 level=INFO msg="text extraction completed successfully" id=da3gdqeqbbt3vq4gv180 text_length=9672 engine=pdf-textlayer
time=2026-08-21T20:24:22.666+02:00 level=INFO msg="No subscribers to send message" pubsub_uuid=Rc8EXumQGWwyMyDd3YaWSh message_uuid=26c34743-fc33-4b61-9e0a-581e482793c8 topic=message.EventAssetOCRCompleted
time=2026-08-21T20:24:22.678+02:00 level=INFO msg="starting text extraction for asset" id=da3gdqeqbbt3vq4gv5j0 filename=da3gdqeqbbt3vq4gv5j0-stahlkronen-pdf
time=2026-08-21T20:24:22.950+02:00 level=INFO msg="text extraction completed successfully" id=da3gdqeqbbt3vq4gv5j0 text_length=9430 engine=pdf-textlayer
time=2026-08-21T20:24:22.960+02:00 level=INFO msg="No subscribers to send message" pubsub_uuid=Rc8EXumQGWwyMyDd3YaWSh topic=message.EventAssetOCRCompleted message_uuid=068d9582-8249-4878-a576-8f1acae92971
time=2026-08-21T20:24:22.965+02:00 level=INFO msg="starting text extraction for asset" id=da3gdqeqbbt3vq4gv9v0 filename=da3gdqeqbbt3vq4gv9v0-seminar-biokompatibilität-von-kompositen-i-pdf
time=2026-08-21T20:24:22.985+02:00 level=INFO msg="text extraction completed successfully" id=da3gdqeqbbt3vq4gv9v0 text_length=11080 engine=pdf-textlayer
time=2026-08-21T20:24:22.990+02:00 level=INFO msg="No subscribers to send message" pubsub_uuid=Rc8EXumQGWwyMyDd3YaWSh message_uuid=39db1305-109d-4b1d-8bb7-c58aca6677a3 topic=message.EventAssetOCRCompleted
time=2026-08-21T20:24:22.994+02:00 level=INFO msg="starting text extraction for asset" id=da3gdqeqbbt3vq4gvec0 filename=da3gdqeqbbt3vq4gvec0-seminar-biokompatibilität-von-kompositen-ii-pdf
time=2026-08-21T20:24:23.024+02:00 level=INFO msg="text extraction completed successfully" id=da3gdqeqbbt3vq4gvec0 text_length=14128 engine=pdf-textlayer
time=2026-08-21T20:24:23.030+02:00 level=INFO msg="No subscribers to send message" pubsub_uuid=Rc8EXumQGWwyMyDd3YaWSh message_uuid=0c672f7a-c789-4e0c-aec9-394fd93845e4 topic=message.EventAssetOCRCompleted
time=2026-08-21T20:24:23.035+02:00 level=INFO msg="starting text extraction for asset" id=da3gdqeqbbt3vq4gviq0 filename=da3gdqeqbbt3vq4gviq0-seminar-glasionomerzemente-und-kompomere-ss09-pdf
time=2026-08-21T20:24:23.039+02:00 level=WARN msg="pdf text layer extraction failed, will try rasterisation fallback" error="not a PDF file: missing %%EOF"
time=2026-08-21T20:24:24.319+02:00 level=WARN msg="OCR engine unavailable, skipping asset" id=da3gdqeqbbt3vq4gviq0
time=2026-08-21T20:24:24.362+02:00 level=INFO msg="starting text extraction for asset" id=da3gdqeqbbt3vq4gvn90 filename=da3gdqeqbbt3vq4gvn90-seminar-kompositfüllungen-ss09-pdf
time=2026-08-21T20:24:24.368+02:00 level=WARN msg="pdf text layer extraction failed, will try rasterisation fallback" error="not a PDF file: missing %%EOF"
time=2026-08-21T20:24:28.056+02:00 level=WARN msg="OCR engine unavailable, skipping asset" id=da3gdqeqbbt3vq4gvn90
time=2026-08-21T20:24:28.077+02:00 level=INFO msg="starting text extraction for asset" id=da3gdqeqbbt3vq4gvrp0 filename=da3gdqeqbbt3vq4gvrp0-seminar-methoden-der-biologischen-prüfung-i-pdf
time=2026-08-21T20:24:28.092+02:00 level=INFO msg="text extraction completed successfully" id=da3gdqeqbbt3vq4gvrp0 text_length=8980 engine=pdf-textlayer
time=2026-08-21T20:24:28.097+02:00 level=INFO msg="No subscribers to send message" pubsub_uuid=Rc8EXumQGWwyMyDd3YaWSh message_uuid=44a7f257-222f-45b9-b17e-21937edeead6 topic=message.EventAssetOCRCompleted
time=2026-08-21T20:24:28.102+02:00 level=INFO msg="starting text extraction for asset" id=da3gdqeqbbt3vq4h00a0 filename=da3gdqeqbbt3vq4h00a0-seminar-methoden-der-biologischen-prüfung-ii-pdf
time=2026-08-21T20:24:28.119+02:00 level=INFO msg="text extraction completed successfully" id=da3gdqeqbbt3vq4h00a0 text_length=10733 engine=pdf-textlayer
time=2026-08-21T20:24:28.124+02:00 level=INFO msg="No subscribers to send message" pubsub_uuid=Rc8EXumQGWwyMyDd3YaWSh message_uuid=eb74ba00-9990-41c0-962e-1b6afa9baa8e topic=message.EventAssetOCRCompleted
time=2026-08-21T20:24:28.127+02:00 level=INFO msg="starting text extraction for asset" id=da3gdqeqbbt3vq4h04s0 filename=da3gdqeqbbt3vq4h04s0-seminar-parodontologie-ss14-pdf
time=2026-08-21T20:24:28.148+02:00 level=INFO msg="text extraction completed successfully" id=da3gdqeqbbt3vq4h04s0 text_length=23084 engine=pdf-textlayer
time=2026-08-21T20:24:28.153+02:00 level=INFO msg="No subscribers to send message" pubsub_uuid=Rc8EXumQGWwyMyDd3YaWSh message_uuid=562635aa-032b-474d-b857-26eab58fe32a topic=message.EventAssetOCRCompleted
time=2026-08-21T20:24:28.155+02:00 level=INFO msg="starting text extraction for asset" id=da3gdqeqbbt3vq4h09f0 filename=da3gdqeqbbt3vq4h09f0-seminar-therapie-der-caries-profunda-ss09-pdf
time=2026-08-21T20:24:28.159+02:00 level=WARN msg="pdf text layer extraction failed, will try rasterisation fallback" error="not a PDF file: missing %%EOF"
time=2026-08-21T20:24:28.650+02:00 level=WARN msg="OCR engine unavailable, skipping asset" id=da3gdqeqbbt3vq4h09f0
time=2026-08-21T20:24:28.676+02:00 level=INFO msg="starting text extraction for asset" id=da3gdqmqbbt3vq4h0e30 filename=da3gdqmqbbt3vq4h0e30-ablauf-dokumentation-im-behandlungskurs-pdf
time=2026-08-21T20:24:28.684+02:00 level=INFO msg="text extraction completed successfully" id=da3gdqmqbbt3vq4h0e30 text_length=3552 engine=pdf-textlayer
time=2026-08-21T20:24:28.689+02:00 level=INFO msg="No subscribers to send message" pubsub_uuid=Rc8EXumQGWwyMyDd3YaWSh message_uuid=1021a4f4-7bd2-48cc-ae82-d89c5e2464fc topic=message.EventAssetOCRCompleted
time=2026-08-21T20:24:28.691+02:00 level=INFO msg="starting text extraction for asset" id=da3gdqmqbbt3vq4h0io0 filename=da3gdqmqbbt3vq4h0io0-ablauf-der-systematischen-parodontitistherapie-pdf
time=2026-08-21T20:24:28.697+02:00 level=INFO msg="text extraction completed successfully" id=da3gdqmqbbt3vq4h0io0 text_length=1547 engine=pdf-textlayer
time=2026-08-21T20:24:28.701+02:00 level=INFO msg="No subscribers to send message" pubsub_uuid=Rc8EXumQGWwyMyDd3YaWSh message_uuid=98ecb7cf-c9cc-4c5b-8b31-bd5a3d31c2da topic=message.EventAssetOCRCompleted
time=2026-08-21T20:24:28.731+02:00 level=INFO msg="starting text extraction for asset" id=da3gdqmqbbt3vq4h0ne0 filename=da3gdqmqbbt3vq4h0ne0-anamnese-in-der-parodontologie-1-pdf
time=2026-08-21T20:24:28.739+02:00 level=INFO msg="text extraction completed successfully" id=da3gdqmqbbt3vq4h0ne0 text_length=2261 engine=pdf-textlayer
time=2026-08-21T20:24:28.742+02:00 level=INFO msg="No subscribers to send message" pubsub_uuid=Rc8EXumQGWwyMyDd3YaWSh message_uuid=e91c9515-1567-48bb-8422-8b416a391ecd topic=message.EventAssetOCRCompleted
time=2026-08-21T20:24:28.775+02:00 level=INFO msg="starting text extraction for asset" id=da3gdqmqbbt3vq4h0s50 filename=da3gdqmqbbt3vq4h0s50-anamnese-in-der-parodontologie-pdf
time=2026-08-21T20:24:28.783+02:00 level=INFO msg="text extraction completed successfully" id=da3gdqmqbbt3vq4h0s50 text_length=2261 engine=pdf-textlayer
time=2026-08-21T20:24:28.787+02:00 level=INFO msg="No subscribers to send message" pubsub_uuid=Rc8EXumQGWwyMyDd3YaWSh message_uuid=8891110d-713d-46b7-9aa4-e42de5676ec9 topic=message.EventAssetOCRCompleted
time=2026-08-21T20:24:28.789+02:00 level=INFO msg="starting text extraction for asset" id=da3gdqmqbbt3vq4h10t0 filename=da3gdqmqbbt3vq4h10t0-association-between-periodontal-pathogens-and-systemic-disease-pdf
time=2026-08-21T20:24:28.809+02:00 level=INFO msg="text extraction completed successfully" id=da3gdqmqbbt3vq4h10t0 text_length=43960 engine=pdf-textlayer
time=2026-08-21T20:24:28.816+02:00 level=INFO msg="No subscribers to send message" pubsub_uuid=Rc8EXumQGWwyMyDd3YaWSh message_uuid=166e702c-d957-490d-9bc5-53ef7b08282c topic=message.EventAssetOCRCompleted
time=2026-08-21T20:24:28.857+02:00 level=INFO msg="starting text extraction for asset" id=da3gdqmqbbt3vq4h1ag0 filename=da3gdqmqbbt3vq4h1ag0-diagnose-prognose-therapieplanung-pdf
time=2026-08-21T20:24:40.677+02:00 level=WARN msg="OCR engine unavailable, skipping asset" id=da3gdqmqbbt3vq4h1ag0
time=2026-08-21T20:24:40.764+02:00 level=INFO msg="starting text extraction for asset" id=da3gdqmqbbt3vq4h1fb0 filename=da3gdqmqbbt3vq4h1fb0-diagnostik-pdf
time=2026-08-21T20:24:52.191+02:00 level=WARN msg="OCR engine unavailable, skipping asset" id=da3gdqmqbbt3vq4h1fb0
time=2026-08-21T20:24:52.244+02:00 level=INFO msg="starting text extraction for asset" id=da3gdqmqbbt3vq4h1u20 filename=da3gdqmqbbt3vq4h1u20-krankheitsbilder-in-der-parodontologie-pdf
time=2026-08-21T20:25:03.597+02:00 level=WARN msg="OCR engine unavailable, skipping asset" id=da3gdqmqbbt3vq4h1u20
time=2026-08-21T20:25:03.610+02:00 level=WARN msg="skipping OCR processing because file exceeds size limit" id=da3gdqmqbbt3vq4h2d20 size=69512136
time=2026-08-21T20:25:03.629+02:00 level=INFO msg="starting text extraction for asset" id=da3gdquqbbt3vq4h2n70 filename=da3gdquqbbt3vq4h2n70-periodontitis-and-systemic-disease-pdf
time=2026-08-21T20:25:03.641+02:00 level=INFO msg="text extraction completed successfully" id=da3gdquqbbt3vq4h2n70 text_length=21361 engine=pdf-textlayer
time=2026-08-21T20:25:03.646+02:00 level=INFO msg="No subscribers to send message" pubsub_uuid=Rc8EXumQGWwyMyDd3YaWSh message_uuid=46df472e-d7ab-412d-b60b-884d808be1cd topic=message.EventAssetOCRCompleted
time=2026-08-21T20:25:03.683+02:00 level=INFO msg="starting text extraction for asset" id=da3gdquqbbt3vq4h36m0 filename=da3gdquqbbt3vq4h36m0-spezielle-krankheitsbilder-pdf
time=2026-08-21T20:25:15.377+02:00 level=WARN msg="OCR engine unavailable, skipping asset" id=da3gdquqbbt3vq4h36m0
time=2026-08-21T20:25:15.431+02:00 level=INFO msg="starting text extraction for asset" id=da3gdquqbbt3vq4h3me0 filename=da3gdquqbbt3vq4h3me0-unterstützende-parodontitistherapie-pdf
time=2026-08-21T20:25:15.441+02:00 level=INFO msg="text extraction completed successfully" id=da3gdquqbbt3vq4h3me0 text_length=1863 engine=pdf-textlayer
time=2026-08-21T20:25:15.444+02:00 level=INFO msg="No subscribers to send message" pubsub_uuid=Rc8EXumQGWwyMyDd3YaWSh message_uuid=cdc254f0-defc-4285-967c-d1dd2e8c5a6c topic=message.EventAssetOCRCompleted
time=2026-08-21T20:25:15.457+02:00 level=INFO msg="starting text extraction for asset" id=da3gdquqbbt3vq4h3ro0 filename=da3gdquqbbt3vq4h3ro0-keramikteilkronen-teil-1-von-6-pdf
time=2026-08-21T20:25:15.523+02:00 level=INFO msg="text extraction completed successfully" id=da3gdquqbbt3vq4h3ro0 text_length=18719 engine=pdf-textlayer
time=2026-08-21T20:25:15.531+02:00 level=INFO msg="No subscribers to send message" pubsub_uuid=Rc8EXumQGWwyMyDd3YaWSh message_uuid=d6771f58-835c-43cc-b634-b64a4ad9b6ed topic=message.EventAssetOCRCompleted
time=2026-08-21T20:25:15.543+02:00 level=INFO msg="starting text extraction for asset" id=da3gdquqbbt3vq4h4130 filename=da3gdquqbbt3vq4h4130-keramikteilkronen-teil-2-von-6-pdf
time=2026-08-21T20:25:15.606+02:00 level=INFO msg="text extraction completed successfully" id=da3gdquqbbt3vq4h4130 text_length=16802 engine=pdf-textlayer
time=2026-08-21T20:25:15.615+02:00 level=INFO msg="No subscribers to send message" pubsub_uuid=Rc8EXumQGWwyMyDd3YaWSh message_uuid=ae3bc9b0-aad0-4902-9c4a-8c5ca605afa0 topic=message.EventAssetOCRCompleted
time=2026-08-21T20:25:15.639+02:00 level=INFO msg="starting text extraction for asset" id=da3gdquqbbt3vq4h46f0 filename=da3gdquqbbt3vq4h46f0-keramikteilkronen-teil-3-von-6-pdf
time=2026-08-21T20:25:15.663+02:00 level=INFO msg="text extraction completed successfully" id=da3gdquqbbt3vq4h46f0 text_length=9942 engine=pdf-textlayer
time=2026-08-21T20:25:15.668+02:00 level=INFO msg="No subscribers to send message" pubsub_uuid=Rc8EXumQGWwyMyDd3YaWSh message_uuid=d8b0667b-97d5-444e-86e6-f5c6317b53b9 topic=message.EventAssetOCRCompleted
time=2026-08-21T20:25:15.682+02:00 level=INFO msg="starting text extraction for asset" id=da3gdquqbbt3vq4h4bs0 filename=da3gdquqbbt3vq4h4bs0-keramikteilkronen-teil-4-von-6-pdf
time=2026-08-21T20:25:15.768+02:00 level=INFO msg="text extraction completed successfully" id=da3gdquqbbt3vq4h4bs0 text_length=24978 engine=pdf-textlayer
time=2026-08-21T20:25:15.776+02:00 level=INFO msg="No subscribers to send message" pubsub_uuid=Rc8EXumQGWwyMyDd3YaWSh message_uuid=c3f77ea9-e5d0-44b1-a577-b1d16e259c78 topic=message.EventAssetOCRCompleted
time=2026-08-21T20:25:15.788+02:00 level=INFO msg="starting text extraction for asset" id=da3gdquqbbt3vq4h4ha0 filename=da3gdquqbbt3vq4h4ha0-keramikteilkronen-teil-5-von-6-pdf
time=2026-08-21T20:25:15.852+02:00 level=INFO msg="text extraction completed successfully" id=da3gdquqbbt3vq4h4ha0 text_length=14332 engine=pdf-textlayer
time=2026-08-21T20:25:15.858+02:00 level=INFO msg="No subscribers to send message" pubsub_uuid=Rc8EXumQGWwyMyDd3YaWSh message_uuid=779a122e-2cd2-466e-ba49-3038f1b3b938 topic=message.EventAssetOCRCompleted
time=2026-08-21T20:25:15.862+02:00 level=INFO msg="starting text extraction for asset" id=da3gdr6qbbt3vq4h4mp0 filename=da3gdr6qbbt3vq4h4mp0-keramikteilkronen-teil-6-von-6-pdf
time=2026-08-21T20:25:15.894+02:00 level=INFO msg="text extraction completed successfully" id=da3gdr6qbbt3vq4h4mp0 text_length=17009 engine=pdf-textlayer
time=2026-08-21T20:25:15.900+02:00 level=INFO msg="No subscribers to send message" pubsub_uuid=Rc8EXumQGWwyMyDd3YaWSh message_uuid=64f235b3-372f-4a72-b80a-c5dd12ed3984 topic=message.EventAssetOCRCompleted
time=2026-08-21T20:25:15.903+02:00 level=INFO msg="starting text extraction for asset" id=da3gdr6qbbt3vq4h4s90 filename=da3gdr6qbbt3vq4h4s90-ecckurzpräsentation-pdf
time=2026-08-21T20:25:15.912+02:00 level=INFO msg="text extraction completed successfully" id=da3gdr6qbbt3vq4h4s90 text_length=5787 engine=pdf-textlayer
time=2026-08-21T20:25:15.917+02:00 level=INFO msg="No subscribers to send message" pubsub_uuid=Rc8EXumQGWwyMyDd3YaWSh message_uuid=435a1623-d887-4871-9959-eeeea5aaae2c topic=message.EventAssetOCRCompleted
time=2026-08-21T20:25:15.917+02:00 level=WARN msg="skipping OCR processing because file exceeds size limit" id=da3gdr6qbbt3vq4h51q0 size=129592283
time=2026-08-21T20:25:15.921+02:00 level=WARN msg="skipping OCR processing because file exceeds size limit" id=da3gdr6qbbt3vq4h57c0 size=175414190
time=2026-08-21T20:25:15.930+02:00 level=INFO msg="starting text extraction for asset" id=da3gdr6qbbt3vq4h5cv0 filename=da3gdr6qbbt3vq4h5cv0-kinderzahnheilkunde-3_it_ws18_19pptx-pdf
time=2026-08-21T20:25:15.985+02:00 level=INFO msg="text extraction completed successfully" id=da3gdr6qbbt3vq4h5cv0 text_length=10115 engine=pdf-textlayer
time=2026-08-21T20:25:15.989+02:00 level=INFO msg="No subscribers to send message" pubsub_uuid=Rc8EXumQGWwyMyDd3YaWSh message_uuid=a1ff91ab-307a-4b25-8567-710e2854357c topic=message.EventAssetOCRCompleted
time=2026-08-21T20:25:15.993+02:00 level=INFO msg="starting text extraction for asset" id=da3gdr6qbbt3vq4h5ij0 filename=da3gdr6qbbt3vq4h5ij0-leitlinie-fluoridierungsmaßnahmen-zur-kariesprophylaxe-pdf
time=2026-08-21T20:25:16.158+02:00 level=INFO msg="text extraction completed successfully" id=da3gdr6qbbt3vq4h5ij0 text_length=200000 engine=pdf-textlayer
time=2026-08-21T20:25:16.170+02:00 level=INFO msg="No subscribers to send message" pubsub_uuid=Rc8EXumQGWwyMyDd3YaWSh message_uuid=a575bd20-3a3c-4a09-9fda-b1c5967e0732 topic=message.EventAssetOCRCompleted
time=2026-08-21T20:25:16.202+02:00 level=INFO msg="starting text extraction for asset" id=da3gdr6qbbt3vq4h5o80 filename=da3gdr6qbbt3vq4h5o80-buecher_prophylaxe_kind_vhb-pdf
time=2026-08-21T20:25:17.035+02:00 level=INFO msg="text extraction completed successfully" id=da3gdr6qbbt3vq4h5o80 text_length=35994 engine=pdf-textlayer
time=2026-08-21T20:25:17.052+02:00 level=INFO msg="No subscribers to send message" pubsub_uuid=Rc8EXumQGWwyMyDd3YaWSh topic=message.EventAssetOCRCompleted message_uuid=cc0d1d24-c8eb-4ba3-ba6c-481dfbd784fd
time=2026-08-21T20:25:17.078+02:00 level=INFO msg="starting text extraction for asset" id=da3gdr6qbbt3vq4h5tu0 filename=da3gdr6qbbt3vq4h5tu0-huth_kc_strukturanomalien_vhb-pdf
time=2026-08-21T20:25:17.402+02:00 level=INFO msg="text extraction completed successfully" id=da3gdr6qbbt3vq4h5tu0 text_length=16343 engine=pdf-textlayer
time=2026-08-21T20:25:17.414+02:00 level=INFO msg="No subscribers to send message" pubsub_uuid=Rc8EXumQGWwyMyDd3YaWSh message_uuid=584dcc0d-4653-48c8-ab2c-ed97a43d341f topic=message.EventAssetOCRCompleted
time=2026-08-21T20:25:17.444+02:00 level=INFO msg="starting text extraction for asset" id=da3gdreqbbt3vq4h63l0 filename=da3gdreqbbt3vq4h63l0-vorlesung_kfo_fruehbehandlung_vhb-pdf
time=2026-08-21T20:25:18.051+02:00 level=INFO msg="text extraction completed successfully" id=da3gdreqbbt3vq4h63l0 text_length=26131 engine=pdf-textlayer
time=2026-08-21T20:25:18.065+02:00 level=INFO msg="No subscribers to send message" pubsub_uuid=Rc8EXumQGWwyMyDd3YaWSh message_uuid=9f3c0db3-a2f2-4dfa-b6ed-d43ec7e83e2f topic=message.EventAssetOCRCompleted
time=2026-08-21T20:25:18.078+02:00 level=INFO msg="starting text extraction for asset" id=da3gdreqbbt3vq4h69d0 filename=da3gdreqbbt3vq4h69d0-der-endo-patient-pdf
time=2026-08-21T20:25:18.177+02:00 level=INFO msg="text extraction completed successfully" id=da3gdreqbbt3vq4h69d0 text_length=26039 engine=pdf-textlayer
time=2026-08-21T20:25:18.183+02:00 level=INFO msg="No subscribers to send message" pubsub_uuid=Rc8EXumQGWwyMyDd3YaWSh message_uuid=842f751b-e040-4877-a362-f763119db836 topic=message.EventAssetOCRCompleted
time=2026-08-21T20:25:18.185+02:00 level=INFO msg="starting text extraction for asset" id=da3gdreqbbt3vq4h6f60 filename=da3gdreqbbt3vq4h6f60-endodontische-sekundärbehand-lung-warum-wann-wie-pdf
time=2026-08-21T20:25:18.203+02:00 level=INFO msg="text extraction completed successfully" id=da3gdreqbbt3vq4h6f60 text_length=26148 engine=pdf-textlayer
time=2026-08-21T20:25:18.209+02:00 level=INFO msg="No subscribers to send message" pubsub_uuid=Rc8EXumQGWwyMyDd3YaWSh message_uuid=966d290e-6f40-4867-8b18-4a5195d7f516 topic=message.EventAssetOCRCompleted
time=2026-08-21T20:25:18.242+02:00 level=INFO msg="starting text extraction for asset" id=da3gdreqbbt3vq4h6l00 filename=da3gdreqbbt3vq4h6l00-grundlagen-mikrochirurgischer-endotonie-pdf
time=2026-08-21T20:25:22.745+02:00 level=WARN msg="OCR engine unavailable, skipping asset" id=da3gdreqbbt3vq4h6l00
time=2026-08-21T20:25:22.777+02:00 level=INFO msg="starting text extraction for asset" id=da3gdreqbbt3vq4h76k0 filename=da3gdreqbbt3vq4h76k0-pathologie-und-management-von-wurzelresorptionen-pdf
time=2026-08-21T20:25:22.794+02:00 level=INFO msg="text extraction completed successfully" id=da3gdreqbbt3vq4h76k0 text_length=29479 engine=pdf-textlayer
time=2026-08-21T20:25:22.800+02:00 level=INFO msg="No subscribers to send message" pubsub_uuid=Rc8EXumQGWwyMyDd3YaWSh message_uuid=5b153954-83d5-4c0f-ac10-f48564a9c703 topic=message.EventAssetOCRCompleted
time=2026-08-21T20:25:22.862+02:00 level=INFO msg="starting text extraction for asset" id=da3gdreqbbt3vq4h7ci0 filename=da3gdreqbbt3vq4h7ci0-pathologische-wurzelresorptionen-pdf
time=2026-08-21T20:25:22.870+02:00 level=INFO msg="text extraction completed successfully" id=da3gdreqbbt3vq4h7ci0 text_length=69 engine=pdf-textlayer
time=2026-08-21T20:25:22.874+02:00 level=INFO msg="No subscribers to send message" pubsub_uuid=Rc8EXumQGWwyMyDd3YaWSh message_uuid=86f330ba-cc30-4ea6-9135-17e7f83e8d9d topic=message.EventAssetOCRCompleted
time=2026-08-21T20:25:22.974+02:00 level=INFO msg="starting text extraction for asset" id=da3gdreqbbt3vq4h7ih0 filename=da3gdreqbbt3vq4h7ih0-revision-1-2-folien-pdf
time=2026-08-21T20:25:23.018+02:00 level=INFO msg="text extraction completed successfully" id=da3gdreqbbt3vq4h7ih0 text_length=33484 engine=pdf-textlayer
time=2026-08-21T20:25:23.027+02:00 level=INFO msg="No subscribers to send message" pubsub_uuid=Rc8EXumQGWwyMyDd3YaWSh topic=message.EventAssetOCRCompleted message_uuid=fc72ccc9-9cc5-4582-a36a-a415fa8ca36f
time=2026-08-21T20:25:23.068+02:00 level=INFO msg="starting text extraction for asset" id=da3gdreqbbt3vq4h7oh0 filename=da3gdreqbbt3vq4h7oh0-latrogene-komplikationen-pdf
time=2026-08-21T20:25:23.081+02:00 level=INFO msg="text extraction completed successfully" id=da3gdreqbbt3vq4h7oh0 text_length=32 engine=pdf-textlayer
time=2026-08-21T20:25:23.085+02:00 level=INFO msg="No subscribers to send message" pubsub_uuid=Rc8EXumQGWwyMyDd3YaWSh message_uuid=99126ff5-2500-4c38-93c3-70c008963bc9 topic=message.EventAssetOCRCompleted
time=2026-08-21T20:25:23.089+02:00 level=INFO msg="starting text extraction for asset" id=da3gdrmqbbt3vq4h7ui0 filename=da3gdrmqbbt3vq4h7ui0-filtek-silorane-studienbroschüre_d-pdf
time=2026-08-21T20:25:23.173+02:00 level=INFO msg="text extraction completed successfully" id=da3gdrmqbbt3vq4h7ui0 text_length=91426 engine=pdf-textlayer
time=2026-08-21T20:25:23.183+02:00 level=INFO msg="No subscribers to send message" pubsub_uuid=Rc8EXumQGWwyMyDd3YaWSh message_uuid=1731e293-c662-4bf8-9025-2c50042362c0 topic=message.EventAssetOCRCompleted
time=2026-08-21T20:25:23.192+02:00 level=INFO msg="starting text extraction for asset" id=da3gdrmqbbt3vq4h8an0 filename=da3gdrmqbbt3vq4h8an0-klinische-fälle-broschüre-silorane_d-pdf
time=2026-08-21T20:25:23.208+02:00 level=INFO msg="text extraction completed successfully" id=da3gdrmqbbt3vq4h8an0 text_length=18389 engine=pdf-textlayer
time=2026-08-21T20:25:23.214+02:00 level=INFO msg="No subscribers to send message" pubsub_uuid=Rc8EXumQGWwyMyDd3YaWSh message_uuid=98b82bd1-ae09-40bd-a1b6-1973a1084b90 topic=message.EventAssetOCRCompleted
time=2026-08-21T20:25:23.221+02:00 level=INFO msg="starting text extraction for asset" id=da3gdrmqbbt3vq4h8gr0 filename=da3gdrmqbbt3vq4h8gr0-lava-ultimate-tpp-pdf
time=2026-08-21T20:25:23.366+02:00 level=INFO msg="text extraction completed successfully" id=da3gdrmqbbt3vq4h8gr0 text_length=42881 engine=pdf-textlayer
time=2026-08-21T20:25:23.373+02:00 level=INFO msg="No subscribers to send message" pubsub_uuid=Rc8EXumQGWwyMyDd3YaWSh message_uuid=cc9a462b-ad4c-4479-811c-73c2e2f9e7d1 topic=message.EventAssetOCRCompleted
time=2026-08-21T20:25:23.376+02:00 level=INFO msg="starting text extraction for asset" id=da3gdrmqbbt3vq4h8n00 filename=da3gdrmqbbt3vq4h8n00-rxu_espert_cem_tips_de_fg-pdf
time=2026-08-21T20:25:23.381+02:00 level=INFO msg="text extraction completed successfully" id=da3gdrmqbbt3vq4h8n00 text_length=3612 engine=pdf-textlayer
time=2026-08-21T20:25:23.385+02:00 level=INFO msg="No subscribers to send message" pubsub_uuid=Rc8EXumQGWwyMyDd3YaWSh message_uuid=445c1c97-5d8e-4149-a6e8-f9d0863608e6 topic=message.EventAssetOCRCompleted
time=2026-08-21T20:25:23.390+02:00 level=INFO msg="starting text extraction for asset" id=da3gdrmqbbt3vq4h8t60 filename=da3gdrmqbbt3vq4h8t60-rux2_tds_100728_final-pdf
time=2026-08-21T20:25:23.418+02:00 level=INFO msg="text extraction completed successfully" id=da3gdrmqbbt3vq4h8t60 text_length=19568 engine=pdf-textlayer
time=2026-08-21T20:25:23.424+02:00 level=INFO msg="No subscribers to send message" pubsub_uuid=Rc8EXumQGWwyMyDd3YaWSh message_uuid=498c9b62-bf80-4702-940f-f763de7ac6ed topic=message.EventAssetOCRCompleted
time=2026-08-21T20:25:23.428+02:00 level=INFO msg="starting text extraction for asset" id=da3gdrmqbbt3vq4h93d0 filename=da3gdrmqbbt3vq4h93d0-rxu-rxu2_clinical-studies-pdf
time=2026-08-21T20:25:23.450+02:00 level=INFO msg="text extraction completed successfully" id=da3gdrmqbbt3vq4h93d0 text_length=34936 engine=pdf-textlayer
time=2026-08-21T20:25:23.457+02:00 level=INFO msg="No subscribers to send message" pubsub_uuid=Rc8EXumQGWwyMyDd3YaWSh message_uuid=85fe4c81-34f0-4a05-b0c9-6102e67ce618 topic=message.EventAssetOCRCompleted
time=2026-08-21T20:25:23.459+02:00 level=INFO msg="starting text extraction for asset" id=da3gdrmqbbt3vq4h99l0 filename=da3gdrmqbbt3vq4h99l0-rxu2a-klinische-fälle_d_fg-pdf
time=2026-08-21T20:25:23.467+02:00 level=INFO msg="text extraction completed successfully" id=da3gdrmqbbt3vq4h99l0 text_length=5672 engine=pdf-textlayer
time=2026-08-21T20:25:23.471+02:00 level=INFO msg="No subscribers to send message" pubsub_uuid=Rc8EXumQGWwyMyDd3YaWSh message_uuid=7a3fbec3-746c-4596-916b-c8e7c85a524e topic=message.EventAssetOCRCompleted
time=2026-08-21T20:25:23.474+02:00 level=INFO msg="starting text extraction for asset" id=da3gdrmqbbt3vq4h9fu0 filename=da3gdrmqbbt3vq4h9fu0-scientific-facts-relyx-unicem-2-automix-iadr-2010-pdf
time=2026-08-21T20:25:23.487+02:00 level=INFO msg="text extraction completed successfully" id=da3gdrmqbbt3vq4h9fu0 text_length=32993 engine=pdf-textlayer
time=2026-08-21T20:25:23.492+02:00 level=INFO msg="No subscribers to send message" pubsub_uuid=Rc8EXumQGWwyMyDd3YaWSh message_uuid=873d3240-5fe8-4f3c-92be-7bbdd9272b8d topic=message.EventAssetOCRCompleted
time=2026-08-21T20:25:23.496+02:00 level=INFO msg="starting text extraction for asset" id=da3gdrmqbbt3vq4h9m80 filename=da3gdrmqbbt3vq4h9m80-relyx-unicem-tpp-final-pdf
time=2026-08-21T20:25:23.528+02:00 level=INFO msg="text extraction completed successfully" id=da3gdrmqbbt3vq4h9m80 text_length=126323 engine=pdf-textlayer
time=2026-08-21T20:25:23.537+02:00 level=INFO msg="No subscribers to send message" pubsub_uuid=Rc8EXumQGWwyMyDd3YaWSh message_uuid=25357c27-1735-4f05-85bf-6a42134d26d1 topic=message.EventAssetOCRCompleted
time=2026-08-21T20:25:23.542+02:00 level=INFO msg="starting text extraction for asset" id=da3gdrmqbbt3vq4h9sj0 filename=da3gdrmqbbt3vq4h9sj0-relyx_ultimate_tds_d-kopie-pdf
time=2026-08-21T20:25:23.574+02:00 level=INFO msg="text extraction completed successfully" id=da3gdrmqbbt3vq4h9sj0 text_length=32646 engine=pdf-textlayer
time=2026-08-21T20:25:23.580+02:00 level=INFO msg="No subscribers to send message" pubsub_uuid=Rc8EXumQGWwyMyDd3YaWSh message_uuid=f75d8765-abc2-4d6c-ae6b-98a650dc9d9e topic=message.EventAssetOCRCompleted
time=2026-08-21T20:25:23.600+02:00 level=INFO msg="starting text extraction for asset" id=da3gdrmqbbt3vq4ha2v0 filename=da3gdrmqbbt3vq4ha2v0-scotchbond_adhesive_tpp_we-pdf
time=2026-08-21T20:25:23.642+02:00 level=INFO msg="text extraction completed successfully" id=da3gdrmqbbt3vq4ha2v0 text_length=76069 engine=pdf-textlayer
time=2026-08-21T20:25:23.649+02:00 level=INFO msg="No subscribers to send message" pubsub_uuid=Rc8EXumQGWwyMyDd3YaWSh message_uuid=48f1593e-84eb-44c9-ad55-c8cf57306fb1 topic=message.EventAssetOCRCompleted
time=2026-08-21T20:25:23.722+02:00 level=INFO msg="starting text extraction for asset" id=da3gdrmqbbt3vq4ha9c0 filename=da3gdrmqbbt3vq4ha9c0-silorane-unicem-innovationen-pdf
time=2026-08-21T20:25:23.794+02:00 level=INFO msg="text extraction completed successfully" id=da3gdrmqbbt3vq4ha9c0 text_length=28910 engine=pdf-textlayer
time=2026-08-21T20:25:23.803+02:00 level=INFO msg="No subscribers to send message" pubsub_uuid=Rc8EXumQGWwyMyDd3YaWSh message_uuid=35196dcc-72a5-44dd-a886-1b36ee84410b topic=message.EventAssetOCRCompleted
time=2026-08-21T20:25:23.810+02:00 level=INFO msg="starting text extraction for asset" id=da3gdrmqbbt3vq4ham90 filename=da3gdrmqbbt3vq4ham90-filtek_bulk_fill_techn-produktprofil-pdf
time=2026-08-21T20:25:23.819+02:00 level=INFO msg="text extraction completed successfully" id=da3gdrmqbbt3vq4ham90 text_length=9627 engine=pdf-textlayer
time=2026-08-21T20:25:23.824+02:00 level=INFO msg="No subscribers to send message" pubsub_uuid=Rc8EXumQGWwyMyDd3YaWSh message_uuid=eb700bfa-3e82-4629-ab5d-7fe04482dae3 topic=message.EventAssetOCRCompleted
time=2026-08-21T20:25:23.829+02:00 level=INFO msg="starting text extraction for asset" id=da3gdrmqbbt3vq4hasp0 filename=da3gdrmqbbt3vq4hasp0-relyx-ultimate_technisches-datenblatt-pdf
time=2026-08-21T20:25:23.867+02:00 level=INFO msg="text extraction completed successfully" id=da3gdrmqbbt3vq4hasp0 text_length=45495 engine=pdf-textlayer
time=2026-08-21T20:25:23.874+02:00 level=WARN msg="failed to process asset for text extraction" id=da3gdrmqbbt3vq4hasp0 error="ERROR: invalid byte sequence for encoding \"UTF8\": 0x00 (SQLSTATE 22021)"
time=2026-08-21T20:25:23.880+02:00 level=INFO msg="starting text extraction for asset" id=da3gdrmqbbt3vq4hb3a0 filename=da3gdrmqbbt3vq4hb3a0-relyx-unicem_technisches-datenblatt-pdf
time=2026-08-21T20:25:23.962+02:00 level=INFO msg="text extraction completed successfully" id=da3gdrmqbbt3vq4hb3a0 text_length=22773 engine=pdf-textlayer
time=2026-08-21T20:25:23.970+02:00 level=INFO msg="No subscribers to send message" pubsub_uuid=Rc8EXumQGWwyMyDd3YaWSh message_uuid=a193f152-63fd-4d62-88a6-683d79bbb070 topic=message.EventAssetOCRCompleted
time=2026-08-21T20:25:23.974+02:00 level=INFO msg="starting text extraction for asset" id=da3gdruqbbt3vq4hb9s0 filename=da3gdruqbbt3vq4hb9s0-relyx_fiber_post_broschuere-pdf
time=2026-08-21T20:25:23.981+02:00 level=INFO msg="text extraction completed successfully" id=da3gdruqbbt3vq4hb9s0 text_length=9358 engine=pdf-textlayer
time=2026-08-21T20:25:23.985+02:00 level=INFO msg="No subscribers to send message" pubsub_uuid=Rc8EXumQGWwyMyDd3YaWSh topic=message.EventAssetOCRCompleted message_uuid=9f611060-e73d-4c06-8588-b0725a57c401
time=2026-08-21T20:25:23.989+02:00 level=INFO msg="starting text extraction for asset" id=da3gdruqbbt3vq4hbgf0 filename=da3gdruqbbt3vq4hbgf0-scotchbond-universal_techn-produktprofil-pdf
time=2026-08-21T20:25:24.115+02:00 level=INFO msg="text extraction completed successfully" id=da3gdruqbbt3vq4hbgf0 text_length=87220 engine=pdf-textlayer
time=2026-08-21T20:25:24.124+02:00 level=INFO msg="No subscribers to send message" pubsub_uuid=Rc8EXumQGWwyMyDd3YaWSh message_uuid=cb4f5e6f-07fb-484d-8a43-ab09913b563b topic=message.EventAssetOCRCompleted
time=2026-08-21T20:25:24.132+02:00 level=INFO msg="starting text extraction for asset" id=da3gdruqbbt3vq4hbto0 filename=da3gdruqbbt3vq4hbto0-adhäsive-befestigung_ss16-pdf
time=2026-08-21T20:25:24.136+02:00 level=WARN msg="pdf text layer extraction failed, will try rasterisation fallback" error="unsupported PDF: encryption version V=4; <</CF <</StdCF <</AuthEvent /DocOpen /CFM /V2 /Length 16>>>> /Filter /Standard /Length 128 /O \"kÊÞ8¾˙“•Kšªbıﬁ&î\\\"ÓÏ\\\\ÎªKxQîkø.³#¬\" /P -3388 /R 4 /StmF /StdCF /StrF /StdCF /U \"\\xb0\\fОV\\x1a\\xa5c\\x96\\xd9\\x15\\x84\\x94=\\xf8\\xf8\\x00\\x00\\x00\\x00\\x00\\x00\\x00\\x00\\x00\\x00\\x00\\x00\\x00\\x00\\x00\\x00\" /V 4>>"
time=2026-08-21T20:25:25.976+02:00 level=WARN msg="OCR engine unavailable, skipping asset" id=da3gdruqbbt3vq4hbto0
time=2026-08-21T20:25:26.003+02:00 level=INFO msg="starting text extraction for asset" id=da3gdruqbbt3vq4hc4e0 filename=da3gdruqbbt3vq4hc4e0-endodontie_maschinelle-aufbereitung_kkii_ss-2016-pdf
time=2026-08-21T20:25:26.019+02:00 level=INFO msg="text extraction completed successfully" id=da3gdruqbbt3vq4hc4e0 text_length=14604 engine=pdf-textlayer
time=2026-08-21T20:25:26.025+02:00 level=INFO msg="No subscribers to send message" pubsub_uuid=Rc8EXumQGWwyMyDd3YaWSh message_uuid=dc4b0f49-0098-4230-8b5d-a1770134b9d0 topic=message.EventAssetOCRCompleted
time=2026-08-21T20:25:26.027+02:00 level=INFO msg="starting text extraction for asset" id=da3gdruqbbt3vq4hcb50 filename=da3gdruqbbt3vq4hcb50-endodontie_revision_kkii_2016-pdf
time=2026-08-21T20:25:26.035+02:00 level=INFO msg="text extraction completed successfully" id=da3gdruqbbt3vq4hcb50 text_length=7184 engine=pdf-textlayer
time=2026-08-21T20:25:26.040+02:00 level=INFO msg="No subscribers to send message" pubsub_uuid=Rc8EXumQGWwyMyDd3YaWSh message_uuid=6b2a1685-c88f-4d6f-9f52-b7a1a28e1421 topic=message.EventAssetOCRCompleted
time=2026-08-21T20:25:26.043+02:00 level=INFO msg="starting text extraction for asset" id=da3gdruqbbt3vq4hcht0 filename=da3gdruqbbt3vq4hcht0-kkii_regeneration_ss-2016-pdf
time=2026-08-21T20:25:26.056+02:00 level=INFO msg="text extraction completed successfully" id=da3gdruqbbt3vq4hcht0 text_length=8832 engine=pdf-textlayer
time=2026-08-21T20:25:26.061+02:00 level=INFO msg="No subscribers to send message" pubsub_uuid=Rc8EXumQGWwyMyDd3YaWSh message_uuid=e5f4b22c-af34-4da2-a401-48dfd57f6775 topic=message.EventAssetOCRCompleted
time=2026-08-21T20:25:26.064+02:00 level=INFO msg="starting text extraction for asset" id=da3gdruqbbt3vq4hcom0 filename=da3gdruqbbt3vq4hcom0-kornman-pathogenesis-of-periodontitis-pdf
time=2026-08-21T20:25:26.074+02:00 level=INFO msg="text extraction completed successfully" id=da3gdruqbbt3vq4hcom0 text_length=37078 engine=pdf-textlayer
time=2026-08-21T20:25:26.079+02:00 level=INFO msg="No subscribers to send message" pubsub_uuid=Rc8EXumQGWwyMyDd3YaWSh message_uuid=c4e7e186-416d-4437-8cf4-48be4a28fe8d topic=message.EventAssetOCRCompleted
time=2026-08-21T20:25:26.098+02:00 level=INFO msg="starting text extraction for asset" id=da3gdruqbbt3vq4hcvg0 filename=da3gdruqbbt3vq4hcvg0-pa-zusatz_ss2016_02-pdf
time=2026-08-21T20:25:26.131+02:00 level=INFO msg="text extraction completed successfully" id=da3gdruqbbt3vq4hcvg0 text_length=6988 engine=pdf-textlayer
time=2026-08-21T20:25:26.136+02:00 level=INFO msg="No subscribers to send message" pubsub_uuid=Rc8EXumQGWwyMyDd3YaWSh message_uuid=a6739b7f-03c0-445a-a570-8ae8ffb73d57 topic=message.EventAssetOCRCompleted
time=2026-08-21T20:25:26.144+02:00 level=INFO msg="starting text extraction for asset" id=da3gdruqbbt3vq4hd6b0 filename=da3gdruqbbt3vq4hd6b0-präpptechnik-keramik-quintessenz-2009-pdf
time=2026-08-21T20:25:26.148+02:00 level=WARN msg="pdf text layer extraction failed, will try rasterisation fallback" error="not a PDF file: missing %%EOF"
time=2026-08-21T20:25:32.793+02:00 level=WARN msg="OCR engine unavailable, skipping asset" id=da3gdruqbbt3vq4hd6b0
time=2026-08-21T20:25:32.829+02:00 level=INFO msg="starting text extraction for asset" id=da3gdruqbbt3vq4heg20 filename=da3gdruqbbt3vq4heg20-endo-obturation-des-wk-systems-pdf
time=2026-08-21T20:25:32.861+02:00 level=INFO msg="text extraction completed successfully" id=da3gdruqbbt3vq4heg20 text_length=15445 engine=pdf-textlayer
time=2026-08-21T20:25:32.866+02:00 level=INFO msg="No subscribers to send message" pubsub_uuid=Rc8EXumQGWwyMyDd3YaWSh message_uuid=77b1b1bf-f7c5-43d8-8e4f-bf6f14e5ef6f topic=message.EventAssetOCRCompleted
time=2026-08-21T20:25:32.869+02:00 level=INFO msg="starting text extraction for asset" id=da3gdruqbbt3vq4hen40 filename=da3gdruqbbt3vq4hen40-endo-spuelloesungen-pdf
time=2026-08-21T20:25:32.962+02:00 level=INFO msg="text extraction completed successfully" id=da3gdruqbbt3vq4hen40 text_length=33142 engine=pdf-textlayer
time=2026-08-21T20:25:32.969+02:00 level=INFO msg="No subscribers to send message" pubsub_uuid=Rc8EXumQGWwyMyDd3YaWSh message_uuid=5774fd8c-beab-4947-8b60-2f9610983bfa topic=message.EventAssetOCRCompleted
time=2026-08-21T20:25:32.979+02:00 level=INFO msg="starting text extraction for asset" id=da3gdruqbbt3vq4heu70 filename=da3gdruqbbt3vq4heu70-endo-zahnschmerz-pdf
time=2026-08-21T20:25:32.992+02:00 level=INFO msg="text extraction completed successfully" id=da3gdruqbbt3vq4heu70 text_length=12220 engine=pdf-textlayer
time=2026-08-21T20:25:32.997+02:00 level=INFO msg="No subscribers to send message" pubsub_uuid=Rc8EXumQGWwyMyDd3YaWSh topic=message.EventAssetOCRCompleted message_uuid=6c79b24f-7a86-46d7-aa0e-9f1966a8f469
time=2026-08-21T20:25:32.999+02:00 level=INFO msg="starting text extraction for asset" id=da3gds6qbbt3vq4hf5b0 filename=da3gds6qbbt3vq4hf5b0-pa-medikamente-pdf
time=2026-08-21T20:25:33.042+02:00 level=INFO msg="text extraction completed successfully" id=da3gds6qbbt3vq4hf5b0 text_length=24393 engine=pdf-textlayer
time=2026-08-21T20:25:33.051+02:00 level=INFO msg="No subscribers to send message" pubsub_uuid=Rc8EXumQGWwyMyDd3YaWSh message_uuid=a7ea1dd3-9d30-4dc0-b6ce-ae83bde555cb topic=message.EventAssetOCRCompleted
time=2026-08-21T20:25:33.057+02:00 level=INFO msg="starting text extraction for asset" id=da3gds6qbbt3vq4hfcg0 filename=da3gds6qbbt3vq4hfcg0-pa-paradontitis-pdf
time=2026-08-21T20:25:33.076+02:00 level=INFO msg="text extraction completed successfully" id=da3gds6qbbt3vq4hfcg0 text_length=17364 engine=pdf-textlayer
time=2026-08-21T20:25:33.081+02:00 level=INFO msg="No subscribers to send message" pubsub_uuid=Rc8EXumQGWwyMyDd3YaWSh message_uuid=3b3ea6fb-85ff-46ac-b82a-263a60dce106 topic=message.EventAssetOCRCompleted
time=2026-08-21T20:25:33.083+02:00 level=INFO msg="starting text extraction for asset" id=da3gds6qbbt3vq4hfjm0 filename=da3gds6qbbt3vq4hfjm0-pa-systemische-erkrankungen-pdf
time=2026-08-21T20:25:33.098+02:00 level=INFO msg="text extraction completed successfully" id=da3gds6qbbt3vq4hfjm0 text_length=7132 engine=pdf-textlayer
time=2026-08-21T20:25:33.107+02:00 level=INFO msg="No subscribers to send message" pubsub_uuid=Rc8EXumQGWwyMyDd3YaWSh message_uuid=d5182690-3813-4a3a-b136-8d7dd70b603f topic=message.EventAssetOCRCompleted
time=2026-08-21T20:25:33.156+02:00 level=INFO msg="starting text extraction for asset" id=da3gds6qbbt3vq4hfqt0 filename=da3gds6qbbt3vq4hfqt0-adhäsivsysteme-pdf
time=2026-08-21T20:25:33.238+02:00 level=INFO msg="text extraction completed successfully" id=da3gds6qbbt3vq4hfqt0 text_length=20335 engine=pdf-textlayer
time=2026-08-21T20:25:33.248+02:00 level=INFO msg="No subscribers to send message" pubsub_uuid=Rc8EXumQGWwyMyDd3YaWSh message_uuid=08b15b3c-9577-4541-9ae4-001c98fe2182 topic=message.EventAssetOCRCompleted
time=2026-08-21T20:25:33.252+02:00 level=INFO msg="starting text extraction for asset" id=da3gds6qbbt3vq4hg250 filename=da3gds6qbbt3vq4hg250-obturation-des-wurzelkanalsystems-pdf
time=2026-08-21T20:25:33.266+02:00 level=INFO msg="text extraction completed successfully" id=da3gds6qbbt3vq4hg250 text_length=11092 engine=pdf-textlayer
time=2026-08-21T20:25:33.269+02:00 level=WARN msg="failed to process asset for text extraction" id=da3gds6qbbt3vq4hg250 error="ERROR: invalid byte sequence for encoding \"UTF8\": 0x00 (SQLSTATE 22021)"
time=2026-08-21T20:25:33.277+02:00 level=INFO msg="starting text extraction for asset" id=da3gds6qbbt3vq4hg9e0 filename=da3gds6qbbt3vq4hg9e0-pa-fall-und-medikamente-pdf
time=2026-08-21T20:25:33.303+02:00 level=INFO msg="text extraction completed successfully" id=da3gds6qbbt3vq4hg9e0 text_length=12074 engine=pdf-textlayer
time=2026-08-21T20:25:33.310+02:00 level=INFO msg="No subscribers to send message" pubsub_uuid=Rc8EXumQGWwyMyDd3YaWSh message_uuid=01e9a563-8c00-4973-b7b6-bc72641365e1 topic=message.EventAssetOCRCompleted
time=2026-08-21T20:25:33.313+02:00 level=INFO msg="starting text extraction for asset" id=da3gds6qbbt3vq4hggo0 filename=da3gds6qbbt3vq4hggo0-spülloesungen-und-aktuelle-spülkonzepte-pdf
time=2026-08-21T20:25:33.326+02:00 level=INFO msg="text extraction completed successfully" id=da3gds6qbbt3vq4hggo0 text_length=14346 engine=pdf-textlayer
time=2026-08-21T20:25:33.331+02:00 level=INFO msg="No subscribers to send message" pubsub_uuid=Rc8EXumQGWwyMyDd3YaWSh message_uuid=047ba685-1892-491f-81bd-09a0247657a5 topic=message.EventAssetOCRCompleted
time=2026-08-21T20:25:33.334+02:00 level=INFO msg="starting text extraction for asset" id=da3gds6qbbt3vq4hgo30 filename=da3gds6qbbt3vq4hgo30-wechselwirkungen-zwischen-par-und-allgemeinerkrankungen-pdf
time=2026-08-21T20:25:33.346+02:00 level=INFO msg="text extraction completed successfully" id=da3gds6qbbt3vq4hgo30 text_length=9358 engine=pdf-textlayer
time=2026-08-21T20:25:33.351+02:00 level=INFO msg="No subscribers to send message" pubsub_uuid=Rc8EXumQGWwyMyDd3YaWSh message_uuid=f758bacc-319e-4c2a-a3e1-088d0b468a9b topic=message.EventAssetOCRCompleted
time=2026-08-21T20:25:33.354+02:00 level=INFO msg="starting text extraction for asset" id=da3gds6qbbt3vq4hgvf0 filename=da3gds6qbbt3vq4hgvf0-zahnschmerzen-indikation-endodontische-therapie-pdf
time=2026-08-21T20:25:33.369+02:00 level=INFO msg="text extraction completed successfully" id=da3gds6qbbt3vq4hgvf0 text_length=15397 engine=pdf-textlayer
time=2026-08-21T20:25:33.375+02:00 level=INFO msg="No subscribers to send message" pubsub_uuid=Rc8EXumQGWwyMyDd3YaWSh message_uuid=fd0705b5-48ce-4449-8b86-7c171a8d410c topic=message.EventAssetOCRCompleted
time=2026-08-21T20:25:33.390+02:00 level=INFO msg="starting text extraction for asset" id=da3gds6qbbt3vq4hi4q0 filename=da3gds6qbbt3vq4hi4q0-hostresponse-pdf
time=2026-08-21T20:25:33.397+02:00 level=INFO msg="text extraction completed successfully" id=da3gds6qbbt3vq4hi4q0 text_length=7021 engine=pdf-textlayer
time=2026-08-21T20:25:33.401+02:00 level=INFO msg="No subscribers to send message" pubsub_uuid=Rc8EXumQGWwyMyDd3YaWSh message_uuid=33266d96-d87b-4a1f-abf7-2868949d9bc3 topic=message.EventAssetOCRCompleted
time=2026-08-21T20:25:33.421+02:00 level=INFO msg="starting text extraction for asset" id=da3gdseqbbt3vq4hjil0 filename=da3gdseqbbt3vq4hjil0-cad-cam-reill-pdf
time=2026-08-21T20:25:33.445+02:00 level=INFO msg="text extraction completed successfully" id=da3gdseqbbt3vq4hjil0 text_length=9780 engine=pdf-textlayer
time=2026-08-21T20:25:33.449+02:00 level=INFO msg="No subscribers to send message" pubsub_uuid=Rc8EXumQGWwyMyDd3YaWSh message_uuid=b8f5f297-a1b4-4321-b2af-8e19bed5218b topic=message.EventAssetOCRCompleted
time=2026-08-21T20:25:33.470+02:00 level=INFO msg="starting text extraction for asset" id=da3gdseqbbt3vq4hjqd0 filename=da3gdseqbbt3vq4hjqd0-cad-cam_skrifka-pdf
time=2026-08-21T20:25:33.487+02:00 level=INFO msg="text extraction completed successfully" id=da3gdseqbbt3vq4hjqd0 text_length=3525 engine=pdf-textlayer
time=2026-08-21T20:25:33.492+02:00 level=INFO msg="No subscribers to send message" pubsub_uuid=Rc8EXumQGWwyMyDd3YaWSh message_uuid=596b30d3-891b-4548-9a6c-17279e118c09 topic=message.EventAssetOCRCompleted
time=2026-08-21T20:25:33.505+02:00 level=INFO msg="starting text extraction for asset" id=da3gdseqbbt3vq4hkpn0 filename=da3gdseqbbt3vq4hkpn0-farbauswahl-reimann-pdf
time=2026-08-21T20:25:33.519+02:00 level=INFO msg="text extraction completed successfully" id=da3gdseqbbt3vq4hkpn0 text_length=6177 engine=pdf-textlayer
time=2026-08-21T20:25:33.524+02:00 level=INFO msg="No subscribers to send message" pubsub_uuid=Rc8EXumQGWwyMyDd3YaWSh topic=message.EventAssetOCRCompleted message_uuid=631d21d1-eef1-49bb-940f-7f1e9c21ab80
extracted text from 196 assetstime=2026-08-21T20:25:33.534+02:00 level=INFO msg="starting text extraction for asset" id=da3gdjuqbbt3vq4g74o0 filename=da3gdjuqbbt3vq4g74o0-ph2-altfragen-brücken-etc-pdf
time=2026-08-21T20:25:33.541+02:00 level=INFO msg="text extraction completed successfully" id=da3gdjuqbbt3vq4g74o0 text_length=8701 engine=pdf-textlayer
time=2026-08-21T20:25:33.544+02:00 level=WARN msg="failed to process asset for text extraction" id=da3gdjuqbbt3vq4g74o0 error="ERROR: invalid byte sequence for encoding \"UTF8\": 0x00 (SQLSTATE 22021)"
time=2026-08-21T20:25:33.546+02:00 level=INFO msg="starting text extraction for asset" id=da3gdjuqbbt3vq4g75f0 filename=da3gdjuqbbt3vq4g75f0-ph2-altfragen-sonstige-pdf
time=2026-08-21T20:25:33.555+02:00 level=INFO msg="text extraction completed successfully" id=da3gdjuqbbt3vq4g75f0 text_length=13263 engine=pdf-textlayer
time=2026-08-21T20:25:33.557+02:00 level=WARN msg="failed to process asset for text extraction" id=da3gdjuqbbt3vq4g75f0 error="ERROR: invalid byte sequence for encoding \"UTF8\": 0x00 (SQLSTATE 22021)"
time=2026-08-21T20:25:33.559+02:00 level=INFO msg="starting text extraction for asset" id=da3gdjuqbbt3vq4g7670 filename=da3gdjuqbbt3vq4g7670-ph2-altfragen-teilprothesen-pdf
time=2026-08-21T20:25:33.571+02:00 level=INFO msg="text extraction completed successfully" id=da3gdjuqbbt3vq4g7670 text_length=13273 engine=pdf-textlayer
time=2026-08-21T20:25:33.574+02:00 level=WARN msg="failed to process asset for text extraction" id=da3gdjuqbbt3vq4g7670 error="ERROR: invalid byte sequence for encoding \"UTF8\": 0x00 (SQLSTATE 22021)"
time=2026-08-21T20:25:33.577+02:00 level=INFO msg="starting text extraction for asset" id=da3gdseqbbt3vq4hlhh0 filename=da3gdseqbbt3vq4hlhh0-implantat-indik-f-festsitz-ze-deml-pdf
time=2026-08-21T20:25:33.594+02:00 level=INFO msg="text extraction completed successfully" id=da3gdseqbbt3vq4hlhh0 text_length=7710 engine=pdf-textlayer
time=2026-08-21T20:25:33.599+02:00 level=INFO msg="No subscribers to send message" pubsub_uuid=Rc8EXumQGWwyMyDd3YaWSh message_uuid=e7bfc9d9-ab92-4c06-a1c9-34dc7be798b9 topic=message.EventAssetOCRCompleted
time=2026-08-21T20:25:33.673+02:00 level=INFO msg="starting text extraction for asset" id=da3gdsmqbbt3vq4hqes0 filename=da3gdsmqbbt3vq4hqes0-verblendungskomposite-fürst-pdf
time=2026-08-21T20:25:33.683+02:00 level=INFO msg="text extraction completed successfully" id=da3gdsmqbbt3vq4hqes0 text_length=9003 engine=pdf-textlayer
time=2026-08-21T20:25:33.687+02:00 level=INFO msg="No subscribers to send message" pubsub_uuid=Rc8EXumQGWwyMyDd3YaWSh message_uuid=cb704232-7f33-419f-b24a-b50c273dad58 topic=message.EventAssetOCRCompleted
time=2026-08-21T20:25:33.698+02:00 level=INFO msg="starting text extraction for asset" id=da3gdsmqbbt3vq4hr030 filename=da3gdsmqbbt3vq4hr030-adhaesivtechnik_endo-pdf
time=2026-08-21T20:25:33.727+02:00 level=INFO msg="text extraction completed successfully" id=da3gdsmqbbt3vq4hr030 text_length=13699 engine=pdf-textlayer
time=2026-08-21T20:25:33.736+02:00 level=INFO msg="No subscribers to send message" pubsub_uuid=Rc8EXumQGWwyMyDd3YaWSh message_uuid=c2b2cf66-9600-4701-8aa1-c58dee9bee7a topic=message.EventAssetOCRCompleted
time=2026-08-21T20:25:33.739+02:00 level=INFO msg="starting text extraction for asset" id=da3gdsmqbbt3vq4hr8o0 filename=da3gdsmqbbt3vq4hr8o0-diagnostik_endo-pdf
time=2026-08-21T20:25:33.781+02:00 level=INFO msg="text extraction completed successfully" id=da3gdsmqbbt3vq4hr8o0 text_length=16655 engine=pdf-textlayer
time=2026-08-21T20:25:33.789+02:00 level=INFO msg="No subscribers to send message" pubsub_uuid=Rc8EXumQGWwyMyDd3YaWSh message_uuid=688b9cde-4727-4628-9411-d7e687fbb788 topic=message.EventAssetOCRCompleted
time=2026-08-21T20:25:33.792+02:00 level=INFO msg="starting text extraction for asset" id=da3gdsmqbbt3vq4hrhe0 filename=da3gdsmqbbt3vq4hrhe0-gingivitis-parodontitis-pdf
time=2026-08-21T20:25:33.806+02:00 level=INFO msg="text extraction completed successfully" id=da3gdsmqbbt3vq4hrhe0 text_length=14431 engine=pdf-textlayer
time=2026-08-21T20:25:33.810+02:00 level=INFO msg="No subscribers to send message" pubsub_uuid=Rc8EXumQGWwyMyDd3YaWSh message_uuid=761ffd8e-a5f7-45f7-b9a9-95c1399810ae topic=message.EventAssetOCRCompleted
time=2026-08-21T20:25:33.813+02:00 level=INFO msg="starting text extraction for asset" id=da3gdsmqbbt3vq4hrq50 filename=da3gdsmqbbt3vq4hrq50-host_response_pa-pdf
time=2026-08-21T20:25:33.826+02:00 level=INFO msg="text extraction completed successfully" id=da3gdsmqbbt3vq4hrq50 text_length=14721 engine=pdf-textlayer
time=2026-08-21T20:25:33.830+02:00 level=INFO msg="No subscribers to send message" pubsub_uuid=Rc8EXumQGWwyMyDd3YaWSh message_uuid=5f2ef58c-f7d8-49a4-9fbb-4e45b6b3412b topic=message.EventAssetOCRCompleted
time=2026-08-21T20:25:33.835+02:00 level=INFO msg="starting text extraction for asset" id=da3gdsmqbbt3vq4hs2t0 filename=da3gdsmqbbt3vq4hs2t0-mikrobio_antibiose_pa-pdf
time=2026-08-21T20:25:33.858+02:00 level=INFO msg="text extraction completed successfully" id=da3gdsmqbbt3vq4hs2t0 text_length=27245 engine=pdf-textlayer
time=2026-08-21T20:25:33.864+02:00 level=INFO msg="No subscribers to send message" pubsub_uuid=Rc8EXumQGWwyMyDd3YaWSh message_uuid=ec7fb43c-44d3-448d-823c-e34d507a6aa1 topic=message.EventAssetOCRCompleted
time=2026-08-21T20:25:33.867+02:00 level=INFO msg="starting text extraction for asset" id=da3gdsmqbbt3vq4hsbm0 filename=da3gdsmqbbt3vq4hsbm0-spuelloesungen_endo-pdf
time=2026-08-21T20:25:35.971+02:00 level=INFO msg="text extraction completed successfully" id=da3gdsmqbbt3vq4hsbm0 text_length=6828 engine=pdf-textlayer-weak
time=2026-08-21T20:25:35.985+02:00 level=INFO msg="No subscribers to send message" pubsub_uuid=Rc8EXumQGWwyMyDd3YaWSh message_uuid=04dfde51-c606-4735-8fc3-aaf6626bc345 topic=message.EventAssetOCRCompleted
time=2026-08-21T20:25:36.009+02:00 level=INFO msg="starting text extraction for asset" id=da3gdsmqbbt3vq4hskg0 filename=da3gdsmqbbt3vq4hskg0-seminar-keramikteilkronen-ss14-pdf
time=2026-08-21T20:25:36.014+02:00 level=WARN msg="pdf text layer extraction failed, will try rasterisation fallback" error="unsupported PDF: encryption version V=4; <</CF <</StdCF <</AuthEvent /DocOpen /CFM /V2 /Length 16>>>> /Filter /Standard /Length 128 /O \"kÊÞ8¾˙“•Kšªbıﬁ&î\\\"ÓÏ\\\\ÎªKxQîkø.³#¬\" /P -3388 /R 4 /StmF /StdCF /StrF /StdCF /U \"11c\\xf0?\\x8a\\xa8\\x9a1\\xc4DƄm\\n\\xa2\\x00\\x00\\x00\\x00\\x00\\x00\\x00\\x00\\x00\\x00\\x00\\x00\\x00\\x00\\x00\\x00\" /V 4>>"
time=2026-08-21T20:25:38.124+02:00 level=WARN msg="OCR engine unavailable, skipping asset" id=da3gdsmqbbt3vq4hskg0
time=2026-08-21T20:25:38.140+02:00 level=INFO msg="starting text extraction for asset" id=da3gdsmqbbt3vq4hstb0 filename=da3gdsmqbbt3vq4hstb0-filtek-silorane-references-pdf
time=2026-08-21T20:25:38.144+02:00 level=INFO msg="text extraction completed successfully" id=da3gdsmqbbt3vq4hstb0 text_length=2000 engine=pdf-textlayer
time=2026-08-21T20:25:38.148+02:00 level=INFO msg="No subscribers to send message" pubsub_uuid=Rc8EXumQGWwyMyDd3YaWSh message_uuid=93c576c1-b914-4e1e-8d3b-16ae13a9f33f topic=message.EventAssetOCRCompleted
time=2026-08-21T20:25:38.157+02:00 level=INFO msg="starting text extraction for asset" id=da3gdsmqbbt3vq4ht670 filename=da3gdsmqbbt3vq4ht670-filtek-silorane-study-booklet-pdf
time=2026-08-21T20:25:38.193+02:00 level=INFO msg="text extraction completed successfully" id=da3gdsmqbbt3vq4ht670 text_length=68606 engine=pdf-textlayer
time=2026-08-21T20:25:38.201+02:00 level=INFO msg="No subscribers to send message" pubsub_uuid=Rc8EXumQGWwyMyDd3YaWSh message_uuid=f9007df8-22c4-4531-b73c-276cc6498ef7 topic=message.EventAssetOCRCompleted
time=2026-08-21T20:25:38.210+02:00 level=INFO msg="starting text extraction for asset" id=da3gdsuqbbt3vq4hto20 filename=da3gdsuqbbt3vq4hto20-filteksiloranetpp-pdf
time=2026-08-21T20:25:38.252+02:00 level=INFO msg="text extraction completed successfully" id=da3gdsuqbbt3vq4hto20 text_length=76612 engine=pdf-textlayer
time=2026-08-21T20:25:38.260+02:00 level=INFO msg="No subscribers to send message" pubsub_uuid=Rc8EXumQGWwyMyDd3YaWSh message_uuid=cbc67f1a-8a1b-43b3-95ce-42c91f6b719d topic=message.EventAssetOCRCompleted
time=2026-08-21T20:25:38.265+02:00 level=INFO msg="starting text extraction for asset" id=da3gdsuqbbt3vq4hu110 filename=da3gdsuqbbt3vq4hu110-ilie-watts-should-i-select-silorane-pdf
time=2026-08-21T20:25:38.274+02:00 level=INFO msg="text extraction completed successfully" id=da3gdsuqbbt3vq4hu110 text_length=7768 engine=pdf-textlayer
time=2026-08-21T20:25:38.277+02:00 level=INFO msg="No subscribers to send message" pubsub_uuid=Rc8EXumQGWwyMyDd3YaWSh message_uuid=960bba8e-0367-4173-a7cd-a462f042ba0f topic=message.EventAssetOCRCompleted
time=2026-08-21T20:25:38.282+02:00 level=INFO msg="starting text extraction for asset" id=da3gdsuqbbt3vq4hua10 filename=da3gdsuqbbt3vq4hua10-krastl-clinical-cases-pdf
time=2026-08-21T20:25:38.297+02:00 level=INFO msg="text extraction completed successfully" id=da3gdsuqbbt3vq4hua10 text_length=17101 engine=pdf-textlayer
time=2026-08-21T20:25:38.302+02:00 level=INFO msg="No subscribers to send message" pubsub_uuid=Rc8EXumQGWwyMyDd3YaWSh message_uuid=c4b9d7fe-2010-41b8-9afd-3d1dd3e3e560 topic=message.EventAssetOCRCompleted
time=2026-08-21T20:25:38.305+02:00 level=INFO msg="starting text extraction for asset" id=da3gdsuqbbt3vq4huj20 filename=da3gdsuqbbt3vq4huj20-tda-2_2010-silorane-pdf
time=2026-08-21T20:25:38.311+02:00 level=INFO msg="text extraction completed successfully" id=da3gdsuqbbt3vq4huj20 text_length=4748 engine=pdf-textlayer
time=2026-08-21T20:25:38.315+02:00 level=INFO msg="No subscribers to send message" pubsub_uuid=Rc8EXumQGWwyMyDd3YaWSh message_uuid=b4ebe69c-d279-4e5a-a5be-70fdbbb0461f topic=message.EventAssetOCRCompleted
time=2026-08-21T20:25:38.317+02:00 level=INFO msg="starting text extraction for asset" id=da3gdsuqbbt3vq4hus40 filename=da3gdsuqbbt3vq4hus40-update-adhasiv-technik-pdf
time=2026-08-21T20:25:38.321+02:00 level=WARN msg="pdf text layer extraction failed, will try rasterisation fallback" error="unsupported PDF: encryption version V=4; <</CF <</StdCF <</AuthEvent /DocOpen /CFM /V2 /Length 16>>>> /Filter /Standard /Length 128 /O \"kÊÞ8¾˙“•Kšªbıﬁ&î\\\"ÓÏ\\\\ÎªKxQîkø.³#¬\" /P -3388 /R 4 /StmF /StdCF /StrF /StdCF /U \"\\x1c\\xae&\\xf0\\x8a\\xe0f\\x12\\x0e\\xd9w)\\x82\\xec\\xdcS\\x00\\x00\\x00\\x00\\x00\\x00\\x00\\x00\\x00\\x00\\x00\\x00\\x00\\x00\\x00\\x00\" /V 4>>"
time=2026-08-21T20:25:39.901+02:00 level=WARN msg="OCR engine unavailable, skipping asset" id=da3gdsuqbbt3vq4hus40
time=2026-08-21T20:25:39.916+02:00 level=INFO msg="starting text extraction for asset" id=da3gdsuqbbt3vq4hveb0 filename=da3gdsuqbbt3vq4hveb0-endo_zusammenfassung-pdf
time=2026-08-21T20:25:39.925+02:00 level=INFO msg="text extraction completed successfully" id=da3gdsuqbbt3vq4hveb0 text_length=6038 engine=pdf-textlayer
time=2026-08-21T20:25:39.928+02:00 level=WARN msg="failed to process asset for text extraction" id=da3gdsuqbbt3vq4hveb0 error="ERROR: invalid byte sequence for encoding \"UTF8\": 0x00 (SQLSTATE 22021)"
time=2026-08-21T20:25:39.971+02:00 level=INFO msg="starting text extraction for asset" id=da3gdsuqbbt3vq4hvng0 filename=da3gdsuqbbt3vq4hvng0-phantom-3-zusammenfassung-2023-pdf
time=2026-08-21T20:25:40.010+02:00 level=INFO msg="text extraction completed successfully" id=da3gdsuqbbt3vq4hvng0 text_length=64198 engine=pdf-textlayer
time=2026-08-21T20:25:40.021+02:00 level=INFO msg="No subscribers to send message" pubsub_uuid=Rc8EXumQGWwyMyDd3YaWSh message_uuid=67d40bd7-4e35-4e50-82ee-ab52e0708a66 topic=message.EventAssetOCRCompleted
time=2026-08-21T20:25:40.035+02:00 level=INFO msg="starting text extraction for asset" id=da3gdsuqbbt3vq4i00m0 filename=da3gdsuqbbt3vq4i00m0-01_einführung_it_ws19__20-pdf
time=2026-08-21T20:25:40.068+02:00 level=INFO msg="text extraction completed successfully" id=da3gdsuqbbt3vq4i00m0 text_length=5064 engine=pdf-textlayer
time=2026-08-21T20:25:40.073+02:00 level=INFO msg="No subscribers to send message" pubsub_uuid=Rc8EXumQGWwyMyDd3YaWSh message_uuid=c239db44-cce2-4601-83c0-74009b7e852d topic=message.EventAssetOCRCompleted
time=2026-08-21T20:25:40.083+02:00 level=INFO msg="starting text extraction for asset" id=da3gdsuqbbt3vq4i09t0 filename=da3gdsuqbbt3vq4i09t0-02_ergonomie_it_ws19_20-pdf
time=2026-08-21T20:25:40.102+02:00 level=INFO msg="text extraction completed successfully" id=da3gdsuqbbt3vq4i09t0 text_length=3488 engine=pdf-textlayer
time=2026-08-21T20:25:40.105+02:00 level=INFO msg="No subscribers to send message" pubsub_uuid=Rc8EXumQGWwyMyDd3YaWSh message_uuid=e95d3539-127c-4ef4-8919-b0594518a62a topic=message.EventAssetOCRCompleted
time=2026-08-21T20:25:40.114+02:00 level=INFO msg="starting text extraction for asset" id=da3gdsuqbbt3vq4i0j50 filename=da3gdsuqbbt3vq4i0j50-03_hygiene_it_ws19_20-pdf
time=2026-08-21T20:25:40.135+02:00 level=INFO msg="text extraction completed successfully" id=da3gdsuqbbt3vq4i0j50 text_length=4047 engine=pdf-textlayer
time=2026-08-21T20:25:40.140+02:00 level=INFO msg="No subscribers to send message" pubsub_uuid=Rc8EXumQGWwyMyDd3YaWSh message_uuid=4eedebe6-fb98-4454-8bcb-4173afb48253 topic=message.EventAssetOCRCompleted
time=2026-08-21T20:25:40.161+02:00 level=INFO msg="starting text extraction for asset" id=da3gdsuqbbt3vq4i0se0 filename=da3gdsuqbbt3vq4i0se0-04_mundhygiene_it_ws19_20_final-pdf
time=2026-08-21T20:25:40.273+02:00 level=INFO msg="text extraction completed successfully" id=da3gdsuqbbt3vq4i0se0 text_length=16073 engine=pdf-textlayer
time=2026-08-21T20:25:40.281+02:00 level=INFO msg="No subscribers to send message" pubsub_uuid=Rc8EXumQGWwyMyDd3YaWSh message_uuid=339d2ff3-28b9-4398-b94b-6a9cef300358 topic=message.EventAssetOCRCompleted
time=2026-08-21T20:25:40.339+02:00 level=INFO msg="starting text extraction for asset" id=da3gdsuqbbt3vq4i15o0 filename=da3gdsuqbbt3vq4i15o0-05_parodontologie-i_fc_ss18-pdf
time=2026-08-21T20:25:40.592+02:00 level=INFO msg="text extraction completed successfully" id=da3gdsuqbbt3vq4i15o0 text_length=25605 engine=pdf-textlayer
time=2026-08-21T20:25:40.606+02:00 level=INFO msg="No subscribers to send message" pubsub_uuid=Rc8EXumQGWwyMyDd3YaWSh message_uuid=28c90d03-95ce-4ab1-89ea-54eed45012c0 topic=message.EventAssetOCRCompleted
time=2026-08-21T20:25:40.624+02:00 level=INFO msg="starting text extraction for asset" id=da3gdt6qbbt3vq4i1f30 filename=da3gdt6qbbt3vq4i1f30-06_pa-instrumente_fc_ss18-pdf
time=2026-08-21T20:25:40.642+02:00 level=INFO msg="text extraction completed successfully" id=da3gdt6qbbt3vq4i1f30 text_length=5121 engine=pdf-textlayer
time=2026-08-21T20:25:40.647+02:00 level=INFO msg="No subscribers to send message" pubsub_uuid=Rc8EXumQGWwyMyDd3YaWSh message_uuid=b86959d2-55ad-48a7-932c-87bedb46bb43 topic=message.EventAssetOCRCompleted
time=2026-08-21T20:25:40.664+02:00 level=INFO msg="starting text extraction for asset" id=da3gdt6qbbt3vq4i1of0 filename=da3gdt6qbbt3vq4i1of0-08_kariologie_it_ws19_20-pdf
time=2026-08-21T20:25:40.837+02:00 level=INFO msg="text extraction completed successfully" id=da3gdt6qbbt3vq4i1of0 text_length=22063 engine=pdf-textlayer
time=2026-08-21T20:25:40.845+02:00 level=INFO msg="No subscribers to send message" pubsub_uuid=Rc8EXumQGWwyMyDd3YaWSh message_uuid=c1ce2e0d-2eec-496e-8077-316a5c7e8a5d topic=message.EventAssetOCRCompleted
time=2026-08-21T20:25:40.854+02:00 level=INFO msg="starting text extraction for asset" id=da3gdt6qbbt3vq4i21s0 filename=da3gdt6qbbt3vq4i21s0-09_kavitätenpräparation_it_ws19_20-pdf
time=2026-08-21T20:25:40.949+02:00 level=INFO msg="text extraction completed successfully" id=da3gdt6qbbt3vq4i21s0 text_length=14394 engine=pdf-textlayer
time=2026-08-21T20:25:40.958+02:00 level=INFO msg="No subscribers to send message" pubsub_uuid=Rc8EXumQGWwyMyDd3YaWSh topic=message.EventAssetOCRCompleted message_uuid=3ae5e3b1-f7ac-4a08-ad81-4a6de98fa1cf
time=2026-08-21T20:25:40.967+02:00 level=INFO msg="starting text extraction for asset" id=da3gdt6qbbt3vq4i2ba0 filename=da3gdt6qbbt3vq4i2ba0-10_befunderhebung_it_ws19_20_final-pdf
time=2026-08-21T20:25:41.002+02:00 level=INFO msg="text extraction completed successfully" id=da3gdt6qbbt3vq4i2ba0 text_length=4829 engine=pdf-textlayer
time=2026-08-21T20:25:41.009+02:00 level=INFO msg="No subscribers to send message" pubsub_uuid=Rc8EXumQGWwyMyDd3YaWSh message_uuid=6c4ecc92-a3a5-46b9-be1a-4f6ed34ac495 topic=message.EventAssetOCRCompleted
time=2026-08-21T20:25:41.096+02:00 level=INFO msg="starting text extraction for asset" id=da3gdt6qbbt3vq4i2kp0 filename=da3gdt6qbbt3vq4i2kp0-11zahnfarbenefllgwerkstoffe2_komposit_ks-kopie-pdf
time=2026-08-21T20:25:41.143+02:00 level=INFO msg="text extraction completed successfully" id=da3gdt6qbbt3vq4i2kp0 text_length=18682 engine=pdf-textlayer
time=2026-08-21T20:25:41.148+02:00 level=INFO msg="No subscribers to send message" pubsub_uuid=Rc8EXumQGWwyMyDd3YaWSh topic=message.EventAssetOCRCompleted message_uuid=51012569-fdc6-4d72-b22e-679bbd6a0f5b
time=2026-08-21T20:25:41.164+02:00 level=INFO msg="starting text extraction for asset" id=da3gdt6qbbt3vq4i2u90 filename=da3gdt6qbbt3vq4i2u90-12_kofferdam_it_ws19_20-pdf
time=2026-08-21T20:25:41.195+02:00 level=INFO msg="text extraction completed successfully" id=da3gdt6qbbt3vq4i2u90 text_length=5897 engine=pdf-textlayer
time=2026-08-21T20:25:41.202+02:00 level=INFO msg="No subscribers to send message" pubsub_uuid=Rc8EXumQGWwyMyDd3YaWSh message_uuid=11412734-f87d-4bf9-93d4-ea56248ed94a topic=message.EventAssetOCRCompleted
time=2026-08-21T20:25:41.208+02:00 level=INFO msg="starting text extraction for asset" id=da3gdt6qbbt3vq4i37q0 filename=da3gdt6qbbt3vq4i37q0-13_demo_kompositfllg_fzg_it_ws19_20_final-pdf
time=2026-08-21T20:25:41.240+02:00 level=INFO msg="text extraction completed successfully" id=da3gdt6qbbt3vq4i37q0 text_length=5204 engine=pdf-textlayer
time=2026-08-21T20:25:41.245+02:00 level=INFO msg="No subscribers to send message" pubsub_uuid=Rc8EXumQGWwyMyDd3YaWSh message_uuid=01b53072-cc8a-44ad-8ef6-d12fb7cf21c6 topic=message.EventAssetOCRCompleted
time=2026-08-21T20:25:41.297+02:00 level=INFO msg="starting text extraction for asset" id=da3gdt6qbbt3vq4i3hc0 filename=da3gdt6qbbt3vq4i3hc0-14zahnfarbenefllgwerkstoffe1_adhäsivtechnik-pdf
time=2026-08-21T20:25:41.331+02:00 level=INFO msg="text extraction completed successfully" id=da3gdt6qbbt3vq4i3hc0 text_length=13391 engine=pdf-textlayer
time=2026-08-21T20:25:41.338+02:00 level=INFO msg="No subscribers to send message" pubsub_uuid=Rc8EXumQGWwyMyDd3YaWSh message_uuid=658504d3-06af-465a-8046-0909bdb4d0dd topic=message.EventAssetOCRCompleted
time=2026-08-21T20:25:41.373+02:00 level=INFO msg="starting text extraction for asset" id=da3gdt6qbbt3vq4i3qv0 filename=da3gdt6qbbt3vq4i3qv0-15_fissurenversiegelung_ks_ws1920-pdf
time=2026-08-21T20:25:41.387+02:00 level=INFO msg="text extraction completed successfully" id=da3gdt6qbbt3vq4i3qv0 text_length=4659 engine=pdf-textlayer
time=2026-08-21T20:25:41.391+02:00 level=INFO msg="No subscribers to send message" pubsub_uuid=Rc8EXumQGWwyMyDd3YaWSh message_uuid=cef320af-e805-49b7-94ab-bae19596a7ce topic=message.EventAssetOCRCompleted
time=2026-08-21T20:25:41.397+02:00 level=INFO msg="starting text extraction for asset" id=da3gdt6qbbt3vq4i44j0 filename=da3gdt6qbbt3vq4i44j0-16_demo_kompositfllg_szg_it_ws19_20-pdf
time=2026-08-21T20:25:41.414+02:00 level=INFO msg="text extraction completed successfully" id=da3gdt6qbbt3vq4i44j0 text_length=2695 engine=pdf-textlayer
time=2026-08-21T20:25:41.419+02:00 level=INFO msg="No subscribers to send message" pubsub_uuid=Rc8EXumQGWwyMyDd3YaWSh message_uuid=f206b11b-f6fa-417a-903f-3db1870b9d51 topic=message.EventAssetOCRCompleted
time=2026-08-21T20:25:41.439+02:00 level=INFO msg="starting text extraction for asset" id=da3gdt6qbbt3vq4i4e80 filename=da3gdt6qbbt3vq4i4e80-18_amalgam_ks_ws19-pdf
time=2026-08-21T20:25:41.492+02:00 level=INFO msg="text extraction completed successfully" id=da3gdt6qbbt3vq4i4e80 text_length=11068 engine=pdf-textlayer
time=2026-08-21T20:25:41.499+02:00 level=INFO msg="No subscribers to send message" pubsub_uuid=Rc8EXumQGWwyMyDd3YaWSh message_uuid=6617eef0-2f60-4fa8-a8f6-095b53e3c4ca topic=message.EventAssetOCRCompleted
time=2026-08-21T20:25:41.505+02:00 level=INFO msg="starting text extraction for asset" id=da3gdt6qbbt3vq4i4nu0 filename=da3gdt6qbbt3vq4i4nu0-19_gussfüllung_it_ws19_20-pdf
time=2026-08-21T20:25:41.538+02:00 level=INFO msg="text extraction completed successfully" id=da3gdt6qbbt3vq4i4nu0 text_length=5684 engine=pdf-textlayer
time=2026-08-21T20:25:41.542+02:00 level=INFO msg="No subscribers to send message" pubsub_uuid=Rc8EXumQGWwyMyDd3YaWSh message_uuid=651baf7b-021e-4b31-b48c-c1a7ee7d2070 topic=message.EventAssetOCRCompleted
time=2026-08-21T20:25:41.554+02:00 level=INFO msg="starting text extraction for asset" id=da3gdteqbbt3vq4i51l0 filename=da3gdteqbbt3vq4i51l0-19_zugangskavität_ksws1920-pdf
time=2026-08-21T20:25:41.590+02:00 level=INFO msg="text extraction completed successfully" id=da3gdteqbbt3vq4i51l0 text_length=5190 engine=pdf-textlayer
time=2026-08-21T20:25:41.597+02:00 level=INFO msg="No subscribers to send message" pubsub_uuid=Rc8EXumQGWwyMyDd3YaWSh message_uuid=2c175b45-0c44-4528-a5c9-eb51dcbfd100 topic=message.EventAssetOCRCompleted
time=2026-08-21T20:25:41.602+02:00 level=INFO msg="starting text extraction for asset" id=da3gdteqbbt3vq4i5bd0 filename=da3gdteqbbt3vq4i5bd0-22_endodontie_iii_wkb_wf_kg_ws19-20_final-pdf
time=2026-08-21T20:25:41.618+02:00 level=INFO msg="text extraction completed successfully" id=da3gdteqbbt3vq4i5bd0 text_length=12458 engine=pdf-textlayer
time=2026-08-21T20:25:41.624+02:00 level=INFO msg="No subscribers to send message" pubsub_uuid=Rc8EXumQGWwyMyDd3YaWSh topic=message.EventAssetOCRCompleted message_uuid=2f17afc0-bd51-4752-90fb-4715f1a77f47
time=2026-08-21T20:25:41.642+02:00 level=INFO msg="starting text extraction for asset" id=da3gdteqbbt3vq4i5l60 filename=da3gdteqbbt3vq4i5l60-23_endodontie4maschinell_ks_ss19-kopie-pdf
time=2026-08-21T20:25:41.660+02:00 level=INFO msg="text extraction completed successfully" id=da3gdteqbbt3vq4i5l60 text_length=10416 engine=pdf-textlayer
time=2026-08-21T20:25:41.666+02:00 level=INFO msg="No subscribers to send message" pubsub_uuid=Rc8EXumQGWwyMyDd3YaWSh message_uuid=1e771f71-7200-4036-80d1-64850a157117 topic=message.EventAssetOCRCompleted
time=2026-08-21T20:25:41.693+02:00 level=INFO msg="starting text extraction for asset" id=da3gdteqbbt3vq4i5v00 filename=da3gdteqbbt3vq4i5v00-endodontie-1-pdf
time=2026-08-21T20:25:41.770+02:00 level=INFO msg="text extraction completed successfully" id=da3gdteqbbt3vq4i5v00 text_length=13980 engine=pdf-textlayer
time=2026-08-21T20:25:41.778+02:00 level=INFO msg="No subscribers to send message" pubsub_uuid=Rc8EXumQGWwyMyDd3YaWSh message_uuid=3d42090c-2761-41e2-9f8e-9c5495e39e69 topic=message.EventAssetOCRCompleted
time=2026-08-21T20:25:41.838+02:00 level=INFO msg="starting text extraction for asset" id=da3gdteqbbt3vq4i68r0 filename=da3gdteqbbt3vq4i68r0-indizes-ws19-20-pdf
time=2026-08-21T20:25:41.932+02:00 level=INFO msg="text extraction completed successfully" id=da3gdteqbbt3vq4i68r0 text_length=9042 engine=pdf-textlayer
time=2026-08-21T20:25:41.941+02:00 level=INFO msg="No subscribers to send message" pubsub_uuid=Rc8EXumQGWwyMyDd3YaWSh message_uuid=10825871-4d93-4447-a03e-c07329f66d5e topic=message.EventAssetOCRCompleted
time=2026-08-21T20:25:41.948+02:00 level=INFO msg="starting text extraction for asset" id=da3gdteqbbt3vq4i6in0 filename=da3gdteqbbt3vq4i6in0-keramik_phk_winter_2019-pdf
time=2026-08-21T20:25:41.984+02:00 level=INFO msg="text extraction completed successfully" id=da3gdteqbbt3vq4i6in0 text_length=14295 engine=pdf-textlayer
time=2026-08-21T20:25:41.991+02:00 level=INFO msg="No subscribers to send message" pubsub_uuid=Rc8EXumQGWwyMyDd3YaWSh message_uuid=928445e7-eeeb-4ef6-b3d7-ce7326af5453 topic=message.EventAssetOCRCompleted
time=2026-08-21T20:25:42.001+02:00 level=INFO msg="starting text extraction for asset" id=da3gdteqbbt3vq4i6sk0 filename=da3gdteqbbt3vq4i6sk0-marc_ks_ws1920-kopie-pdf
time=2026-08-21T20:25:42.008+02:00 level=INFO msg="text extraction completed successfully" id=da3gdteqbbt3vq4i6sk0 text_length=2596 engine=pdf-textlayer
time=2026-08-21T20:25:42.012+02:00 level=INFO msg="No subscribers to send message" pubsub_uuid=Rc8EXumQGWwyMyDd3YaWSh message_uuid=b31ff6dd-ccc7-46c7-b6c2-ec034b6a5ed8 topic=message.EventAssetOCRCompleted
time=2026-08-21T20:25:42.038+02:00 level=INFO msg="starting text extraction for asset" id=da3gdteqbbt3vq4i76i0 filename=da3gdteqbbt3vq4i76i0-zemente-ws19_20-pdf
time=2026-08-21T20:25:42.082+02:00 level=INFO msg="text extraction completed successfully" id=da3gdteqbbt3vq4i76i0 text_length=13235 engine=pdf-textlayer
time=2026-08-21T20:25:42.088+02:00 level=INFO msg="No subscribers to send message" pubsub_uuid=Rc8EXumQGWwyMyDd3YaWSh topic=message.EventAssetOCRCompleted message_uuid=420a4c7e-e828-49bc-b717-2aaf5680c4f1
time=2026-08-21T20:25:42.091+02:00 level=INFO msg="starting text extraction for asset" id=da3gdteqbbt3vq4i7gh0 filename=da3gdteqbbt3vq4i7gh0-adhäsivtechnik-pdf
time=2026-08-21T20:25:42.109+02:00 level=INFO msg="text extraction completed successfully" id=da3gdteqbbt3vq4i7gh0 text_length=7101 engine=pdf-textlayer
time=2026-08-21T20:25:42.115+02:00 level=INFO msg="No subscribers to send message" pubsub_uuid=Rc8EXumQGWwyMyDd3YaWSh message_uuid=7175d7a4-58dd-4975-90ef-0ca2700e8030 topic=message.EventAssetOCRCompleted
time=2026-08-21T20:25:42.117+02:00 level=INFO msg="starting text extraction for asset" id=da3gdteqbbt3vq4i7qh0 filename=da3gdteqbbt3vq4i7qh0-bop-pdf
time=2026-08-21T20:25:42.124+02:00 level=INFO msg="text extraction completed successfully" id=da3gdteqbbt3vq4i7qh0 text_length=1141 engine=pdf-textlayer
time=2026-08-21T20:25:42.128+02:00 level=INFO msg="No subscribers to send message" pubsub_uuid=Rc8EXumQGWwyMyDd3YaWSh message_uuid=aea08974-8785-4121-812a-da6df7478ef3 topic=message.EventAssetOCRCompleted
time=2026-08-21T20:25:42.132+02:00 level=INFO msg="starting text extraction for asset" id=da3gdteqbbt3vq4i84i0 filename=da3gdteqbbt3vq4i84i0-dentinwundverband-unterfüllung-pdf
time=2026-08-21T20:25:42.145+02:00 level=INFO msg="text extraction completed successfully" id=da3gdteqbbt3vq4i84i0 text_length=13900 engine=pdf-textlayer
time=2026-08-21T20:25:42.151+02:00 level=INFO msg="No subscribers to send message" pubsub_uuid=Rc8EXumQGWwyMyDd3YaWSh topic=message.EventAssetOCRCompleted message_uuid=d13e37cb-07ed-44a9-9c02-f9351b4f31e8
time=2026-08-21T20:25:42.157+02:00 level=INFO msg="starting text extraction for asset" id=da3gdteqbbt3vq4i8ek0 filename=da3gdteqbbt3vq4i8ek0-ergonomie-pdf
time=2026-08-21T20:25:42.168+02:00 level=INFO msg="text extraction completed successfully" id=da3gdteqbbt3vq4i8ek0 text_length=1155 engine=pdf-textlayer
time=2026-08-21T20:25:42.172+02:00 level=INFO msg="No subscribers to send message" pubsub_uuid=Rc8EXumQGWwyMyDd3YaWSh message_uuid=46057fa0-9cc4-4304-8f45-79ac3f4120ce topic=message.EventAssetOCRCompleted
time=2026-08-21T20:25:42.177+02:00 level=INFO msg="starting text extraction for asset" id=da3gdteqbbt3vq4i8on0 filename=da3gdteqbbt3vq4i8on0-fissurenversiegelung-pdf
time=2026-08-21T20:25:42.185+02:00 level=INFO msg="text extraction completed successfully" id=da3gdteqbbt3vq4i8on0 text_length=2618 engine=pdf-textlayer
time=2026-08-21T20:25:42.189+02:00 level=INFO msg="No subscribers to send message" pubsub_uuid=Rc8EXumQGWwyMyDd3YaWSh message_uuid=c7eed1c7-559d-4b6f-9a09-cd47a84c9392 topic=message.EventAssetOCRCompleted
time=2026-08-21T20:25:42.192+02:00 level=INFO msg="starting text extraction for asset" id=da3gdteqbbt3vq4i92r0 filename=da3gdteqbbt3vq4i92r0-fluoride-pdf
time=2026-08-21T20:25:42.197+02:00 level=INFO msg="text extraction completed successfully" id=da3gdteqbbt3vq4i92r0 text_length=5036 engine=pdf-textlayer
time=2026-08-21T20:25:42.201+02:00 level=INFO msg="No subscribers to send message" pubsub_uuid=Rc8EXumQGWwyMyDd3YaWSh message_uuid=766eec73-0614-4472-b721-428d79de80bb topic=message.EventAssetOCRCompleted
time=2026-08-21T20:25:42.203+02:00 level=INFO msg="starting text extraction for asset" id=da3gdteqbbt3vq4i9d00 filename=da3gdteqbbt3vq4i9d00-glasionomer-zemente-pdf
time=2026-08-21T20:25:42.210+02:00 level=INFO msg="text extraction completed successfully" id=da3gdteqbbt3vq4i9d00 text_length=4953 engine=pdf-textlayer
time=2026-08-21T20:25:42.215+02:00 level=INFO msg="No subscribers to send message" pubsub_uuid=Rc8EXumQGWwyMyDd3YaWSh message_uuid=0b68ac0c-6560-4473-94e5-7e2004307db8 topic=message.EventAssetOCRCompleted
time=2026-08-21T20:25:42.219+02:00 level=INFO msg="starting text extraction for asset" id=da3gdtmqbbt3vq4i9n60 filename=da3gdtmqbbt3vq4i9n60-gussfüllung-pdf
time=2026-08-21T20:25:42.228+02:00 level=INFO msg="text extraction completed successfully" id=da3gdtmqbbt3vq4i9n60 text_length=7195 engine=pdf-textlayer
time=2026-08-21T20:25:42.233+02:00 level=INFO msg="No subscribers to send message" pubsub_uuid=Rc8EXumQGWwyMyDd3YaWSh message_uuid=c1db3626-3d33-4837-b45d-7926b9152dac topic=message.EventAssetOCRCompleted
time=2026-08-21T20:25:42.235+02:00 level=INFO msg="starting text extraction for asset" id=da3gdtmqbbt3vq4ia1d0 filename=da3gdtmqbbt3vq4ia1d0-handinstrumente-für-pa-behandlung-pdf
time=2026-08-21T20:25:42.241+02:00 level=INFO msg="text extraction completed successfully" id=da3gdtmqbbt3vq4ia1d0 text_length=3073 engine=pdf-textlayer
time=2026-08-21T20:25:42.244+02:00 level=INFO msg="No subscribers to send message" pubsub_uuid=Rc8EXumQGWwyMyDd3YaWSh topic=message.EventAssetOCRCompleted message_uuid=3d4cecd9-6fb9-4566-9e85-553a34f4c8b0
time=2026-08-21T20:25:42.249+02:00 level=INFO msg="starting text extraction for asset" id=da3gdtmqbbt3vq4iabl0 filename=da3gdtmqbbt3vq4iabl0-hygienevorlesung-pdf
time=2026-08-21T20:25:42.253+02:00 level=INFO msg="text extraction completed successfully" id=da3gdtmqbbt3vq4iabl0 text_length=2211 engine=pdf-textlayer
time=2026-08-21T20:25:42.257+02:00 level=INFO msg="No subscribers to send message" pubsub_uuid=Rc8EXumQGWwyMyDd3YaWSh message_uuid=366b7fc9-7331-4c44-825d-1b0ef328efcd topic=message.EventAssetOCRCompleted
time=2026-08-21T20:25:42.263+02:00 level=INFO msg="starting text extraction for asset" id=da3gdtmqbbt3vq4ialu0 filename=da3gdtmqbbt3vq4ialu0-kariologie-pdf
time=2026-08-21T20:25:42.278+02:00 level=INFO msg="text extraction completed successfully" id=da3gdtmqbbt3vq4ialu0 text_length=6640 engine=pdf-textlayer
time=2026-08-21T20:25:42.282+02:00 level=INFO msg="No subscribers to send message" pubsub_uuid=Rc8EXumQGWwyMyDd3YaWSh message_uuid=f62629f5-d830-42b2-9246-f65d095f2d27 topic=message.EventAssetOCRCompleted
time=2026-08-21T20:25:42.286+02:00 level=INFO msg="starting text extraction for asset" id=da3gdtmqbbt3vq4ib080 filename=da3gdtmqbbt3vq4ib080-kinderzahnheilkunde-pdf
time=2026-08-21T20:25:42.300+02:00 level=INFO msg="text extraction completed successfully" id=da3gdtmqbbt3vq4ib080 text_length=10426 engine=pdf-textlayer
time=2026-08-21T20:25:42.305+02:00 level=INFO msg="No subscribers to send message" pubsub_uuid=Rc8EXumQGWwyMyDd3YaWSh message_uuid=c02b3c10-9c49-4152-b6be-c92c81ce240d topic=message.EventAssetOCRCompleted
time=2026-08-21T20:25:42.316+02:00 level=INFO msg="starting text extraction for asset" id=da3gdtmqbbt3vq4ibaj0 filename=da3gdtmqbbt3vq4ibaj0-kofferdam-pdf
time=2026-08-21T20:25:42.323+02:00 level=INFO msg="text extraction completed successfully" id=da3gdtmqbbt3vq4ibaj0 text_length=5442 engine=pdf-textlayer
time=2026-08-21T20:25:42.327+02:00 level=INFO msg="No subscribers to send message" pubsub_uuid=Rc8EXumQGWwyMyDd3YaWSh message_uuid=2995de72-e215-43cd-be24-c0cb61d6ba2d topic=message.EventAssetOCRCompleted
time=2026-08-21T20:25:42.330+02:00 level=INFO msg="starting text extraction for asset" id=da3gdtmqbbt3vq4ibkv0 filename=da3gdtmqbbt3vq4ibkv0-komposite-pdf
time=2026-08-21T20:25:42.340+02:00 level=INFO msg="text extraction completed successfully" id=da3gdtmqbbt3vq4ibkv0 text_length=6715 engine=pdf-textlayer
time=2026-08-21T20:25:42.345+02:00 level=INFO msg="No subscribers to send message" pubsub_uuid=Rc8EXumQGWwyMyDd3YaWSh message_uuid=17bd7044-dc40-4a35-9b7f-11de19b3f834 topic=message.EventAssetOCRCompleted
time=2026-08-21T20:25:42.348+02:00 level=INFO msg="starting text extraction for asset" id=da3gdtmqbbt3vq4ibvc0 filename=da3gdtmqbbt3vq4ibvc0-kompositflg_fz_pk-ws13-14-pdf
time=2026-08-21T20:25:42.361+02:00 level=INFO msg="text extraction completed successfully" id=da3gdtmqbbt3vq4ibvc0 text_length=2445 engine=pdf-textlayer
time=2026-08-21T20:25:42.366+02:00 level=INFO msg="No subscribers to send message" pubsub_uuid=Rc8EXumQGWwyMyDd3YaWSh message_uuid=0174d738-b10c-4823-89ae-eeed7f61f8f3 topic=message.EventAssetOCRCompleted
time=2026-08-21T20:25:42.370+02:00 level=INFO msg="starting text extraction for asset" id=da3gdtmqbbt3vq4ic9q0 filename=da3gdtmqbbt3vq4ic9q0-kompositflg_sz_pk-ws13-14-pdf
time=2026-08-21T20:25:42.382+02:00 level=INFO msg="text extraction completed successfully" id=da3gdtmqbbt3vq4ic9q0 text_length=1578 engine=pdf-textlayer
time=2026-08-21T20:25:42.387+02:00 level=INFO msg="No subscribers to send message" pubsub_uuid=Rc8EXumQGWwyMyDd3YaWSh message_uuid=2a8df0fa-6a4d-4097-b180-8e66abbed985 topic=message.EventAssetOCRCompleted
time=2026-08-21T20:25:42.390+02:00 level=INFO msg="starting text extraction for asset" id=da3gdtmqbbt3vq4ick90 filename=da3gdtmqbbt3vq4ick90-kompositfüllung-im-frontzahngebiet-pdf
time=2026-08-21T20:25:42.395+02:00 level=INFO msg="text extraction completed successfully" id=da3gdtmqbbt3vq4ick90 text_length=3172 engine=pdf-textlayer
time=2026-08-21T20:25:42.398+02:00 level=INFO msg="No subscribers to send message" pubsub_uuid=Rc8EXumQGWwyMyDd3YaWSh message_uuid=d81fb1cc-dd28-48e2-a769-daaceb421cfd topic=message.EventAssetOCRCompleted
time=2026-08-21T20:25:42.402+02:00 level=INFO msg="starting text extraction for asset" id=da3gdtmqbbt3vq4icup0 filename=da3gdtmqbbt3vq4icup0-kompositfüllung-im-seitenzahngebiet-pdf
time=2026-08-21T20:25:42.409+02:00 level=INFO msg="text extraction completed successfully" id=da3gdtmqbbt3vq4icup0 text_length=3755 engine=pdf-textlayer
time=2026-08-21T20:25:42.415+02:00 level=INFO msg="No subscribers to send message" pubsub_uuid=Rc8EXumQGWwyMyDd3YaWSh message_uuid=322d0128-6463-4810-9041-fbcef2d3a433 topic=message.EventAssetOCRCompleted
time=2026-08-21T20:25:42.420+02:00 level=INFO msg="starting text extraction for asset" id=da3gdtmqbbt3vq4id9a0 filename=da3gdtmqbbt3vq4id9a0-pzm-iiia-pdf
time=2026-08-21T20:25:42.438+02:00 level=INFO msg="text extraction completed successfully" id=da3gdtmqbbt3vq4id9a0 text_length=7820 engine=pdf-textlayer
time=2026-08-21T20:25:42.443+02:00 level=INFO msg="No subscribers to send message" pubsub_uuid=Rc8EXumQGWwyMyDd3YaWSh message_uuid=8d5bb029-95a7-47eb-bdb9-61a5b3ad8b69 topic=message.EventAssetOCRCompleted
time=2026-08-21T20:25:42.447+02:00 level=INFO msg="starting text extraction for asset" id=da3gdtmqbbt3vq4idjs0 filename=da3gdtmqbbt3vq4idjs0-pzm-iiib-pdf
time=2026-08-21T20:25:42.464+02:00 level=INFO msg="text extraction completed successfully" id=da3gdtmqbbt3vq4idjs0 text_length=6451 engine=pdf-textlayer
time=2026-08-21T20:25:42.469+02:00 level=INFO msg="No subscribers to send message" pubsub_uuid=Rc8EXumQGWwyMyDd3YaWSh message_uuid=d6f7d3ff-39d3-402e-b859-7172b7147138 topic=message.EventAssetOCRCompleted
time=2026-08-21T20:25:42.472+02:00 level=INFO msg="starting text extraction for asset" id=da3gdtmqbbt3vq4iduf0 filename=da3gdtmqbbt3vq4iduf0-pzm-vii-pdf
time=2026-08-21T20:25:42.494+02:00 level=INFO msg="text extraction completed successfully" id=da3gdtmqbbt3vq4iduf0 text_length=8905 engine=pdf-textlayer
time=2026-08-21T20:25:42.500+02:00 level=INFO msg="No subscribers to send message" pubsub_uuid=Rc8EXumQGWwyMyDd3YaWSh message_uuid=ad9eabe4-63c3-4163-8062-55d2f1ee4057 topic=message.EventAssetOCRCompleted
time=2026-08-21T20:25:42.504+02:00 level=INFO msg="starting text extraction for asset" id=da3gdtmqbbt3vq4ie930 filename=da3gdtmqbbt3vq4ie930-parodontologie-pdf
time=2026-08-21T20:25:42.515+02:00 level=INFO msg="text extraction completed successfully" id=da3gdtmqbbt3vq4ie930 text_length=9143 engine=pdf-textlayer
time=2026-08-21T20:25:42.519+02:00 level=INFO msg="No subscribers to send message" pubsub_uuid=Rc8EXumQGWwyMyDd3YaWSh message_uuid=2beef8d7-05c7-4f59-8910-f7f171c2ded1 topic=message.EventAssetOCRCompleted
time=2026-08-21T20:25:42.527+02:00 level=INFO msg="starting text extraction for asset" id=da3gdtmqbbt3vq4iejo0 filename=da3gdtmqbbt3vq4iejo0-prophylaxe-mundhygiene-pdf
time=2026-08-21T20:25:42.535+02:00 level=INFO msg="text extraction completed successfully" id=da3gdtmqbbt3vq4iejo0 text_length=4684 engine=pdf-textlayer
time=2026-08-21T20:25:42.538+02:00 level=INFO msg="No subscribers to send message" pubsub_uuid=Rc8EXumQGWwyMyDd3YaWSh message_uuid=bb621439-d0f8-4a6c-98f3-50ddfd91e1dd topic=message.EventAssetOCRCompleted
time=2026-08-21T20:25:42.541+02:00 level=INFO msg="starting text extraction for asset" id=da3gdtmqbbt3vq4ieue0 filename=da3gdtmqbbt3vq4ieue0-rotierende-instrumente-pdf
time=2026-08-21T20:25:42.546+02:00 level=INFO msg="text extraction completed successfully" id=da3gdtmqbbt3vq4ieue0 text_length=3612 engine=pdf-textlayer
time=2026-08-21T20:25:42.549+02:00 level=INFO msg="No subscribers to send message" pubsub_uuid=Rc8EXumQGWwyMyDd3YaWSh message_uuid=e7d84086-eb13-4fe8-9dd7-1a85768fa364 topic=message.EventAssetOCRCompleted
time=2026-08-21T20:25:42.551+02:00 level=INFO msg="starting text extraction for asset" id=da3gdtmqbbt3vq4if950 filename=da3gdtmqbbt3vq4if950-schärfen-von-parodontalinstrumenten-pdf
time=2026-08-21T20:25:42.555+02:00 level=INFO msg="text extraction completed successfully" id=da3gdtmqbbt3vq4if950 text_length=1642 engine=pdf-textlayer
time=2026-08-21T20:25:42.558+02:00 level=INFO msg="No subscribers to send message" pubsub_uuid=Rc8EXumQGWwyMyDd3YaWSh message_uuid=78491cc5-a1cf-41a4-a5e6-01add99065a2 topic=message.EventAssetOCRCompleted
time=2026-08-21T20:25:42.561+02:00 level=INFO msg="starting text extraction for asset" id=da3gdtuqbbt3vq4ifjt0 filename=da3gdtuqbbt3vq4ifjt0-speicheltest-pdf
time=2026-08-21T20:25:42.567+02:00 level=INFO msg="text extraction completed successfully" id=da3gdtuqbbt3vq4ifjt0 text_length=1078 engine=pdf-textlayer
time=2026-08-21T20:25:42.570+02:00 level=INFO msg="No subscribers to send message" pubsub_uuid=Rc8EXumQGWwyMyDd3YaWSh message_uuid=b8a14040-08fe-49ff-a3ae-80a4296cdf67 topic=message.EventAssetOCRCompleted
time=2026-08-21T20:25:42.572+02:00 level=INFO msg="starting text extraction for asset" id=da3gdtuqbbt3vq4ifum0 filename=da3gdtuqbbt3vq4ifum0-zahnfarbene-einlagefüllungen-pdf
time=2026-08-21T20:25:42.577+02:00 level=INFO msg="text extraction completed successfully" id=da3gdtuqbbt3vq4ifum0 text_length=4117 engine=pdf-textlayer
time=2026-08-21T20:25:42.581+02:00 level=INFO msg="No subscribers to send message" pubsub_uuid=Rc8EXumQGWwyMyDd3YaWSh message_uuid=5e8c32c1-41bb-45ec-bccb-60d231838e8c topic=message.EventAssetOCRCompleted
time=2026-08-21T20:25:42.582+02:00 level=INFO msg="starting text extraction for asset" id=da3gdtuqbbt3vq4ig9g0 filename=da3gdtuqbbt3vq4ig9g0-biostoffverordnung-pdf
time=2026-08-21T20:25:42.614+02:00 level=INFO msg="text extraction completed successfully" id=da3gdtuqbbt3vq4ig9g0 text_length=39617 engine=pdf-textlayer
time=2026-08-21T20:25:42.621+02:00 level=INFO msg="No subscribers to send message" pubsub_uuid=Rc8EXumQGWwyMyDd3YaWSh message_uuid=dce5ff51-03a1-4ca3-9080-ed1c312b814f topic=message.EventAssetOCRCompleted
time=2026-08-21T20:25:42.623+02:00 level=INFO msg="starting text extraction for asset" id=da3gdtuqbbt3vq4igkb0 filename=da3gdtuqbbt3vq4igkb0-dms-iv-zahlen-pdf
time=2026-08-21T20:25:42.627+02:00 level=INFO msg="text extraction completed successfully" id=da3gdtuqbbt3vq4igkb0 text_length=745 engine=pdf-textlayer
time=2026-08-21T20:25:42.631+02:00 level=INFO msg="No subscribers to send message" pubsub_uuid=Rc8EXumQGWwyMyDd3YaWSh message_uuid=f642b8e3-f9e9-4305-bdcb-f4785bf35b4f topic=message.EventAssetOCRCompleted
time=2026-08-21T20:25:42.632+02:00 level=INFO msg="starting text extraction for asset" id=da3gdtuqbbt3vq4igv70 filename=da3gdtuqbbt3vq4igv70-dms-iv-pdf
time=2026-08-21T20:25:42.644+02:00 level=INFO msg="text extraction completed successfully" id=da3gdtuqbbt3vq4igv70 text_length=44786 engine=pdf-textlayer
time=2026-08-21T20:25:42.650+02:00 level=INFO msg="No subscribers to send message" pubsub_uuid=Rc8EXumQGWwyMyDd3YaWSh message_uuid=b53b5a80-c501-4c5f-80f7-b52d7fa0b2ff topic=message.EventAssetOCRCompleted
time=2026-08-21T20:25:42.657+02:00 level=INFO msg="starting text extraction for asset" id=da3gdtuqbbt3vq4iha40 filename=da3gdtuqbbt3vq4iha40-embryologie-der-zähne-pdf
time=2026-08-21T20:25:42.661+02:00 level=INFO msg="text extraction completed successfully" id=da3gdtuqbbt3vq4iha40 text_length=75 engine=pdf-textlayer
time=2026-08-21T20:25:42.665+02:00 level=INFO msg="No subscribers to send message" pubsub_uuid=Rc8EXumQGWwyMyDd3YaWSh topic=message.EventAssetOCRCompleted message_uuid=41f352af-9ff0-44b0-abb3-7dddd2ffd085
time=2026-08-21T20:25:42.680+02:00 level=INFO msg="starting text extraction for asset" id=da3gdtuqbbt3vq4ihl20 filename=da3gdtuqbbt3vq4ihl20-embryologie-pdf
time=2026-08-21T20:25:42.684+02:00 level=INFO msg="text extraction completed successfully" id=da3gdtuqbbt3vq4ihl20 text_length=99 engine=pdf-textlayer
time=2026-08-21T20:25:42.687+02:00 level=INFO msg="No subscribers to send message" pubsub_uuid=Rc8EXumQGWwyMyDd3YaWSh message_uuid=5caff108-3aa0-4496-9272-6ade7229bd77 topic=message.EventAssetOCRCompleted
time=2026-08-21T20:25:42.688+02:00 level=INFO msg="starting text extraction for asset" id=da3gdtuqbbt3vq4ii010 filename=da3gdtuqbbt3vq4ii010-klinische-diagnostik-pdf
time=2026-08-21T20:25:42.693+02:00 level=INFO msg="text extraction completed successfully" id=da3gdtuqbbt3vq4ii010 text_length=983 engine=pdf-textlayer
time=2026-08-21T20:25:42.696+02:00 level=INFO msg="No subscribers to send message" pubsub_uuid=Rc8EXumQGWwyMyDd3YaWSh message_uuid=d8646c46-228b-4250-be30-0d2fcfe2d6d8 topic=message.EventAssetOCRCompleted
time=2026-08-21T20:25:42.697+02:00 level=INFO msg="starting text extraction for asset" id=da3gdtuqbbt3vq4iib10 filename=da3gdtuqbbt3vq4iib10-pulpitis-nach-meyer-pdf
time=2026-08-21T20:25:42.701+02:00 level=INFO msg="text extraction completed successfully" id=da3gdtuqbbt3vq4iib10 text_length=328 engine=pdf-textlayer
time=2026-08-21T20:25:42.704+02:00 level=INFO msg="No subscribers to send message" pubsub_uuid=Rc8EXumQGWwyMyDd3YaWSh message_uuid=5bb61661-f4c3-4db5-bb18-98e1e240dcc9 topic=message.EventAssetOCRCompleted
time=2026-08-21T20:25:42.706+02:00 level=INFO msg="starting text extraction for asset" id=da3gdtuqbbt3vq4iim20 filename=da3gdtuqbbt3vq4iim20-schädigung-der-pulpa-pdf
time=2026-08-21T20:25:42.710+02:00 level=INFO msg="text extraction completed successfully" id=da3gdtuqbbt3vq4iim20 text_length=355 engine=pdf-textlayer
time=2026-08-21T20:25:42.714+02:00 level=INFO msg="No subscribers to send message" pubsub_uuid=Rc8EXumQGWwyMyDd3YaWSh topic=message.EventAssetOCRCompleted message_uuid=e62c0b8b-777e-4617-815d-990a0e29bef9
time=2026-08-21T20:25:42.715+02:00 level=INFO msg="starting text extraction for asset" id=da3gdtuqbbt3vq4ij140 filename=da3gdtuqbbt3vq4ij140-spülungen-pdf
time=2026-08-21T20:25:42.721+02:00 level=INFO msg="text extraction completed successfully" id=da3gdtuqbbt3vq4ij140 text_length=1324 engine=pdf-textlayer
time=2026-08-21T20:25:42.725+02:00 level=INFO msg="No subscribers to send message" pubsub_uuid=Rc8EXumQGWwyMyDd3YaWSh message_uuid=1e6d0bd0-5613-47ea-9925-85e8a25cceb3 topic=message.EventAssetOCRCompleted
time=2026-08-21T20:25:42.734+02:00 level=INFO msg="starting text extraction for asset" id=da3gdtuqbbt3vq4ijc70 filename=da3gdtuqbbt3vq4ijc70-kariesinfiltration-pdf
time=2026-08-21T20:25:42.792+02:00 level=INFO msg="text extraction completed successfully" id=da3gdtuqbbt3vq4ijc70 text_length=54980 engine=pdf-textlayer
time=2026-08-21T20:25:42.800+02:00 level=INFO msg="No subscribers to send message" pubsub_uuid=Rc8EXumQGWwyMyDd3YaWSh message_uuid=23a010b1-2918-409d-9c8c-6b40a94fe4e1 topic=message.EventAssetOCRCompleted
time=2026-08-21T20:25:42.803+02:00 level=INFO msg="starting text extraction for asset" id=da3gdtuqbbt3vq4ijnb0 filename=da3gdtuqbbt3vq4ijnb0-keramiken-übersicht-federlin-pdf
time=2026-08-21T20:25:42.807+02:00 level=WARN msg="pdf text layer extraction failed, will try rasterisation fallback" error="unsupported PDF: encryption version V=4; <</CF <</StdCF <</AuthEvent /DocOpen /CFM /V2 /Length 16>>>> /Filter /Standard /Length 128 /O \"kÊÞ8¾˙“•Kšªbıﬁ&î\\\"ÓÏ\\\\ÎªKxQîkø.³#¬\" /P -3388 /R 4 /StmF /StdCF /StrF /StdCF /U \"\\xab\\xfc\\xb1\\x9bG[\\x89\\xb2\\xca0\\x13b\\x16\\xb2\\\"\\x00\\x00\\x00\\x00\\x00\\x00\\x00\\x00\\x00\\x00\\x00\\x00\\x00\\x00\\x00\\x00\\x00\" /V 4>>"
time=2026-08-21T20:25:44.957+02:00 level=WARN msg="OCR engine unavailable, skipping asset" id=da3gdtuqbbt3vq4ijnb0
time=2026-08-21T20:25:44.988+02:00 level=INFO msg="starting text extraction for asset" id=da3gdtuqbbt3vq4ik2g0 filename=da3gdtuqbbt3vq4ik2g0-keramiken-übersicht-pdf
time=2026-08-21T20:25:44.997+02:00 level=INFO msg="text extraction completed successfully" id=da3gdtuqbbt3vq4ik2g0 text_length=1735 engine=pdf-textlayer
time=2026-08-21T20:25:45.000+02:00 level=INFO msg="No subscribers to send message" pubsub_uuid=Rc8EXumQGWwyMyDd3YaWSh topic=message.EventAssetOCRCompleted message_uuid=a3a6b252-6b47-4a7b-b31d-62fb5dbfcef3
time=2026-08-21T20:25:45.007+02:00 level=INFO msg="starting text extraction for asset" id=da3gdtuqbbt3vq4ikot0 filename=da3gdtuqbbt3vq4ikot0-paro-endo-läsion-pdf
time=2026-08-21T20:25:45.021+02:00 level=INFO msg="text extraction completed successfully" id=da3gdtuqbbt3vq4ikot0 text_length=30364 engine=pdf-textlayer
time=2026-08-21T20:25:45.026+02:00 level=INFO msg="No subscribers to send message" pubsub_uuid=Rc8EXumQGWwyMyDd3YaWSh message_uuid=99d099d2-48b3-4182-a07e-85891c17a230 topic=message.EventAssetOCRCompleted
time=2026-08-21T20:25:45.031+02:00 level=INFO msg="starting text extraction for asset" id=da3gdtuqbbt3vq4il450 filename=da3gdtuqbbt3vq4il450-resektive-pa-chirurgie-pdf
time=2026-08-21T20:25:45.051+02:00 level=INFO msg="text extraction completed successfully" id=da3gdtuqbbt3vq4il450 text_length=57758 engine=pdf-textlayer
time=2026-08-21T20:25:45.058+02:00 level=INFO msg="No subscribers to send message" pubsub_uuid=Rc8EXumQGWwyMyDd3YaWSh message_uuid=7fe6fbcb-5a8f-42b7-921e-62804d3fb465 topic=message.EventAssetOCRCompleted
time=2026-08-21T20:25:45.060+02:00 level=INFO msg="starting text extraction for asset" id=da3gdtuqbbt3vq4ilfe0 filename=da3gdtuqbbt3vq4ilfe0-wechselwirkungen-zwischen-parodontalen-und-systemischen-erkrankungen-pdf
time=2026-08-21T20:25:45.081+02:00 level=INFO msg="text extraction completed successfully" id=da3gdtuqbbt3vq4ilfe0 text_length=57876 engine=pdf-textlayer
time=2026-08-21T20:25:45.193+02:00 level=INFO msg="No subscribers to send message" pubsub_uuid=Rc8EXumQGWwyMyDd3YaWSh message_uuid=4db7ae7c-07a3-4619-bc03-5a7a262b8582 topic=message.EventAssetOCRCompleted
time=2026-08-21T20:25:45.195+02:00 level=INFO msg="starting text extraction for asset" id=da3gdtuqbbt3vq4ilqo0 filename=da3gdtuqbbt3vq4ilqo0-emdogain-pdf
time=2026-08-21T20:25:45.200+02:00 level=INFO msg="text extraction completed successfully" id=da3gdtuqbbt3vq4ilqo0 text_length=4432 engine=pdf-textlayer
time=2026-08-21T20:25:45.203+02:00 level=INFO msg="No subscribers to send message" pubsub_uuid=Rc8EXumQGWwyMyDd3YaWSh message_uuid=c73c4b18-72e0-44f1-b7bf-76b3c6325d8f topic=message.EventAssetOCRCompleted
time=2026-08-21T20:25:45.214+02:00 level=INFO msg="starting text extraction for asset" id=da3gdu6qbbt3vq4imss0 filename=da3gdu6qbbt3vq4imss0-kleben-oder-zementieren-pdf
time=2026-08-21T20:25:45.219+02:00 level=INFO msg="text extraction completed successfully" id=da3gdu6qbbt3vq4imss0 text_length=11928 engine=pdf-textlayer
time=2026-08-21T20:25:45.224+02:00 level=INFO msg="No subscribers to send message" pubsub_uuid=Rc8EXumQGWwyMyDd3YaWSh message_uuid=1dbaac6e-6efd-45bd-aa20-c1281f0d1343 topic=message.EventAssetOCRCompleted
time=2026-08-21T20:25:45.229+02:00 level=INFO msg="starting text extraction for asset" id=da3gdu6qbbt3vq4injp0 filename=da3gdu6qbbt3vq4injp0-protaper-pdf
time=2026-08-21T20:25:45.236+02:00 level=INFO msg="text extraction completed successfully" id=da3gdu6qbbt3vq4injp0 text_length=30889 engine=pdf-textlayer
time=2026-08-21T20:25:45.241+02:00 level=INFO msg="No subscribers to send message" pubsub_uuid=Rc8EXumQGWwyMyDd3YaWSh message_uuid=d4e7331e-b1db-410c-be9f-b40d131384c6 topic=message.EventAssetOCRCompleted
time=2026-08-21T20:25:45.247+02:00 level=INFO msg="starting text extraction for asset" id=da3gdu6qbbt3vq4inv90 filename=da3gdu6qbbt3vq4inv90-adhaesivskript-pdf
time=2026-08-21T20:25:45.266+02:00 level=INFO msg="text extraction completed successfully" id=da3gdu6qbbt3vq4inv90 text_length=80439 engine=pdf-textlayer
time=2026-08-21T20:25:45.273+02:00 level=INFO msg="No subscribers to send message" pubsub_uuid=Rc8EXumQGWwyMyDd3YaWSh message_uuid=041ad76c-e310-46c0-9014-f12adbbf5953 topic=message.EventAssetOCRCompleted
time=2026-08-21T20:25:45.274+02:00 level=WARN msg="skipping OCR processing because file exceeds size limit" id=da3gdu6qbbt3vq4ioaq0 size=299222437
time=2026-08-21T20:25:45.293+02:00 level=INFO msg="starting text extraction for asset" id=da3gdueqbbt3vq4ipp80 filename=da3gdueqbbt3vq4ipp80-speichelskript-pdf
time=2026-08-21T20:25:45.307+02:00 level=INFO msg="text extraction completed successfully" id=da3gdueqbbt3vq4ipp80 text_length=94379 engine=pdf-textlayer
time=2026-08-21T20:25:45.315+02:00 level=INFO msg="No subscribers to send message" pubsub_uuid=Rc8EXumQGWwyMyDd3YaWSh topic=message.EventAssetOCRCompleted message_uuid=2c3dcdb8-5d85-4331-9465-a7e74cf27f0a
time=2026-08-21T20:25:45.342+02:00 level=INFO msg="starting text extraction for asset" id=da3gdumqbbt3vq4iq550 filename=da3gdumqbbt3vq4iq550-lokalanästhesien-zusammenfassung-pdf
time=2026-08-21T20:25:45.513+02:00 level=INFO msg="text extraction completed successfully" id=da3gdumqbbt3vq4iq550 text_length=14420 engine=pdf-textlayer
time=2026-08-21T20:25:45.522+02:00 level=INFO msg="No subscribers to send message" pubsub_uuid=Rc8EXumQGWwyMyDd3YaWSh message_uuid=1f682e10-72d5-4287-9b78-48f883801850 topic=message.EventAssetOCRCompleted
time=2026-08-21T20:25:45.534+02:00 level=INFO msg="starting text extraction for asset" id=da3gdumqbbt3vq4iq5d0 filename=da3gdumqbbt3vq4iq5d0-hygiene-spörl-pdf
time=2026-08-21T20:25:45.565+02:00 level=INFO msg="text extraction completed successfully" id=da3gdumqbbt3vq4iq5d0 text_length=9921 engine=pdf-textlayer
time=2026-08-21T20:25:45.570+02:00 level=INFO msg="No subscribers to send message" pubsub_uuid=Rc8EXumQGWwyMyDd3YaWSh message_uuid=76b0a72b-8905-4652-ae8f-d9ccb37fad08 topic=message.EventAssetOCRCompleted
time=2026-08-21T20:25:45.606+02:00 level=INFO msg="starting text extraction for asset" id=da3gdumqbbt3vq4iq5m0 filename=da3gdumqbbt3vq4iq5m0-leitungsanästhesie-ii-maurer-pdf
time=2026-08-21T20:25:45.629+02:00 level=INFO msg="text extraction completed successfully" id=da3gdumqbbt3vq4iq5m0 text_length=6029 engine=pdf-textlayer
time=2026-08-21T20:25:45.634+02:00 level=INFO msg="No subscribers to send message" pubsub_uuid=Rc8EXumQGWwyMyDd3YaWSh message_uuid=bf6b63bc-81de-4550-8a40-3414627e836b topic=message.EventAssetOCRCompleted
time=2026-08-21T20:25:45.653+02:00 level=INFO msg="starting text extraction for asset" id=da3gdumqbbt3vq4iq600 filename=da3gdumqbbt3vq4iq600-notfälle-zahnmedizin-seyfried-pdf
time=2026-08-21T20:25:45.721+02:00 level=INFO msg="text extraction completed successfully" id=da3gdumqbbt3vq4iq600 text_length=27728 engine=pdf-textlayer
time=2026-08-21T20:25:45.731+02:00 level=INFO msg="No subscribers to send message" pubsub_uuid=Rc8EXumQGWwyMyDd3YaWSh message_uuid=4138fd54-7cbe-4ea9-883b-019a2cbeab30 topic=message.EventAssetOCRCompleted
time=2026-08-21T20:25:45.741+02:00 level=INFO msg="starting text extraction for asset" id=da3gdumqbbt3vq4iq6b0 filename=da3gdumqbbt3vq4iq6b0-pharmakologie-lokalanästhetika-spanier-pdf
time=2026-08-21T20:25:45.760+02:00 level=INFO msg="text extraction completed successfully" id=da3gdumqbbt3vq4iq6b0 text_length=19323 engine=pdf-textlayer
time=2026-08-21T20:25:45.765+02:00 level=INFO msg="No subscribers to send message" pubsub_uuid=Rc8EXumQGWwyMyDd3YaWSh message_uuid=340bd015-d64e-4fb2-af45-8eca541f0662 topic=message.EventAssetOCRCompleted
time=2026-08-21T20:25:45.771+02:00 level=INFO msg="starting text extraction for asset" id=da3gdumqbbt3vq4iq6n0 filename=da3gdumqbbt3vq4iq6n0-schmerztherapie-roth-pdf
time=2026-08-21T20:25:45.792+02:00 level=INFO msg="text extraction completed successfully" id=da3gdumqbbt3vq4iq6n0 text_length=17332 engine=pdf-textlayer
time=2026-08-21T20:25:45.798+02:00 level=INFO msg="No subscribers to send message" pubsub_uuid=Rc8EXumQGWwyMyDd3YaWSh message_uuid=246ba555-9c53-4aec-987a-a2f28b6bc9e1 topic=message.EventAssetOCRCompleted
time=2026-08-21T20:25:45.819+02:00 level=INFO msg="starting text extraction for asset" id=da3gdumqbbt3vq4iq740 filename=da3gdumqbbt3vq4iq740-zahnextraktionen-heimer-pdf
time=2026-08-21T20:25:45.835+02:00 level=INFO msg="text extraction completed successfully" id=da3gdumqbbt3vq4iq740 text_length=14425 engine=pdf-textlayer
time=2026-08-21T20:25:45.840+02:00 level=INFO msg="No subscribers to send message" pubsub_uuid=Rc8EXumQGWwyMyDd3YaWSh message_uuid=75312260-8efa-4300-802d-d44359fbcf4c topic=message.EventAssetOCRCompleted
time=2026-08-21T20:25:45.850+02:00 level=INFO msg="starting text extraction for asset" id=da3gdumqbbt3vq4iq7i0 filename=da3gdumqbbt3vq4iq7i0-zä-chirurgie-müller-pdf
time=2026-08-21T20:25:45.888+02:00 level=INFO msg="text extraction completed successfully" id=da3gdumqbbt3vq4iq7i0 text_length=26323 engine=pdf-textlayer
time=2026-08-21T20:25:45.894+02:00 level=INFO msg="No subscribers to send message" pubsub_uuid=Rc8EXumQGWwyMyDd3YaWSh message_uuid=ebc2d9e6-e28b-4491-a4b0-11794f288300 topic=message.EventAssetOCRCompleted
time=2026-08-21T20:25:45.976+02:00 level=INFO msg="starting text extraction for asset" id=da3gdumqbbt3vq4iq810 filename=da3gdumqbbt3vq4iq810-zahnmedizinische-notfälle-pdf
time=2026-08-21T20:25:46.162+02:00 level=INFO msg="text extraction completed successfully" id=da3gdumqbbt3vq4iq810 text_length=23816 engine=pdf-textlayer
time=2026-08-21T20:25:46.171+02:00 level=INFO msg="No subscribers to send message" pubsub_uuid=Rc8EXumQGWwyMyDd3YaWSh message_uuid=640fee9f-2ebd-483a-930f-d832f89666a5 topic=message.EventAssetOCRCompleted
time=2026-08-21T20:25:46.174+02:00 level=INFO msg="starting text extraction for asset" id=da3gdumqbbt3vq4iq8h0 filename=da3gdumqbbt3vq4iq8h0-kleine-instrumentenkunde-pdf
time=2026-08-21T20:25:46.178+02:00 level=WARN msg="pdf text layer extraction failed, will try rasterisation fallback" error="not a PDF file: missing %%EOF"
time=2026-08-21T20:25:50.378+02:00 level=WARN msg="OCR engine unavailable, skipping asset" id=da3gdumqbbt3vq4iq8h0
time=2026-08-21T20:25:50.420+02:00 level=INFO msg="starting text extraction for asset" id=da3gdumqbbt3vq4iq920 filename=da3gdumqbbt3vq4iq920-mkg-instrumente-pdf
time=2026-08-21T20:26:06.964+02:00 level=INFO msg="text extraction completed successfully" id=da3gdumqbbt3vq4iq920 text_length=1 engine=pdf-textlayer-weak
time=2026-08-21T20:26:06.970+02:00 level=INFO msg="No subscribers to send message" pubsub_uuid=Rc8EXumQGWwyMyDd3YaWSh message_uuid=421677dc-c5ac-4590-9066-9812592e7094 topic=message.EventAssetOCRCompleted
time=2026-08-21T20:26:06.980+02:00 level=INFO msg="starting text extraction for asset" id=da3gdumqbbt3vq4iq9k0 filename=da3gdumqbbt3vq4iq9k0-op-wochen-anleitung-pdf
time=2026-08-21T20:26:07.011+02:00 level=INFO msg="text extraction completed successfully" id=da3gdumqbbt3vq4iq9k0 text_length=19933 engine=pdf-textlayer
time=2026-08-21T20:26:07.017+02:00 level=INFO msg="No subscribers to send message" pubsub_uuid=Rc8EXumQGWwyMyDd3YaWSh message_uuid=894b482d-4594-4ee9-8a3c-ad2ca5f9a099 topic=message.EventAssetOCRCompleted
time=2026-08-21T20:26:07.230+02:00 level=WARN msg="skipping OCR processing because file exceeds size limit" id=da3gdveqbbt3vq4it240 size=372849301
time=2026-08-21T20:26:07.248+02:00 level=INFO msg="starting text extraction for asset" id=da3gdveqbbt3vq4it710 filename=da3gdveqbbt3vq4it710-angular-and-lateral-body-fractures-pdf
time=2026-08-21T20:26:07.282+02:00 level=INFO msg="text extraction completed successfully" id=da3gdveqbbt3vq4it710 text_length=4816 engine=pdf-textlayer
time=2026-08-21T20:26:07.286+02:00 level=INFO msg="No subscribers to send message" pubsub_uuid=Rc8EXumQGWwyMyDd3YaWSh message_uuid=032e3604-e0b9-40a1-bdd8-fd09b3070cb4 topic=message.EventAssetOCRCompleted
time=2026-08-21T20:26:07.300+02:00 level=INFO msg="starting text extraction for asset" id=da3gdvmqbbt3vq4it9h0 filename=da3gdvmqbbt3vq4it9h0-edent-comminuted-and-defect-fractures-pdf
time=2026-08-21T20:26:07.333+02:00 level=INFO msg="text extraction completed successfully" id=da3gdvmqbbt3vq4it9h0 text_length=6091 engine=pdf-textlayer
time=2026-08-21T20:26:07.339+02:00 level=INFO msg="No subscribers to send message" pubsub_uuid=Rc8EXumQGWwyMyDd3YaWSh message_uuid=fec55ea3-40e2-47f1-b400-30ebc9a9375c topic=message.EventAssetOCRCompleted
time=2026-08-21T20:26:07.399+02:00 level=INFO msg="starting text extraction for asset" id=da3gdvmqbbt3vq4itc20 filename=da3gdvmqbbt3vq4itc20-nasal-and-paranasal-tumors-pdf
time=2026-08-21T20:26:19.861+02:00 level=WARN msg="OCR engine unavailable, skipping asset" id=da3gdvmqbbt3vq4itc20
time=2026-08-21T20:26:19.894+02:00 level=INFO msg="starting text extraction for asset" id=da3gdvmqbbt3vq4itek0 filename=da3gdvmqbbt3vq4itek0-sliding-genioplasty-pdf
time=2026-08-21T20:26:19.917+02:00 level=INFO msg="text extraction completed successfully" id=da3gdvmqbbt3vq4itek0 text_length=5248 engine=pdf-textlayer
time=2026-08-21T20:26:19.923+02:00 level=INFO msg="No subscribers to send message" pubsub_uuid=Rc8EXumQGWwyMyDd3YaWSh message_uuid=e3320ef3-e1e8-4c4c-beaa-a53aa62a934c topic=message.EventAssetOCRCompleted
time=2026-08-21T20:26:19.997+02:00 level=INFO msg="starting text extraction for asset" id=da3gdvmqbbt3vq4ith70 filename=da3gdvmqbbt3vq4ith70-bronj-pdf
time=2026-08-21T20:26:20.020+02:00 level=INFO msg="text extraction completed successfully" id=da3gdvmqbbt3vq4ith70 text_length=16565 engine=pdf-textlayer
time=2026-08-21T20:26:20.023+02:00 level=WARN msg="failed to process asset for text extraction" id=da3gdvmqbbt3vq4ith70 error="ERROR: invalid byte sequence for encoding \"UTF8\": 0x00 (SQLSTATE 22021)"
extracted text from 391 assetstime=2026-08-21T20:26:20.026+02:00 level=WARN msg="skipping OCR processing because file exceeds size limit" id=da3gdvmqbbt3vq4itjr0 size=84080741
time=2026-08-21T20:26:20.031+02:00 level=WARN msg="skipping OCR processing because file exceeds size limit" id=da3gdvmqbbt3vq4itmg0 size=109194270
time=2026-08-21T20:26:20.034+02:00 level=WARN msg="skipping OCR processing because file exceeds size limit" id=da3gdvmqbbt3vq4itp60 size=93050057
time=2026-08-21T20:26:20.116+02:00 level=INFO msg="starting text extraction for asset" id=da3gdvuqbbt3vq4itrt0 filename=da3gdvuqbbt3vq4itrt0-kieferhöhlenoperationen-pdf
time=2026-08-21T20:26:20.295+02:00 level=INFO msg="text extraction completed successfully" id=da3gdvuqbbt3vq4itrt0 text_length=3265 engine=pdf-textlayer
time=2026-08-21T20:26:20.305+02:00 level=INFO msg="No subscribers to send message" pubsub_uuid=Rc8EXumQGWwyMyDd3YaWSh message_uuid=3249586d-47a2-4eef-9c33-e0543b7c8229 topic=message.EventAssetOCRCompleted
time=2026-08-21T20:26:20.306+02:00 level=WARN msg="skipping OCR processing because file exceeds size limit" id=da3gdvuqbbt3vq4itul0 size=82051246
time=2026-08-21T20:26:20.310+02:00 level=WARN msg="skipping OCR processing because file exceeds size limit" id=da3gdvuqbbt3vq4iu1e0 size=91072943
time=2026-08-21T20:26:20.365+02:00 level=INFO msg="starting text extraction for asset" id=da3gdvuqbbt3vq4iu480 filename=da3gdvuqbbt3vq4iu480-wurzelspitzenresektion-pdf
time=2026-08-21T20:26:20.380+02:00 level=INFO msg="text extraction completed successfully" id=da3gdvuqbbt3vq4iu480 text_length=14903 engine=pdf-textlayer
time=2026-08-21T20:26:20.385+02:00 level=INFO msg="No subscribers to send message" pubsub_uuid=Rc8EXumQGWwyMyDd3YaWSh message_uuid=6e673929-84a2-4ab7-a09c-5a12cbf7345e topic=message.EventAssetOCRCompleted
time=2026-08-21T20:26:20.386+02:00 level=WARN msg="skipping OCR processing because file exceeds size limit" id=da3gdvuqbbt3vq4iu730 size=146128804
time=2026-08-21T20:26:20.389+02:00 level=WARN msg="skipping OCR processing because file exceeds size limit" id=da3ge06qbbt3vq4iu9v0 size=145364998
time=2026-08-21T20:26:20.426+02:00 level=INFO msg="starting text extraction for asset" id=da3ge06qbbt3vq4iucs0 filename=da3ge06qbbt3vq4iucs0-gelenkfortsatzfrakturen-pdf
time=2026-08-21T20:26:21.110+02:00 level=INFO msg="text extraction completed successfully" id=da3ge06qbbt3vq4iucs0 text_length=12675 engine=pdf-textlayer
time=2026-08-21T20:26:21.123+02:00 level=INFO msg="No subscribers to send message" pubsub_uuid=Rc8EXumQGWwyMyDd3YaWSh message_uuid=21a1993b-2406-4361-91e9-030c1c969a94 topic=message.EventAssetOCRCompleted
time=2026-08-21T20:26:21.125+02:00 level=WARN msg="skipping OCR processing because file exceeds size limit" id=da3ge06qbbt3vq4iufq0 size=90958247
time=2026-08-21T20:26:21.132+02:00 level=WARN msg="skipping OCR processing because file exceeds size limit" id=da3ge06qbbt3vq4iuip0 size=65540532
time=2026-08-21T20:26:21.138+02:00 level=WARN msg="skipping OCR processing because file exceeds size limit" id=da3ge0eqbbt3vq4iulp0 size=76627748
time=2026-08-21T20:26:21.141+02:00 level=WARN msg="skipping OCR processing because file exceeds size limit" id=da3ge0eqbbt3vq4iuoq0 size=188023471
time=2026-08-21T20:26:21.192+02:00 level=INFO msg="starting text extraction for asset" id=da3ge0eqbbt3vq4iurs0 filename=da3ge0eqbbt3vq4iurs0-osteosynthesebasistechniken-pdf
time=2026-08-21T20:26:21.213+02:00 level=INFO msg="text extraction completed successfully" id=da3ge0eqbbt3vq4iurs0 text_length=4199 engine=pdf-textlayer
time=2026-08-21T20:26:21.218+02:00 level=INFO msg="No subscribers to send message" pubsub_uuid=Rc8EXumQGWwyMyDd3YaWSh message_uuid=e9da929e-67f7-4df0-9553-5802b9acbf81 topic=message.EventAssetOCRCompleted
time=2026-08-21T20:26:21.219+02:00 level=WARN msg="skipping OCR processing because file exceeds size limit" id=da3ge0eqbbt3vq4iuuv0 size=99862768
time=2026-08-21T20:26:21.228+02:00 level=INFO msg="starting text extraction for asset" id=da3ge0eqbbt3vq4iv230 filename=da3ge0eqbbt3vq4iv230-diagnostik-des-peca-der-mh-pdf
time=2026-08-21T20:26:25.411+02:00 level=WARN msg="OCR engine unavailable, skipping asset" id=da3ge0eqbbt3vq4iv230
time=2026-08-21T20:26:25.442+02:00 level=INFO msg="starting text extraction for asset" id=da3ge0eqbbt3vq4iv580 filename=da3ge0eqbbt3vq4iv580-frakturen-des-gesichtsschädels-pdf
time=2026-08-21T20:26:30.161+02:00 level=WARN msg="OCR engine unavailable, skipping asset" id=da3ge0eqbbt3vq4iv580
time=2026-08-21T20:26:30.262+02:00 level=INFO msg="starting text extraction for asset" id=da3ge0mqbbt3vq4iv8e0 filename=da3ge0mqbbt3vq4iv8e0-kraniosynostosen_ss_2015-pdf
time=2026-08-21T20:26:30.526+02:00 level=INFO msg="text extraction completed successfully" id=da3ge0mqbbt3vq4iv8e0 text_length=33254 engine=pdf-textlayer
time=2026-08-21T20:26:30.534+02:00 level=INFO msg="No subscribers to send message" pubsub_uuid=Rc8EXumQGWwyMyDd3YaWSh message_uuid=1370ea32-c4f8-4528-86f5-3e4cbb69790a topic=message.EventAssetOCRCompleted
time=2026-08-21T20:26:30.539+02:00 level=WARN msg="skipping OCR processing because file exceeds size limit" id=da3ge0mqbbt3vq4ivet0 size=186133656
time=2026-08-21T20:26:30.550+02:00 level=INFO msg="starting text extraction for asset" id=da3ge0mqbbt3vq4ivi60 filename=da3ge0mqbbt3vq4ivi60-präprothetische-chirurgie-pdf
time=2026-08-21T20:26:34.532+02:00 level=WARN msg="OCR engine unavailable, skipping asset" id=da3ge0mqbbt3vq4ivi60
time=2026-08-21T20:26:34.559+02:00 level=INFO msg="starting text extraction for asset" id=da3ge0mqbbt3vq4ivlg0 filename=da3ge0mqbbt3vq4ivlg0-eagle-́s-syndrom-kompatibilitätsmodus-pdf
time=2026-08-21T20:26:34.573+02:00 level=INFO msg="text extraction completed successfully" id=da3ge0mqbbt3vq4ivlg0 text_length=5153 engine=pdf-textlayer
time=2026-08-21T20:26:34.578+02:00 level=INFO msg="No subscribers to send message" pubsub_uuid=Rc8EXumQGWwyMyDd3YaWSh message_uuid=f385ba42-7f69-4000-a5e8-d8bc06a6492b topic=message.EventAssetOCRCompleted
time=2026-08-21T20:26:34.579+02:00 level=WARN msg="skipping OCR processing because file exceeds size limit" id=da3ge0mqbbt3vq4ivor0 size=64436062
time=2026-08-21T20:26:34.594+02:00 level=INFO msg="starting text extraction for asset" id=da3ge0mqbbt3vq4ivs70 filename=da3ge0mqbbt3vq4ivs70-mronj-klingelhöfer-pdf
time=2026-08-21T20:26:34.620+02:00 level=INFO msg="text extraction completed successfully" id=da3ge0mqbbt3vq4ivs70 text_length=18149 engine=pdf-textlayer
time=2026-08-21T20:26:34.626+02:00 level=INFO msg="No subscribers to send message" pubsub_uuid=Rc8EXumQGWwyMyDd3YaWSh message_uuid=f5be7c34-f0d5-4d94-bad3-a372f4893913 topic=message.EventAssetOCRCompleted
time=2026-08-21T20:26:34.656+02:00 level=INFO msg="starting text extraction for asset" id=da3ge0mqbbt3vq4ivvk0 filename=da3ge0mqbbt3vq4ivvk0-rekonstruktive-chirurgie-1-pdf
time=2026-08-21T20:26:34.690+02:00 level=INFO msg="text extraction completed successfully" id=da3ge0mqbbt3vq4ivvk0 text_length=8194 engine=pdf-textlayer
time=2026-08-21T20:26:34.696+02:00 level=INFO msg="No subscribers to send message" pubsub_uuid=Rc8EXumQGWwyMyDd3YaWSh message_uuid=fdcdd4aa-5e0c-4a8c-a6b0-6c0b940739f4 topic=message.EventAssetOCRCompleted
time=2026-08-21T20:26:34.708+02:00 level=INFO msg="starting text extraction for asset" id=da3ge0mqbbt3vq4j0320 filename=da3ge0mqbbt3vq4j0320-rekonstruktive-chirurgie-2-pdf
time=2026-08-21T20:26:34.722+02:00 level=INFO msg="text extraction completed successfully" id=da3ge0mqbbt3vq4j0320 text_length=5607 engine=pdf-textlayer
time=2026-08-21T20:26:34.726+02:00 level=INFO msg="No subscribers to send message" pubsub_uuid=Rc8EXumQGWwyMyDd3YaWSh message_uuid=8cbae663-01fd-4b9f-ac4b-923fc2c8b4c0 topic=message.EventAssetOCRCompleted
time=2026-08-21T20:26:34.736+02:00 level=INFO msg="starting text extraction for asset" id=da3ge0uqbbt3vq4j06h0 filename=da3ge0uqbbt3vq4j06h0-rekonstruktive-chirurgie-3-pdf
time=2026-08-21T20:26:34.754+02:00 level=INFO msg="text extraction completed successfully" id=da3ge0uqbbt3vq4j06h0 text_length=9256 engine=pdf-textlayer
time=2026-08-21T20:26:34.759+02:00 level=INFO msg="No subscribers to send message" pubsub_uuid=Rc8EXumQGWwyMyDd3YaWSh message_uuid=de638e3d-01a9-4a59-acfa-9ea6e7007579 topic=message.EventAssetOCRCompleted
time=2026-08-21T20:26:34.821+02:00 level=INFO msg="starting text extraction for asset" id=da3ge0uqbbt3vq4j0a10 filename=da3ge0uqbbt3vq4j0a10-zysten-pdf
time=2026-08-21T20:26:35.624+02:00 level=INFO msg="text extraction completed successfully" id=da3ge0uqbbt3vq4j0a10 text_length=26633 engine=pdf-textlayer
time=2026-08-21T20:26:35.635+02:00 level=INFO msg="No subscribers to send message" pubsub_uuid=Rc8EXumQGWwyMyDd3YaWSh topic=message.EventAssetOCRCompleted message_uuid=c3281ae5-c4f7-4ea3-9c63-084e57e14844
time=2026-08-21T20:26:35.652+02:00 level=INFO msg="starting text extraction for asset" id=da3ge0uqbbt3vq4j0di0 filename=da3ge0uqbbt3vq4j0di0-lokale-lappenplastiken-pdf
time=2026-08-21T20:26:35.663+02:00 level=INFO msg="text extraction completed successfully" id=da3ge0uqbbt3vq4j0di0 text_length=237 engine=pdf-textlayer
time=2026-08-21T20:26:35.667+02:00 level=INFO msg="No subscribers to send message" pubsub_uuid=Rc8EXumQGWwyMyDd3YaWSh message_uuid=a508289d-746e-433a-8ca8-9cd0cb7b9a71 topic=message.EventAssetOCRCompleted
time=2026-08-21T20:26:35.682+02:00 level=INFO msg="starting text extraction for asset" id=da3ge0uqbbt3vq4j0h40 filename=da3ge0uqbbt3vq4j0h40-differentialdiagnostische-osteolyse-farbig-pdf
time=2026-08-21T20:26:35.700+02:00 level=INFO msg="text extraction completed successfully" id=da3ge0uqbbt3vq4j0h40 text_length=9239 engine=pdf-textlayer
time=2026-08-21T20:26:35.705+02:00 level=INFO msg="No subscribers to send message" pubsub_uuid=Rc8EXumQGWwyMyDd3YaWSh message_uuid=512e1602-5fcd-4b0b-9075-49ceb11d25b5 topic=message.EventAssetOCRCompleted
time=2026-08-21T20:26:35.707+02:00 level=INFO msg="starting text extraction for asset" id=da3ge0uqbbt3vq4j0kn0 filename=da3ge0uqbbt3vq4j0kn0-erkrankungen-der-gesichtsnerven-pdf
time=2026-08-21T20:26:35.716+02:00 level=INFO msg="text extraction completed successfully" id=da3ge0uqbbt3vq4j0kn0 text_length=8214 engine=pdf-textlayer
time=2026-08-21T20:26:35.721+02:00 level=INFO msg="No subscribers to send message" pubsub_uuid=Rc8EXumQGWwyMyDd3YaWSh message_uuid=c295b9b4-24f3-4992-a0b8-adad7970400c topic=message.EventAssetOCRCompleted
time=2026-08-21T20:26:35.728+02:00 level=INFO msg="starting text extraction for asset" id=da3ge0uqbbt3vq4j0ob0 filename=da3ge0uqbbt3vq4j0ob0-gvhd-pdf
time=2026-08-21T20:26:35.738+02:00 level=INFO msg="text extraction completed successfully" id=da3ge0uqbbt3vq4j0ob0 text_length=6074 engine=pdf-textlayer
time=2026-08-21T20:26:35.743+02:00 level=INFO msg="No subscribers to send message" pubsub_uuid=Rc8EXumQGWwyMyDd3YaWSh message_uuid=3acbfff1-f548-4bac-be30-d0647045d296 topic=message.EventAssetOCRCompleted
time=2026-08-21T20:26:35.746+02:00 level=INFO msg="starting text extraction for asset" id=da3ge0uqbbt3vq4j0s00 filename=da3ge0uqbbt3vq4j0s00-gesichtshauttumoren-pdf
time=2026-08-21T20:26:35.789+02:00 level=INFO msg="text extraction completed successfully" id=da3ge0uqbbt3vq4j0s00 text_length=11583 engine=pdf-textlayer
time=2026-08-21T20:26:35.797+02:00 level=INFO msg="No subscribers to send message" pubsub_uuid=Rc8EXumQGWwyMyDd3YaWSh message_uuid=764ec68c-463d-4e08-b15a-1d0d165eaa5d topic=message.EventAssetOCRCompleted
time=2026-08-21T20:26:35.798+02:00 level=INFO msg="starting text extraction for asset" id=da3ge0uqbbt3vq4j0vm0 filename=da3ge0uqbbt3vq4j0vm0-jochbein-und-jochbogenfraktur-pdf
time=2026-08-21T20:26:35.807+02:00 level=INFO msg="text extraction completed successfully" id=da3ge0uqbbt3vq4j0vm0 text_length=4318 engine=pdf-textlayer
time=2026-08-21T20:26:35.812+02:00 level=INFO msg="No subscribers to send message" pubsub_uuid=Rc8EXumQGWwyMyDd3YaWSh message_uuid=cda9f2c9-8171-4321-adc1-4a8865a5d9a4 topic=message.EventAssetOCRCompleted
time=2026-08-21T20:26:35.812+02:00 level=WARN msg="skipping OCR processing because file exceeds size limit" id=da3ge0uqbbt3vq4j13d0 size=90203133
time=2026-08-21T20:26:35.829+02:00 level=INFO msg="starting text extraction for asset" id=da3ge0uqbbt3vq4j1750 filename=da3ge0uqbbt3vq4j1750-operative-entfernung-von-weisheitszähnen-pdf
time=2026-08-21T20:26:35.853+02:00 level=INFO msg="text extraction completed successfully" id=da3ge0uqbbt3vq4j1750 text_length=1802 engine=pdf-textlayer
time=2026-08-21T20:26:35.858+02:00 level=INFO msg="No subscribers to send message" pubsub_uuid=Rc8EXumQGWwyMyDd3YaWSh message_uuid=751e1fe5-a320-4eb1-94a3-db2ce58d7189 topic=message.EventAssetOCRCompleted
time=2026-08-21T20:26:35.859+02:00 level=WARN msg="skipping OCR processing because file exceeds size limit" id=da3ge0uqbbt3vq4j1au0 size=114904342
time=2026-08-21T20:26:35.863+02:00 level=INFO msg="starting text extraction for asset" id=da3ge16qbbt3vq4j1eo0 filename=da3ge16qbbt3vq4j1eo0-syndrome-pdf
time=2026-08-21T20:26:35.868+02:00 level=INFO msg="text extraction completed successfully" id=da3ge16qbbt3vq4j1eo0 text_length=1582 engine=pdf-textlayer
time=2026-08-21T20:26:35.871+02:00 level=INFO msg="No subscribers to send message" pubsub_uuid=Rc8EXumQGWwyMyDd3YaWSh message_uuid=721e3c74-ec80-4c8e-9913-0f1d1cb4e389 topic=message.EventAssetOCRCompleted
time=2026-08-21T20:26:35.953+02:00 level=INFO msg="starting text extraction for asset" id=da3ge16qbbt3vq4j1ij0 filename=da3ge16qbbt3vq4j1ij0-traumatologie-der-zähne-pdf
time=2026-08-21T20:26:35.971+02:00 level=INFO msg="text extraction completed successfully" id=da3ge16qbbt3vq4j1ij0 text_length=10916 engine=pdf-textlayer
time=2026-08-21T20:26:35.975+02:00 level=INFO msg="No subscribers to send message" pubsub_uuid=Rc8EXumQGWwyMyDd3YaWSh message_uuid=4d847732-7dab-4401-9a82-a4fa03e74c25 topic=message.EventAssetOCRCompleted
time=2026-08-21T20:26:35.976+02:00 level=WARN msg="skipping OCR processing because file exceeds size limit" id=da3ge16qbbt3vq4j1mf0 size=138919730
time=2026-08-21T20:26:35.981+02:00 level=INFO msg="starting text extraction for asset" id=da3ge16qbbt3vq4j1qc0 filename=da3ge16qbbt3vq4j1qc0-früherkennung-von-plattenepithelkarzinomen-pdf
time=2026-08-21T20:26:36.050+02:00 level=INFO msg="text extraction completed successfully" id=da3ge16qbbt3vq4j1qc0 text_length=36145 engine=pdf-textlayer
time=2026-08-21T20:26:36.059+02:00 level=INFO msg="No subscribers to send message" pubsub_uuid=Rc8EXumQGWwyMyDd3YaWSh message_uuid=a65595d1-c00e-4c52-8a46-cf2f08a399fa topic=message.EventAssetOCRCompleted
time=2026-08-21T20:26:36.068+02:00 level=INFO msg="starting text extraction for asset" id=da3ge16qbbt3vq4j1ua0 filename=da3ge16qbbt3vq4j1ua0-neuerungen-der-tnm-klassifikation-pdf
time=2026-08-21T20:26:36.071+02:00 level=WARN msg="pdf text layer extraction failed, will try rasterisation fallback" error="not a PDF file: missing %%EOF"
time=2026-08-21T20:26:48.388+02:00 level=WARN msg="OCR engine unavailable, skipping asset" id=da3ge16qbbt3vq4j1ua0
time=2026-08-21T20:26:48.416+02:00 level=INFO msg="starting text extraction for asset" id=da3ge16qbbt3vq4j2290 filename=da3ge16qbbt3vq4j2290-plattenepithelkarzinom-der-mundhöhle-pdf
time=2026-08-21T20:26:54.528+02:00 level=WARN msg="OCR engine unavailable, skipping asset" id=da3ge16qbbt3vq4j2290
time=2026-08-21T20:26:54.541+02:00 level=WARN msg="skipping OCR processing because file exceeds size limit" id=da3ge16qbbt3vq4j2690 size=168324180
time=2026-08-21T20:26:54.626+02:00 level=INFO msg="starting text extraction for asset" id=da3ge1eqbbt3vq4j2aa0 filename=da3ge1eqbbt3vq4j2aa0-rekonstruktive-chirurgie-ii-pdf
time=2026-08-21T20:26:54.639+02:00 level=INFO msg="text extraction completed successfully" id=da3ge1eqbbt3vq4j2aa0 text_length=6247 engine=pdf-textlayer
time=2026-08-21T20:26:54.643+02:00 level=INFO msg="No subscribers to send message" pubsub_uuid=Rc8EXumQGWwyMyDd3YaWSh message_uuid=a64c4bd9-c391-46f5-a2de-23b7c9f7eef9 topic=message.EventAssetOCRCompleted
time=2026-08-21T20:26:54.706+02:00 level=INFO msg="starting text extraction for asset" id=da3ge1eqbbt3vq4j2ec0 filename=da3ge1eqbbt3vq4j2ec0-rekonstruktive-chirurgie-iii-pdf
time=2026-08-21T20:26:54.727+02:00 level=INFO msg="text extraction completed successfully" id=da3ge1eqbbt3vq4j2ec0 text_length=10597 engine=pdf-textlayer
time=2026-08-21T20:26:54.731+02:00 level=INFO msg="No subscribers to send message" pubsub_uuid=Rc8EXumQGWwyMyDd3YaWSh message_uuid=40718137-4d20-401f-a3c8-03cdea919fc7 topic=message.EventAssetOCRCompleted
time=2026-08-21T20:26:54.734+02:00 level=INFO msg="starting text extraction for asset" id=da3ge1eqbbt3vq4j2if0 filename=da3ge1eqbbt3vq4j2if0-awmf-für-bisphosphonatassoziierte-kiefernekrose-pdf
time=2026-08-21T20:26:54.761+02:00 level=INFO msg="text extraction completed successfully" id=da3ge1eqbbt3vq4j2if0 text_length=49387 engine=pdf-textlayer
time=2026-08-21T20:26:54.767+02:00 level=INFO msg="No subscribers to send message" pubsub_uuid=Rc8EXumQGWwyMyDd3YaWSh message_uuid=e3209def-4d89-4e8e-9e2d-c0cbaf7ec112 topic=message.EventAssetOCRCompleted
time=2026-08-21T20:26:54.770+02:00 level=INFO msg="starting text extraction for asset" id=da3ge1eqbbt3vq4j2mj0 filename=da3ge1eqbbt3vq4j2mj0-dgzmk-für-bisphosphonat-medikation-pdf
time=2026-08-21T20:26:54.780+02:00 level=INFO msg="text extraction completed successfully" id=da3ge1eqbbt3vq4j2mj0 text_length=21920 engine=pdf-textlayer
time=2026-08-21T20:26:54.782+02:00 level=WARN msg="failed to process asset for text extraction" id=da3ge1eqbbt3vq4j2mj0 error="ERROR: invalid byte sequence for encoding \"UTF8\": 0x00 (SQLSTATE 22021)"
time=2026-08-21T20:26:54.841+02:00 level=INFO msg="starting text extraction for asset" id=da3ge1eqbbt3vq4j2qo0 filename=da3ge1eqbbt3vq4j2qo0-who-head-and-neck-tumors-pdf
time=2026-08-21T20:26:55.448+02:00 level=INFO msg="text extraction completed successfully" id=da3ge1eqbbt3vq4j2qo0 text_length=200000 engine=pdf-textlayer
time=2026-08-21T20:26:55.470+02:00 level=INFO msg="No subscribers to send message" pubsub_uuid=Rc8EXumQGWwyMyDd3YaWSh message_uuid=5ed7bf89-7bcd-4dc4-bcbf-c00a74db3124 topic=message.EventAssetOCRCompleted
time=2026-08-21T20:26:55.479+02:00 level=INFO msg="starting text extraction for asset" id=da3ge1eqbbt3vq4j2uu0 filename=da3ge1eqbbt3vq4j2uu0-dysgnathiechirurgie-2-pdf
time=2026-08-21T20:26:55.488+02:00 level=INFO msg="text extraction completed successfully" id=da3ge1eqbbt3vq4j2uu0 text_length=2548 engine=pdf-textlayer
time=2026-08-21T20:26:55.492+02:00 level=INFO msg="No subscribers to send message" pubsub_uuid=Rc8EXumQGWwyMyDd3YaWSh message_uuid=b774d145-6088-4666-b61e-15a8100d5891 topic=message.EventAssetOCRCompleted
time=2026-08-21T20:26:55.492+02:00 level=WARN msg="skipping OCR processing because file exceeds size limit" id=da3ge1eqbbt3vq4j3350 size=85516292
time=2026-08-21T20:26:55.495+02:00 level=WARN msg="skipping OCR processing because file exceeds size limit" id=da3ge1eqbbt3vq4j37d0 size=194878835
time=2026-08-21T20:26:55.506+02:00 level=INFO msg="starting text extraction for asset" id=da3ge1mqbbt3vq4j3bm0 filename=da3ge1mqbbt3vq4j3bm0-nervrekonstruktion-pdf
time=2026-08-21T20:26:55.764+02:00 level=INFO msg="text extraction completed successfully" id=da3ge1mqbbt3vq4j3bm0 text_length=13491 engine=pdf-textlayer
time=2026-08-21T20:26:55.777+02:00 level=INFO msg="No subscribers to send message" pubsub_uuid=Rc8EXumQGWwyMyDd3YaWSh message_uuid=4049c813-5882-403c-87a1-9cb9ea4039e0 topic=message.EventAssetOCRCompleted
time=2026-08-21T20:26:55.786+02:00 level=INFO msg="starting text extraction for asset" id=da3ge1mqbbt3vq4j3g00 filename=da3ge1mqbbt3vq4j3g00-syndrome-pdf
time=2026-08-21T20:26:55.799+02:00 level=INFO msg="text extraction completed successfully" id=da3ge1mqbbt3vq4j3g00 text_length=3684 engine=pdf-textlayer
time=2026-08-21T20:26:55.805+02:00 level=INFO msg="No subscribers to send message" pubsub_uuid=Rc8EXumQGWwyMyDd3YaWSh message_uuid=867b4293-eda5-47f1-ab59-38ae96ec0c7e topic=message.EventAssetOCRCompleted
time=2026-08-21T20:26:55.814+02:00 level=INFO msg="starting text extraction for asset" id=da3ge1mqbbt3vq4j3kb0 filename=da3ge1mqbbt3vq4j3kb0-abszess-pdf
time=2026-08-21T20:26:55.827+02:00 level=INFO msg="text extraction completed successfully" id=da3ge1mqbbt3vq4j3kb0 text_length=2747 engine=pdf-textlayer
time=2026-08-21T20:26:55.831+02:00 level=INFO msg="No subscribers to send message" pubsub_uuid=Rc8EXumQGWwyMyDd3YaWSh message_uuid=36af2c4b-20ce-4d8f-a4d6-1c7fc769205b topic=message.EventAssetOCRCompleted
time=2026-08-21T20:26:55.834+02:00 level=INFO msg="starting text extraction for asset" id=da3ge1mqbbt3vq4j3on0 filename=da3ge1mqbbt3vq4j3on0-bisphosphonat-assoziierte-osteoradionekrose-pdf
time=2026-08-21T20:26:55.841+02:00 level=INFO msg="text extraction completed successfully" id=da3ge1mqbbt3vq4j3on0 text_length=1863 engine=pdf-textlayer
time=2026-08-21T20:26:55.844+02:00 level=INFO msg="No subscribers to send message" pubsub_uuid=Rc8EXumQGWwyMyDd3YaWSh message_uuid=ed9746ed-b9ae-4fb8-8188-d3440ba070f3 topic=message.EventAssetOCRCompleted
time=2026-08-21T20:26:55.848+02:00 level=INFO msg="starting text extraction for asset" id=da3ge1mqbbt3vq4j3t40 filename=da3ge1mqbbt3vq4j3t40-follikuläre-zyste-unterkiefer-pdf
time=2026-08-21T20:26:55.856+02:00 level=INFO msg="text extraction completed successfully" id=da3ge1mqbbt3vq4j3t40 text_length=2510 engine=pdf-textlayer
time=2026-08-21T20:26:55.860+02:00 level=INFO msg="No subscribers to send message" pubsub_uuid=Rc8EXumQGWwyMyDd3YaWSh message_uuid=ff33ed95-4d1e-475d-ab43-0b269d0a3028 topic=message.EventAssetOCRCompleted
time=2026-08-21T20:26:55.863+02:00 level=INFO msg="starting text extraction for asset" id=da3ge1mqbbt3vq4j41i0 filename=da3ge1mqbbt3vq4j41i0-jochbeinfraktur-pdf
time=2026-08-21T20:26:55.870+02:00 level=INFO msg="text extraction completed successfully" id=da3ge1mqbbt3vq4j41i0 text_length=1375 engine=pdf-textlayer
time=2026-08-21T20:26:55.873+02:00 level=INFO msg="No subscribers to send message" pubsub_uuid=Rc8EXumQGWwyMyDd3YaWSh message_uuid=9d4c11bc-9fd5-482d-b070-e884a3e0ee9b topic=message.EventAssetOCRCompleted
time=2026-08-21T20:26:55.876+02:00 level=INFO msg="starting text extraction for asset" id=da3ge1mqbbt3vq4j4610 filename=da3ge1mqbbt3vq4j4610-jochbogenfraktur-pdf
time=2026-08-21T20:26:55.882+02:00 level=INFO msg="text extraction completed successfully" id=da3ge1mqbbt3vq4j4610 text_length=1659 engine=pdf-textlayer
time=2026-08-21T20:26:55.886+02:00 level=INFO msg="No subscribers to send message" pubsub_uuid=Rc8EXumQGWwyMyDd3YaWSh message_uuid=95109f00-75c4-4c65-a0fc-6c0dff69a186 topic=message.EventAssetOCRCompleted
time=2026-08-21T20:26:55.889+02:00 level=INFO msg="starting text extraction for asset" id=da3ge1mqbbt3vq4j4ah0 filename=da3ge1mqbbt3vq4j4ah0-mittelgesichtsfrakturen-2-pdf
time=2026-08-21T20:26:55.899+02:00 level=INFO msg="text extraction completed successfully" id=da3ge1mqbbt3vq4j4ah0 text_length=2615 engine=pdf-textlayer
time=2026-08-21T20:26:55.908+02:00 level=INFO msg="No subscribers to send message" pubsub_uuid=Rc8EXumQGWwyMyDd3YaWSh message_uuid=537350d1-28a0-4edc-90ee-7f882e65a828 topic=message.EventAssetOCRCompleted
time=2026-08-21T20:26:55.910+02:00 level=INFO msg="starting text extraction for asset" id=da3ge1mqbbt3vq4j4f20 filename=da3ge1mqbbt3vq4j4f20-nasenbeintrümmerfraktur-pdf
time=2026-08-21T20:26:55.917+02:00 level=INFO msg="text extraction completed successfully" id=da3ge1mqbbt3vq4j4f20 text_length=2067 engine=pdf-textlayer
time=2026-08-21T20:26:55.921+02:00 level=INFO msg="No subscribers to send message" pubsub_uuid=Rc8EXumQGWwyMyDd3YaWSh message_uuid=3fb97e65-47af-4115-b9af-95660a084f94 topic=message.EventAssetOCRCompleted
time=2026-08-21T20:26:55.935+02:00 level=INFO msg="starting text extraction for asset" id=da3ge1mqbbt3vq4j4jk0 filename=da3ge1mqbbt3vq4j4jk0-ossifizierendes-fibrom-pdf
time=2026-08-21T20:26:55.942+02:00 level=INFO msg="text extraction completed successfully" id=da3ge1mqbbt3vq4j4jk0 text_length=1420 engine=pdf-textlayer
time=2026-08-21T20:26:55.946+02:00 level=INFO msg="No subscribers to send message" pubsub_uuid=Rc8EXumQGWwyMyDd3YaWSh message_uuid=e5f82dc3-f4e2-457d-a0c3-999f310a4caa topic=message.EventAssetOCRCompleted
time=2026-08-21T20:26:55.954+02:00 level=INFO msg="starting text extraction for asset" id=da3ge1mqbbt3vq4j4o70 filename=da3ge1mqbbt3vq4j4o70-plattenepithelkarzinom-mundboden-pdf
time=2026-08-21T20:26:55.961+02:00 level=INFO msg="text extraction completed successfully" id=da3ge1mqbbt3vq4j4o70 text_length=2138 engine=pdf-textlayer
time=2026-08-21T20:26:55.965+02:00 level=INFO msg="No subscribers to send message" pubsub_uuid=Rc8EXumQGWwyMyDd3YaWSh message_uuid=dbb92a0f-0e6e-4bae-ba24-91f67d1a5fb9 topic=message.EventAssetOCRCompleted
time=2026-08-21T20:26:55.980+02:00 level=INFO msg="starting text extraction for asset" id=da3ge1mqbbt3vq4j4sr0 filename=da3ge1mqbbt3vq4j4sr0-plattenepithelkarzinom-präauriculär-pdf
time=2026-08-21T20:26:55.987+02:00 level=INFO msg="text extraction completed successfully" id=da3ge1mqbbt3vq4j4sr0 text_length=1813 engine=pdf-textlayer
time=2026-08-21T20:26:55.991+02:00 level=INFO msg="No subscribers to send message" pubsub_uuid=Rc8EXumQGWwyMyDd3YaWSh topic=message.EventAssetOCRCompleted message_uuid=b220760c-9ed8-43d3-ab92-56f93a49dd66
time=2026-08-21T20:26:55.993+02:00 level=INFO msg="starting text extraction for asset" id=da3ge1mqbbt3vq4j51g0 filename=da3ge1mqbbt3vq4j51g0-plattenepithelkarzinom-pdf
time=2026-08-21T20:26:56.002+02:00 level=INFO msg="text extraction completed successfully" id=da3ge1mqbbt3vq4j51g0 text_length=3099 engine=pdf-textlayer
time=2026-08-21T20:26:56.006+02:00 level=INFO msg="No subscribers to send message" pubsub_uuid=Rc8EXumQGWwyMyDd3YaWSh message_uuid=463139b4-272c-4557-acb2-ada65c72f88a topic=message.EventAssetOCRCompleted
time=2026-08-21T20:26:56.021+02:00 level=INFO msg="starting text extraction for asset" id=da3ge1uqbbt3vq4j5660 filename=da3ge1uqbbt3vq4j5660-sarkom-hinterhaupt-pdf
time=2026-08-21T20:26:56.029+02:00 level=INFO msg="text extraction completed successfully" id=da3ge1uqbbt3vq4j5660 text_length=1269 engine=pdf-textlayer
time=2026-08-21T20:26:56.034+02:00 level=INFO msg="No subscribers to send message" pubsub_uuid=Rc8EXumQGWwyMyDd3YaWSh message_uuid=b294dd1e-dd82-4ea2-8c3d-d94bd780b321 topic=message.EventAssetOCRCompleted
time=2026-08-21T20:26:56.040+02:00 level=INFO msg="starting text extraction for asset" id=da3ge1uqbbt3vq4j5at0 filename=da3ge1uqbbt3vq4j5at0-unterkiefer-paramedian-fraktur-pdf
time=2026-08-21T20:26:56.049+02:00 level=INFO msg="text extraction completed successfully" id=da3ge1uqbbt3vq4j5at0 text_length=2343 engine=pdf-textlayer
time=2026-08-21T20:26:56.053+02:00 level=INFO msg="No subscribers to send message" pubsub_uuid=Rc8EXumQGWwyMyDd3YaWSh message_uuid=ebec17aa-1b8e-447a-8062-eac2a3120fd6 topic=message.EventAssetOCRCompleted
time=2026-08-21T20:26:56.054+02:00 level=INFO msg="starting text extraction for asset" id=da3ge1uqbbt3vq4j5fl0 filename=da3ge1uqbbt3vq4j5fl0-denosumab-assoziierte-kiefernekrose-pdf
time=2026-08-21T20:26:56.061+02:00 level=INFO msg="text extraction completed successfully" id=da3ge1uqbbt3vq4j5fl0 text_length=1893 engine=pdf-textlayer
time=2026-08-21T20:26:56.065+02:00 level=INFO msg="No subscribers to send message" pubsub_uuid=Rc8EXumQGWwyMyDd3YaWSh message_uuid=d6617377-6beb-496f-a11f-5f01cbb52714 topic=message.EventAssetOCRCompleted
time=2026-08-21T20:26:56.066+02:00 level=INFO msg="starting text extraction for asset" id=da3ge1uqbbt3vq4j5ke0 filename=da3ge1uqbbt3vq4j5ke0-follikuläre-kieferhöhlenzyste-pdf
time=2026-08-21T20:26:56.073+02:00 level=INFO msg="text extraction completed successfully" id=da3ge1uqbbt3vq4j5ke0 text_length=1863 engine=pdf-textlayer
time=2026-08-21T20:26:56.077+02:00 level=INFO msg="No subscribers to send message" pubsub_uuid=Rc8EXumQGWwyMyDd3YaWSh message_uuid=c1747746-60e7-4428-9a77-a24054b59236 topic=message.EventAssetOCRCompleted
time=2026-08-21T20:26:56.078+02:00 level=INFO msg="starting text extraction for asset" id=da3ge1uqbbt3vq4j5p80 filename=da3ge1uqbbt3vq4j5p80-knochennekrosen-pdf
time=2026-08-21T20:26:56.088+02:00 level=INFO msg="text extraction completed successfully" id=da3ge1uqbbt3vq4j5p80 text_length=3707 engine=pdf-textlayer
time=2026-08-21T20:26:56.092+02:00 level=INFO msg="No subscribers to send message" pubsub_uuid=Rc8EXumQGWwyMyDd3YaWSh topic=message.EventAssetOCRCompleted message_uuid=e3c685c4-91b7-4a57-8ed6-acf3eeda68ae
time=2026-08-21T20:26:56.149+02:00 level=INFO msg="starting text extraction for asset" id=da3ge1uqbbt3vq4j5u30 filename=da3ge1uqbbt3vq4j5u30-bp-onj_impl-pdf
time=2026-08-21T20:26:56.424+02:00 level=INFO msg="text extraction completed successfully" id=da3ge1uqbbt3vq4j5u30 text_length=57511 engine=pdf-textlayer
time=2026-08-21T20:26:56.440+02:00 level=INFO msg="No subscribers to send message" pubsub_uuid=Rc8EXumQGWwyMyDd3YaWSh message_uuid=7372ee97-68fc-4c4b-be04-dd25f262099d topic=message.EventAssetOCRCompleted
time=2026-08-21T20:26:56.441+02:00 level=WARN msg="skipping OCR processing because file exceeds size limit" id=da3ge1uqbbt3vq4j62v0 size=216991365
time=2026-08-21T20:26:56.452+02:00 level=INFO msg="starting text extraction for asset" id=da3ge1uqbbt3vq4j67s0 filename=da3ge1uqbbt3vq4j67s0-lippenrekonstruktion-pdf
time=2026-08-21T20:26:56.461+02:00 level=INFO msg="text extraction completed successfully" id=da3ge1uqbbt3vq4j67s0 text_length=1903 engine=pdf-textlayer
time=2026-08-21T20:26:56.465+02:00 level=INFO msg="No subscribers to send message" pubsub_uuid=Rc8EXumQGWwyMyDd3YaWSh message_uuid=c5976cec-1c26-4b2a-9da4-7537bbb8c827 topic=message.EventAssetOCRCompleted
time=2026-08-21T20:26:56.466+02:00 level=WARN msg="skipping OCR processing because file exceeds size limit" id=da3ge1uqbbt3vq4j6cq0 size=132584857
time=2026-08-21T20:26:56.483+02:00 level=INFO msg="starting text extraction for asset" id=da3ge26qbbt3vq4j6hp0 filename=da3ge26qbbt3vq4j6hp0-schnitt-und-nahttechniken-pdf
time=2026-08-21T20:26:56.503+02:00 level=INFO msg="text extraction completed successfully" id=da3ge26qbbt3vq4j6hp0 text_length=13893 engine=pdf-textlayer
time=2026-08-21T20:26:56.508+02:00 level=INFO msg="No subscribers to send message" pubsub_uuid=Rc8EXumQGWwyMyDd3YaWSh message_uuid=3fc6301d-8845-4f89-a168-b4d4c95f9b41 topic=message.EventAssetOCRCompleted
time=2026-08-21T20:26:56.509+02:00 level=WARN msg="skipping OCR processing because file exceeds size limit" id=da3ge26qbbt3vq4j6mp0 size=226143945
time=2026-08-21T20:26:56.513+02:00 level=WARN msg="skipping OCR processing because file exceeds size limit" id=da3ge26qbbt3vq4j6rq0 size=110540955
time=2026-08-21T20:26:56.517+02:00 level=WARN msg="skipping OCR processing because file exceeds size limit" id=da3ge26qbbt3vq4j70s0 size=223675571
time=2026-08-21T20:26:56.534+02:00 level=INFO msg="starting text extraction for asset" id=da3ge2eqbbt3vq4j75v0 filename=da3ge2eqbbt3vq4j75v0-alveolarfortsatzrekonstruktion-1-pdf
time=2026-08-21T20:26:56.828+02:00 level=INFO msg="text extraction completed successfully" id=da3ge2eqbbt3vq4j75v0 text_length=4332 engine=pdf-textlayer
time=2026-08-21T20:26:56.842+02:00 level=INFO msg="No subscribers to send message" pubsub_uuid=Rc8EXumQGWwyMyDd3YaWSh message_uuid=d61232ee-00ce-41aa-a138-0309aae9f3b5 topic=message.EventAssetOCRCompleted
time=2026-08-21T20:26:56.855+02:00 level=INFO msg="starting text extraction for asset" id=da3ge2eqbbt3vq4j7b30 filename=da3ge2eqbbt3vq4j7b30-alveolarfortsatzrekonstruktion-2-pdf
time=2026-08-21T20:26:57.134+02:00 level=INFO msg="text extraction completed successfully" id=da3ge2eqbbt3vq4j7b30 text_length=3530 engine=pdf-textlayer
time=2026-08-21T20:26:57.147+02:00 level=INFO msg="No subscribers to send message" pubsub_uuid=Rc8EXumQGWwyMyDd3YaWSh message_uuid=15c819a6-334d-4b06-a7cf-04d126216c95 topic=message.EventAssetOCRCompleted
time=2026-08-21T20:26:57.161+02:00 level=INFO msg="starting text extraction for asset" id=da3ge2eqbbt3vq4j7g80 filename=da3ge2eqbbt3vq4j7g80-alveolarfortsatzrekonstruktion-3-pdf
time=2026-08-21T20:26:57.445+02:00 level=INFO msg="text extraction completed successfully" id=da3ge2eqbbt3vq4j7g80 text_length=3874 engine=pdf-textlayer
time=2026-08-21T20:26:57.457+02:00 level=INFO msg="No subscribers to send message" pubsub_uuid=Rc8EXumQGWwyMyDd3YaWSh message_uuid=dfbe84b7-f8dd-4c01-8c72-2b9a60356bd2 topic=message.EventAssetOCRCompleted
time=2026-08-21T20:26:57.477+02:00 level=INFO msg="starting text extraction for asset" id=da3ge2eqbbt3vq4j7le0 filename=da3ge2eqbbt3vq4j7le0-implantatwochen-implantat-castro-pdf
time=2026-08-21T20:26:57.502+02:00 level=INFO msg="text extraction completed successfully" id=da3ge2eqbbt3vq4j7le0 text_length=4759 engine=pdf-textlayer
time=2026-08-21T20:26:57.508+02:00 level=INFO msg="No subscribers to send message" pubsub_uuid=Rc8EXumQGWwyMyDd3YaWSh message_uuid=48dfa80c-1a58-43c9-9ef7-503f0077ed3a topic=message.EventAssetOCRCompleted
time=2026-08-21T20:26:57.509+02:00 level=WARN msg="skipping OCR processing because file exceeds size limit" id=da3ge2eqbbt3vq4j7ql0 size=102765182
time=2026-08-21T20:26:57.514+02:00 level=WARN msg="skipping OCR processing because file exceeds size limit" id=da3ge2eqbbt3vq4j7vt0 size=445958059
time=2026-08-21T20:26:57.520+02:00 level=WARN msg="skipping OCR processing because file exceeds size limit" id=da3ge2mqbbt3vq4j8560 size=232409633
time=2026-08-21T20:26:57.524+02:00 level=WARN msg="skipping OCR processing because file exceeds size limit" id=da3ge2uqbbt3vq4j8ag0 size=83816013
time=2026-08-21T20:26:57.576+02:00 level=INFO msg="starting text extraction for asset" id=da3ge2uqbbt3vq4j8fr0 filename=da3ge2uqbbt3vq4j8fr0-sinuslift_2015-pdf
time=2026-08-21T20:26:57.605+02:00 level=INFO msg="text extraction completed successfully" id=da3ge2uqbbt3vq4j8fr0 text_length=14114 engine=pdf-textlayer
time=2026-08-21T20:26:57.610+02:00 level=INFO msg="No subscribers to send message" pubsub_uuid=Rc8EXumQGWwyMyDd3YaWSh topic=message.EventAssetOCRCompleted message_uuid=2ccc1d62-721f-4fdb-8a52-ffb32a6eee5b
time=2026-08-21T20:26:57.630+02:00 level=INFO msg="starting text extraction for asset" id=da3ge2uqbbt3vq4j8qk0 filename=da3ge2uqbbt3vq4j8qk0-wundlehre-und-chirurgische-basistechniken-ab-seite-19-inklusive-instrumente-pdf
time=2026-08-21T20:26:57.647+02:00 level=INFO msg="text extraction completed successfully" id=da3ge2uqbbt3vq4j8qk0 text_length=15270 engine=pdf-textlayer
time=2026-08-21T20:26:57.652+02:00 level=INFO msg="No subscribers to send message" pubsub_uuid=Rc8EXumQGWwyMyDd3YaWSh message_uuid=10bbc594-86a2-4f03-b1d1-c354c1f83c13 topic=message.EventAssetOCRCompleted
time=2026-08-21T20:26:57.735+02:00 level=INFO msg="starting text extraction for asset" id=da3ge2uqbbt3vq4j9020 filename=da3ge2uqbbt3vq4j9020-zusammenfassung-mkg-klausur-modul-1-pdf
time=2026-08-21T20:26:58.516+02:00 level=INFO msg="text extraction completed successfully" id=da3ge2uqbbt3vq4j9020 text_length=26385 engine=pdf-textlayer
time=2026-08-21T20:26:58.525+02:00 level=INFO msg="No subscribers to send message" pubsub_uuid=Rc8EXumQGWwyMyDd3YaWSh message_uuid=28a1974b-ba7b-47ce-ad2b-8db4e7ad5210 topic=message.EventAssetOCRCompleted
time=2026-08-21T20:26:58.547+02:00 level=INFO msg="starting text extraction for asset" id=da3ge2uqbbt3vq4j95h0 filename=da3ge2uqbbt3vq4j95h0-zusammenfassung-mkg-ws19_20-reko-lkg-msh-leukämie-pdf
time=2026-08-21T20:26:58.577+02:00 level=INFO msg="text extraction completed successfully" id=da3ge2uqbbt3vq4j95h0 text_length=30507 engine=pdf-textlayer
time=2026-08-21T20:26:58.582+02:00 level=INFO msg="No subscribers to send message" pubsub_uuid=Rc8EXumQGWwyMyDd3YaWSh message_uuid=9eab5c5b-e3bc-4934-a348-b195c7c5a9e6 topic=message.EventAssetOCRCompleted
time=2026-08-21T20:26:58.584+02:00 level=WARN msg="skipping OCR processing because file exceeds size limit" id=da3ge36qbbt3vq4j9b10 size=347317115
time=2026-08-21T20:26:58.594+02:00 level=INFO msg="starting text extraction for asset" id=da3ge36qbbt3vq4j9gi0 filename=da3ge36qbbt3vq4j9gi0-zsm-digitale-techniken-pdf
time=2026-08-21T20:26:58.606+02:00 level=INFO msg="text extraction completed successfully" id=da3ge36qbbt3vq4j9gi0 text_length=3491 engine=pdf-textlayer
time=2026-08-21T20:26:58.611+02:00 level=INFO msg="No subscribers to send message" pubsub_uuid=Rc8EXumQGWwyMyDd3YaWSh message_uuid=7d64aed2-d6e0-483d-815d-e738346dba7f topic=message.EventAssetOCRCompleted
time=2026-08-21T20:26:58.625+02:00 level=INFO msg="starting text extraction for asset" id=da3ge36qbbt3vq4j9m40 filename=da3ge36qbbt3vq4j9m40-zsmf-hauttumore-2-pdf
time=2026-08-21T20:26:58.646+02:00 level=INFO msg="text extraction completed successfully" id=da3ge36qbbt3vq4j9m40 text_length=12480 engine=pdf-textlayer
time=2026-08-21T20:26:58.650+02:00 level=INFO msg="No subscribers to send message" pubsub_uuid=Rc8EXumQGWwyMyDd3YaWSh message_uuid=4258c916-33a9-49c8-b782-2be7c8071879 topic=message.EventAssetOCRCompleted
time=2026-08-21T20:26:58.663+02:00 level=INFO msg="starting text extraction for asset" id=da3ge36qbbt3vq4j9rn0 filename=da3ge36qbbt3vq4j9rn0-zsmf-hauttumore-des-gesichts-1-pdf
time=2026-08-21T20:26:58.680+02:00 level=INFO msg="text extraction completed successfully" id=da3ge36qbbt3vq4j9rn0 text_length=11040 engine=pdf-textlayer
time=2026-08-21T20:26:58.685+02:00 level=INFO msg="No subscribers to send message" pubsub_uuid=Rc8EXumQGWwyMyDd3YaWSh message_uuid=d97b530b-ca63-4340-85f1-c498767cd24b topic=message.EventAssetOCRCompleted
time=2026-08-21T20:26:58.698+02:00 level=INFO msg="starting text extraction for asset" id=da3ge36qbbt3vq4ja1b0 filename=da3ge36qbbt3vq4ja1b0-zsmf-neck-dissection-pdf
time=2026-08-21T20:26:58.715+02:00 level=INFO msg="text extraction completed successfully" id=da3ge36qbbt3vq4ja1b0 text_length=9631 engine=pdf-textlayer
time=2026-08-21T20:26:58.721+02:00 level=INFO msg="No subscribers to send message" pubsub_uuid=Rc8EXumQGWwyMyDd3YaWSh message_uuid=6c80ae64-3778-404d-82d7-e782297d35cf topic=message.EventAssetOCRCompleted
time=2026-08-21T20:26:58.726+02:00 level=INFO msg="starting text extraction for asset" id=da3ge3eqbbt3vq4ja700 filename=da3ge3eqbbt3vq4ja700-zsmf-radiochemotherapie-pdf
time=2026-08-21T20:26:58.739+02:00 level=INFO msg="text extraction completed successfully" id=da3ge3eqbbt3vq4ja700 text_length=3721 engine=pdf-textlayer
time=2026-08-21T20:26:58.743+02:00 level=INFO msg="No subscribers to send message" pubsub_uuid=Rc8EXumQGWwyMyDd3YaWSh topic=message.EventAssetOCRCompleted message_uuid=2cd531c4-7552-427e-8917-238b21ca07ea
time=2026-08-21T20:26:58.754+02:00 level=INFO msg="starting text extraction for asset" id=da3ge3eqbbt3vq4jacm0 filename=da3ge3eqbbt3vq4jacm0-zsmf-speicheldrüsentumore-pdf
time=2026-08-21T20:26:58.771+02:00 level=INFO msg="text extraction completed successfully" id=da3ge3eqbbt3vq4jacm0 text_length=14811 engine=pdf-textlayer
time=2026-08-21T20:26:58.776+02:00 level=INFO msg="No subscribers to send message" pubsub_uuid=Rc8EXumQGWwyMyDd3YaWSh message_uuid=92c0cce2-3148-40ba-9c79-b6f6c8506d66 topic=message.EventAssetOCRCompleted
time=2026-08-21T20:26:58.786+02:00 level=INFO msg="starting text extraction for asset" id=da3ge3eqbbt3vq4jaid0 filename=da3ge3eqbbt3vq4jaid0-zsmf-zahnfreilegung-pdf
time=2026-08-21T20:26:58.800+02:00 level=INFO msg="text extraction completed successfully" id=da3ge3eqbbt3vq4jaid0 text_length=4367 engine=pdf-textlayer
time=2026-08-21T20:26:58.804+02:00 level=INFO msg="No subscribers to send message" pubsub_uuid=Rc8EXumQGWwyMyDd3YaWSh message_uuid=439fc818-ff8d-4b00-acff-7398a1fb463d topic=message.EventAssetOCRCompleted
time=2026-08-21T20:26:58.807+02:00 level=INFO msg="starting text extraction for asset" id=da3ge3eqbbt3vq4jao50 filename=da3ge3eqbbt3vq4jao50-mibi-examen-dr-niller-pdf
time=2026-08-21T20:26:58.825+02:00 level=INFO msg="text extraction completed successfully" id=da3ge3eqbbt3vq4jao50 text_length=27406 engine=pdf-textlayer
time=2026-08-21T20:26:58.827+02:00 level=WARN msg="failed to process asset for text extraction" id=da3ge3eqbbt3vq4jao50 error="ERROR: invalid byte sequence for encoding \"UTF8\": 0x00 (SQLSTATE 22021)"
time=2026-08-21T20:26:58.838+02:00 level=INFO msg="starting text extraction for asset" id=da3ge3eqbbt3vq4jaoc0 filename=da3ge3eqbbt3vq4jaoc0-mikrobiologie-vorlesung-pdf
time=2026-08-21T20:26:58.842+02:00 level=WARN msg="pdf text layer extraction failed, will try rasterisation fallback" error="not a PDF file: missing %%EOF"
time=2026-08-21T20:27:01.125+02:00 level=WARN msg="OCR engine unavailable, skipping asset" id=da3ge3eqbbt3vq4jaoc0
time=2026-08-21T20:27:01.132+02:00 level=WARN msg="skipping OCR processing because file exceeds size limit" id=da3ge3eqbbt3vq4jaok0 size=88874635
time=2026-08-21T20:27:01.171+02:00 level=INFO msg="starting text extraction for asset" id=da3ge3eqbbt3vq4jaor0 filename=da3ge3eqbbt3vq4jaor0-7-halszysten_tbc_sinusitis-pdf
time=2026-08-21T20:27:01.179+02:00 level=WARN msg="pdf text layer extraction failed, will try rasterisation fallback" error="encrypted PDF: invalid password"
time=2026-08-21T20:27:01.325+02:00 level=ERROR msg="text extraction failed for asset" id=da3ge3eqbbt3vq4jaor0 error="pdftoppm execution failed: exit status 1"
time=2026-08-21T20:27:01.332+02:00 level=WARN msg="failed to process asset for text extraction" id=da3ge3eqbbt3vq4jaor0 error="pdftoppm execution failed: exit status 1"
time=2026-08-21T20:27:01.334+02:00 level=INFO msg="starting text extraction for asset" id=da3ge3eqbbt3vq4jap30 filename=da3ge3eqbbt3vq4jap30-einzelbild-des-warthintumors-pdf
time=2026-08-21T20:27:02.221+02:00 level=WARN msg="OCR engine unavailable, skipping asset" id=da3ge3eqbbt3vq4jap30
time=2026-08-21T20:27:02.246+02:00 level=INFO msg="starting text extraction for asset" id=da3ge3eqbbt3vq4japc0 filename=da3ge3eqbbt3vq4japc0-entzündungspathologie_i-pdf
time=2026-08-21T20:27:02.250+02:00 level=WARN msg="pdf text layer extraction failed, will try rasterisation fallback" error="encrypted PDF: invalid password"
time=2026-08-21T20:27:02.296+02:00 level=ERROR msg="text extraction failed for asset" id=da3ge3eqbbt3vq4japc0 error="pdftoppm execution failed: exit status 1"
time=2026-08-21T20:27:02.301+02:00 level=WARN msg="failed to process asset for text extraction" id=da3ge3eqbbt3vq4japc0 error="pdftoppm execution failed: exit status 1"
time=2026-08-21T20:27:02.309+02:00 level=INFO msg="starting text extraction for asset" id=da3ge3eqbbt3vq4japm0 filename=da3ge3eqbbt3vq4japm0-haut-pdf
time=2026-08-21T20:27:02.313+02:00 level=WARN msg="pdf text layer extraction failed, will try rasterisation fallback" error="encrypted PDF: invalid password"
time=2026-08-21T20:27:02.359+02:00 level=ERROR msg="text extraction failed for asset" id=da3ge3eqbbt3vq4japm0 error="pdftoppm execution failed: exit status 1"
time=2026-08-21T20:27:02.363+02:00 level=WARN msg="failed to process asset for text extraction" id=da3ge3eqbbt3vq4japm0 error="pdftoppm execution failed: exit status 1"
time=2026-08-21T20:27:02.375+02:00 level=INFO msg="starting text extraction for asset" id=da3ge3eqbbt3vq4jaq10 filename=da3ge3eqbbt3vq4jaq10-herz_kreislauf_i_und_ii-pdf
time=2026-08-21T20:27:02.379+02:00 level=WARN msg="pdf text layer extraction failed, will try rasterisation fallback" error="encrypted PDF: invalid password"
time=2026-08-21T20:27:02.425+02:00 level=ERROR msg="text extraction failed for asset" id=da3ge3eqbbt3vq4jaq10 error="pdftoppm execution failed: exit status 1"
time=2026-08-21T20:27:02.431+02:00 level=WARN msg="failed to process asset for text extraction" id=da3ge3eqbbt3vq4jaq10 error="pdftoppm execution failed: exit status 1"
time=2026-08-21T20:27:02.438+02:00 level=INFO msg="starting text extraction for asset" id=da3ge3eqbbt3vq4jaqd0 filename=da3ge3eqbbt3vq4jaqd0-immunpathologie-pdf
time=2026-08-21T20:27:02.442+02:00 level=WARN msg="pdf text layer extraction failed, will try rasterisation fallback" error="encrypted PDF: invalid password"
time=2026-08-21T20:27:02.489+02:00 level=ERROR msg="text extraction failed for asset" id=da3ge3eqbbt3vq4jaqd0 error="pdftoppm execution failed: exit status 1"
time=2026-08-21T20:27:02.495+02:00 level=WARN msg="failed to process asset for text extraction" id=da3ge3eqbbt3vq4jaqd0 error="pdftoppm execution failed: exit status 1"
time=2026-08-21T20:27:02.499+02:00 level=INFO msg="starting text extraction for asset" id=da3ge3eqbbt3vq4jaqq0 filename=da3ge3eqbbt3vq4jaqq0-oralpathologie-i-pdf-passwort-patho1213-pdf
time=2026-08-21T20:27:02.503+02:00 level=WARN msg="pdf text layer extraction failed, will try rasterisation fallback" error="encrypted PDF: invalid password"
time=2026-08-21T20:27:02.548+02:00 level=ERROR msg="text extraction failed for asset" id=da3ge3eqbbt3vq4jaqq0 error="pdftoppm execution failed: exit status 1"
time=2026-08-21T20:27:02.553+02:00 level=WARN msg="failed to process asset for text extraction" id=da3ge3eqbbt3vq4jaqq0 error="pdftoppm execution failed: exit status 1"
time=2026-08-21T20:27:02.571+02:00 level=INFO msg="starting text extraction for asset" id=da3ge3eqbbt3vq4jar80 filename=da3ge3eqbbt3vq4jar80-oralpathologie-ii-pdf
time=2026-08-21T20:27:02.575+02:00 level=WARN msg="pdf text layer extraction failed, will try rasterisation fallback" error="encrypted PDF: invalid password"
time=2026-08-21T20:27:02.628+02:00 level=ERROR msg="text extraction failed for asset" id=da3ge3eqbbt3vq4jar80 error="pdftoppm execution failed: exit status 1"
time=2026-08-21T20:27:02.633+02:00 level=WARN msg="failed to process asset for text extraction" id=da3ge3eqbbt3vq4jar80 error="pdftoppm execution failed: exit status 1"
time=2026-08-21T20:27:02.647+02:00 level=INFO msg="starting text extraction for asset" id=da3ge3eqbbt3vq4jarn0 filename=da3ge3eqbbt3vq4jarn0-oralpathologie-iii-pdf
time=2026-08-21T20:27:02.653+02:00 level=WARN msg="pdf text layer extraction failed, will try rasterisation fallback" error="encrypted PDF: invalid password"
time=2026-08-21T20:27:02.708+02:00 level=ERROR msg="text extraction failed for asset" id=da3ge3eqbbt3vq4jarn0 error="pdftoppm execution failed: exit status 1"
time=2026-08-21T20:27:02.713+02:00 level=WARN msg="failed to process asset for text extraction" id=da3ge3eqbbt3vq4jarn0 error="pdftoppm execution failed: exit status 1"
time=2026-08-21T20:27:02.728+02:00 level=INFO msg="starting text extraction for asset" id=da3ge3eqbbt3vq4jaso0 filename=da3ge3eqbbt3vq4jaso0-hautpathologie_2018_ir-pdf
time=2026-08-21T20:27:02.751+02:00 level=INFO msg="text extraction completed successfully" id=da3ge3eqbbt3vq4jaso0 text_length=13752 engine=pdf-textlayer
time=2026-08-21T20:27:02.758+02:00 level=INFO msg="No subscribers to send message" pubsub_uuid=Rc8EXumQGWwyMyDd3YaWSh message_uuid=6a71140d-ceee-4d5f-b1a7-60507b715654 topic=message.EventAssetOCRCompleted
time=2026-08-21T20:27:02.769+02:00 level=INFO msg="starting text extraction for asset" id=da3ge3eqbbt3vq4jata0 filename=da3ge3eqbbt3vq4jata0-neuropath_zahnmedizin-pdf
time=2026-08-21T20:27:02.789+02:00 level=INFO msg="text extraction completed successfully" id=da3ge3eqbbt3vq4jata0 text_length=5686 engine=pdf-textlayer
time=2026-08-21T20:27:02.794+02:00 level=INFO msg="No subscribers to send message" pubsub_uuid=Rc8EXumQGWwyMyDd3YaWSh message_uuid=f66549f8-d848-4852-9939-20caf955b9f9 topic=message.EventAssetOCRCompleted
time=2026-08-21T20:27:02.797+02:00 level=INFO msg="starting text extraction for asset" id=da3ge3mqbbt3vq4jatt0 filename=da3ge3mqbbt3vq4jatt0-oralpathologie-1_kei-pdf
time=2026-08-21T20:27:02.805+02:00 level=INFO msg="text extraction completed successfully" id=da3ge3mqbbt3vq4jatt0 text_length=5419 engine=pdf-textlayer
time=2026-08-21T20:27:02.809+02:00 level=INFO msg="No subscribers to send message" pubsub_uuid=Rc8EXumQGWwyMyDd3YaWSh message_uuid=1cc81a60-177e-4a2c-910e-66d46b2b4f1f topic=message.EventAssetOCRCompleted
time=2026-08-21T20:27:02.897+02:00 level=INFO msg="starting text extraction for asset" id=da3ge3mqbbt3vq4jauh0 filename=da3ge3mqbbt3vq4jauh0-tumorpathologie-pdf
time=2026-08-21T20:27:03.015+02:00 level=INFO msg="text extraction completed successfully" id=da3ge3mqbbt3vq4jauh0 text_length=9990 engine=pdf-textlayer
time=2026-08-21T20:27:03.022+02:00 level=INFO msg="No subscribers to send message" pubsub_uuid=Rc8EXumQGWwyMyDd3YaWSh message_uuid=53c840ad-8452-41c3-a8e7-20c010bae831 topic=message.EventAssetOCRCompleted
time=2026-08-21T20:27:03.032+02:00 level=INFO msg="starting text extraction for asset" id=da3ge3mqbbt3vq4jav60 filename=da3ge3mqbbt3vq4jav60-zahnmedizin-vorlesung-2019-woenckhaus-pdf
time=2026-08-21T20:27:03.072+02:00 level=INFO msg="text extraction completed successfully" id=da3ge3mqbbt3vq4jav60 text_length=11372 engine=pdf-textlayer
time=2026-08-21T20:27:03.080+02:00 level=INFO msg="No subscribers to send message" pubsub_uuid=Rc8EXumQGWwyMyDd3YaWSh message_uuid=37cae269-67da-4ca1-9658-51e1b67bba64 topic=message.EventAssetOCRCompleted
time=2026-08-21T20:27:03.166+02:00 level=INFO msg="starting text extraction for asset" id=da3ge3mqbbt3vq4javs0 filename=da3ge3mqbbt3vq4javs0-pathologie-des-zns-pdf
time=2026-08-21T20:27:03.173+02:00 level=INFO msg="text extraction completed successfully" id=da3ge3mqbbt3vq4javs0 text_length=504 engine=pdf-textlayer
time=2026-08-21T20:27:03.178+02:00 level=INFO msg="No subscribers to send message" pubsub_uuid=Rc8EXumQGWwyMyDd3YaWSh message_uuid=ac00918e-8f6b-407e-bd2b-e4169b1a418d topic=message.EventAssetOCRCompleted
time=2026-08-21T20:27:03.192+02:00 level=INFO msg="starting text extraction for asset" id=da3ge3mqbbt3vq4jb0j0 filename=da3ge3mqbbt3vq4jb0j0-pathologie_der_speicheldrüsen-pdf
time=2026-08-21T20:27:03.198+02:00 level=WARN msg="pdf text layer extraction failed, will try rasterisation fallback" error="encrypted PDF: invalid password"
time=2026-08-21T20:27:03.245+02:00 level=ERROR msg="text extraction failed for asset" id=da3ge3mqbbt3vq4jb0j0 error="pdftoppm execution failed: exit status 1"
time=2026-08-21T20:27:03.251+02:00 level=WARN msg="failed to process asset for text extraction" id=da3ge3mqbbt3vq4jb0j0 error="pdftoppm execution failed: exit status 1"
time=2026-08-21T20:27:03.254+02:00 level=INFO msg="starting text extraction for asset" id=da3ge3mqbbt3vq4jb1b0 filename=da3ge3mqbbt3vq4jb1b0-pathologie_der_verdauung-pdf
time=2026-08-21T20:27:03.258+02:00 level=WARN msg="pdf text layer extraction failed, will try rasterisation fallback" error="encrypted PDF: invalid password"
time=2026-08-21T20:27:03.303+02:00 level=ERROR msg="text extraction failed for asset" id=da3ge3mqbbt3vq4jb1b0 error="pdftoppm execution failed: exit status 1"
time=2026-08-21T20:27:03.308+02:00 level=WARN msg="failed to process asset for text extraction" id=da3ge3mqbbt3vq4jb1b0 error="pdftoppm execution failed: exit status 1"
time=2026-08-21T20:27:03.317+02:00 level=INFO msg="starting text extraction for asset" id=da3ge3mqbbt3vq4jb240 filename=da3ge3mqbbt3vq4jb240-schilddrüsenpathologie-pdf
time=2026-08-21T20:27:03.320+02:00 level=WARN msg="pdf text layer extraction failed, will try rasterisation fallback" error="encrypted PDF: invalid password"
time=2026-08-21T20:27:03.367+02:00 level=ERROR msg="text extraction failed for asset" id=da3ge3mqbbt3vq4jb240 error="pdftoppm execution failed: exit status 1"
time=2026-08-21T20:27:03.372+02:00 level=WARN msg="failed to process asset for text extraction" id=da3ge3mqbbt3vq4jb240 error="pdftoppm execution failed: exit status 1"
time=2026-08-21T20:27:03.384+02:00 level=INFO msg="starting text extraction for asset" id=da3ge3mqbbt3vq4jb2u0 filename=da3ge3mqbbt3vq4jb2u0-tonsillen-pdf
time=2026-08-21T20:27:03.389+02:00 level=WARN msg="pdf text layer extraction failed, will try rasterisation fallback" error="encrypted PDF: invalid password"
time=2026-08-21T20:27:03.433+02:00 level=ERROR msg="text extraction failed for asset" id=da3ge3mqbbt3vq4jb2u0 error="pdftoppm execution failed: exit status 1"
time=2026-08-21T20:27:03.440+02:00 level=WARN msg="failed to process asset for text extraction" id=da3ge3mqbbt3vq4jb2u0 error="pdftoppm execution failed: exit status 1"
time=2026-08-21T20:27:03.497+02:00 level=INFO msg="starting text extraction for asset" id=da3ge3mqbbt3vq4jb3p0 filename=da3ge3mqbbt3vq4jb3p0-tumorpathologie-pdf
time=2026-08-21T20:27:03.506+02:00 level=WARN msg="pdf text layer extraction failed, will try rasterisation fallback" error="encrypted PDF: invalid password"
time=2026-08-21T20:27:03.585+02:00 level=ERROR msg="text extraction failed for asset" id=da3ge3mqbbt3vq4jb3p0 error="pdftoppm execution failed: exit status 1"
time=2026-08-21T20:27:03.591+02:00 level=WARN msg="failed to process asset for text extraction" id=da3ge3mqbbt3vq4jb3p0 error="pdftoppm execution failed: exit status 1"
time=2026-08-21T20:27:03.598+02:00 level=INFO msg="starting text extraction for asset" id=da3ge3mqbbt3vq4jb4l0 filename=da3ge3mqbbt3vq4jb4l0-tumorursachen_klassifikation-pdf
time=2026-08-21T20:27:03.602+02:00 level=WARN msg="pdf text layer extraction failed, will try rasterisation fallback" error="encrypted PDF: invalid password"
time=2026-08-21T20:27:03.646+02:00 level=ERROR msg="text extraction failed for asset" id=da3ge3mqbbt3vq4jb4l0 error="pdftoppm execution failed: exit status 1"
time=2026-08-21T20:27:03.651+02:00 level=WARN msg="failed to process asset for text extraction" id=da3ge3mqbbt3vq4jb4l0 error="pdftoppm execution failed: exit status 1"
time=2026-08-21T20:27:03.653+02:00 level=INFO msg="starting text extraction for asset" id=da3ge3mqbbt3vq4jb5i0 filename=da3ge3mqbbt3vq4jb5i0-artothec-fachinformation-pdf
time=2026-08-21T20:27:03.707+02:00 level=INFO msg="text extraction completed successfully" id=da3ge3mqbbt3vq4jb5i0 text_length=30763 engine=pdf-textlayer
time=2026-08-21T20:27:03.714+02:00 level=INFO msg="No subscribers to send message" pubsub_uuid=Rc8EXumQGWwyMyDd3YaWSh message_uuid=48e485b0-c959-49af-b4d4-4bc3536bdf8d topic=message.EventAssetOCRCompleted
time=2026-08-21T20:27:03.715+02:00 level=INFO msg="starting text extraction for asset" id=da3ge3mqbbt3vq4jb5p0 filename=da3ge3mqbbt3vq4jb5p0-aspirin-fachinformation-pdf
time=2026-08-21T20:27:03.742+02:00 level=INFO msg="text extraction completed successfully" id=da3ge3mqbbt3vq4jb5p0 text_length=16047 engine=pdf-textlayer
time=2026-08-21T20:27:03.751+02:00 level=INFO msg="No subscribers to send message" pubsub_uuid=Rc8EXumQGWwyMyDd3YaWSh message_uuid=6b90a1ca-5734-426a-938e-e397f35061ee topic=message.EventAssetOCRCompleted
time=2026-08-21T20:27:03.752+02:00 level=INFO msg="starting text extraction for asset" id=da3ge3mqbbt3vq4jb610 filename=da3ge3mqbbt3vq4jb610-diclofenac-fachinformation-pdf
time=2026-08-21T20:27:03.799+02:00 level=INFO msg="text extraction completed successfully" id=da3ge3mqbbt3vq4jb610 text_length=26843 engine=pdf-textlayer
time=2026-08-21T20:27:03.805+02:00 level=INFO msg="No subscribers to send message" pubsub_uuid=Rc8EXumQGWwyMyDd3YaWSh message_uuid=44340acc-ac99-4d16-b1cf-8cccc32f22a5 topic=message.EventAssetOCRCompleted
time=2026-08-21T20:27:03.808+02:00 level=INFO msg="starting text extraction for asset" id=da3ge3mqbbt3vq4jb6a0 filename=da3ge3mqbbt3vq4jb6a0-metamizol-fachinformation-pdf
time=2026-08-21T20:27:03.868+02:00 level=INFO msg="text extraction completed successfully" id=da3ge3mqbbt3vq4jb6a0 text_length=33201 engine=pdf-textlayer
time=2026-08-21T20:27:03.875+02:00 level=INFO msg="No subscribers to send message" pubsub_uuid=Rc8EXumQGWwyMyDd3YaWSh message_uuid=ceff7dde-51dd-4078-97f4-814332bf6c6c topic=message.EventAssetOCRCompleted
time=2026-08-21T20:27:03.877+02:00 level=INFO msg="starting text extraction for asset" id=da3ge3mqbbt3vq4jb6k0 filename=da3ge3mqbbt3vq4jb6k0-paracetamol-fachinformation-pdf
time=2026-08-21T20:27:03.924+02:00 level=INFO msg="text extraction completed successfully" id=da3ge3mqbbt3vq4jb6k0 text_length=23970 engine=pdf-textlayer
time=2026-08-21T20:27:03.930+02:00 level=INFO msg="No subscribers to send message" pubsub_uuid=Rc8EXumQGWwyMyDd3YaWSh message_uuid=548cac68-7ee0-4036-8575-9b3687b3254c topic=message.EventAssetOCRCompleted
time=2026-08-21T20:27:03.932+02:00 level=INFO msg="starting text extraction for asset" id=da3ge3mqbbt3vq4jb6v0 filename=da3ge3mqbbt3vq4jb6v0-schmerzen-nach-zahnbehandlung-pdf
time=2026-08-21T20:27:03.937+02:00 level=INFO msg="text extraction completed successfully" id=da3ge3mqbbt3vq4jb6v0 text_length=689 engine=pdf-textlayer
time=2026-08-21T20:27:03.940+02:00 level=INFO msg="No subscribers to send message" pubsub_uuid=Rc8EXumQGWwyMyDd3YaWSh message_uuid=8fbeddf1-0f6b-44c0-b644-a23cb873be4d topic=message.EventAssetOCRCompleted
time=2026-08-21T20:27:03.942+02:00 level=INFO msg="starting text extraction for asset" id=da3ge3mqbbt3vq4jb7b0 filename=da3ge3mqbbt3vq4jb7b0-springer-anaphylaxie-pdf
time=2026-08-21T20:27:03.990+02:00 level=INFO msg="text extraction completed successfully" id=da3ge3mqbbt3vq4jb7b0 text_length=39004 engine=pdf-textlayer
time=2026-08-21T20:27:03.998+02:00 level=INFO msg="No subscribers to send message" pubsub_uuid=Rc8EXumQGWwyMyDd3YaWSh message_uuid=3443f687-5afd-4974-9eb1-712cb3cdc111 topic=message.EventAssetOCRCompleted
time=2026-08-21T20:27:04.002+02:00 level=INFO msg="starting text extraction for asset" id=da3ge3mqbbt3vq4jb7o0 filename=da3ge3mqbbt3vq4jb7o0-01-einführung-in-die-zahnm-pharmakologie-pdf
time=2026-08-21T20:27:04.008+02:00 level=INFO msg="text extraction completed successfully" id=da3ge3mqbbt3vq4jb7o0 text_length=1177 engine=pdf-textlayer
time=2026-08-21T20:27:04.011+02:00 level=INFO msg="No subscribers to send message" pubsub_uuid=Rc8EXumQGWwyMyDd3YaWSh topic=message.EventAssetOCRCompleted message_uuid=e7a56f82-3538-4f0d-8204-bb7c977871ef
time=2026-08-21T20:27:04.014+02:00 level=INFO msg="starting text extraction for asset" id=da3ge3mqbbt3vq4jb860 filename=da3ge3mqbbt3vq4jb860-ample-schema-pdf
time=2026-08-21T20:27:04.046+02:00 level=INFO msg="text extraction completed successfully" id=da3ge3mqbbt3vq4jb860 text_length=38804 engine=pdf-textlayer
time=2026-08-21T20:27:04.053+02:00 level=INFO msg="No subscribers to send message" pubsub_uuid=Rc8EXumQGWwyMyDd3YaWSh message_uuid=ab85669f-d67d-475e-a32c-619c40867f33 topic=message.EventAssetOCRCompleted
time=2026-08-21T20:27:04.056+02:00 level=INFO msg="starting text extraction for asset" id=da3ge3mqbbt3vq4jb8l0 filename=da3ge3mqbbt3vq4jb8l0-patientenrechte-pdf
time=2026-08-21T20:27:04.060+02:00 level=INFO msg="text extraction completed successfully" id=da3ge3mqbbt3vq4jb8l0 text_length=5684 engine=pdf-textlayer
time=2026-08-21T20:27:04.064+02:00 level=INFO msg="No subscribers to send message" pubsub_uuid=Rc8EXumQGWwyMyDd3YaWSh message_uuid=19998f83-6b85-4eef-9360-b941d36abd32 topic=message.EventAssetOCRCompleted
time=2026-08-21T20:27:04.065+02:00 level=INFO msg="starting text extraction for asset" id=da3ge3mqbbt3vq4jb950 filename=da3ge3mqbbt3vq4jb950-rezeptierhilfe-pdf
time=2026-08-21T20:27:04.080+02:00 level=INFO msg="text extraction completed successfully" id=da3ge3mqbbt3vq4jb950 text_length=14554 engine=pdf-textlayer
time=2026-08-21T20:27:04.085+02:00 level=INFO msg="No subscribers to send message" pubsub_uuid=Rc8EXumQGWwyMyDd3YaWSh message_uuid=9f14a3c5-d1b6-4f2c-a29c-0b8af832636c topic=message.EventAssetOCRCompleted
time=2026-08-21T20:27:04.089+02:00 level=INFO msg="starting text extraction for asset" id=da3ge3uqbbt3vq4jb9m0 filename=da3ge3uqbbt3vq4jb9m0-02-akute-schmerztherapie-pdf
time=2026-08-21T20:27:04.101+02:00 level=INFO msg="text extraction completed successfully" id=da3ge3uqbbt3vq4jb9m0 text_length=9104 engine=pdf-textlayer
time=2026-08-21T20:27:04.105+02:00 level=INFO msg="No subscribers to send message" pubsub_uuid=Rc8EXumQGWwyMyDd3YaWSh message_uuid=0b411ccb-0663-4d66-9257-8fca3df45876 topic=message.EventAssetOCRCompleted
time=2026-08-21T20:27:04.108+02:00 level=INFO msg="starting text extraction for asset" id=da3ge3uqbbt3vq4jba80 filename=da3ge3uqbbt3vq4jba80-02-lokalanästhesie-pdf
time=2026-08-21T20:27:04.126+02:00 level=INFO msg="text extraction completed successfully" id=da3ge3uqbbt3vq4jba80 text_length=15678 engine=pdf-textlayer
time=2026-08-21T20:27:04.132+02:00 level=INFO msg="No subscribers to send message" pubsub_uuid=Rc8EXumQGWwyMyDd3YaWSh message_uuid=1ba4c37e-ab49-4177-97a5-4180ee8c6794 topic=message.EventAssetOCRCompleted
time=2026-08-21T20:27:04.135+02:00 level=INFO msg="starting text extraction for asset" id=da3ge3uqbbt3vq4jbar0 filename=da3ge3uqbbt3vq4jbar0-02-nsaids-pdf
time=2026-08-21T20:27:04.150+02:00 level=INFO msg="text extraction completed successfully" id=da3ge3uqbbt3vq4jbar0 text_length=15865 engine=pdf-textlayer
time=2026-08-21T20:27:04.154+02:00 level=INFO msg="No subscribers to send message" pubsub_uuid=Rc8EXumQGWwyMyDd3YaWSh topic=message.EventAssetOCRCompleted message_uuid=c26e30b9-d425-406e-a205-dec5af7dd1b2
time=2026-08-21T20:27:04.159+02:00 level=INFO msg="starting text extraction for asset" id=da3ge3uqbbt3vq4jbbf0 filename=da3ge3uqbbt3vq4jbbf0-02-sympathomimetika-nebenwirkungen-pdf
time=2026-08-21T20:27:04.188+02:00 level=INFO msg="text extraction completed successfully" id=da3ge3uqbbt3vq4jbbf0 text_length=16477 engine=pdf-textlayer
time=2026-08-21T20:27:04.193+02:00 level=INFO msg="No subscribers to send message" pubsub_uuid=Rc8EXumQGWwyMyDd3YaWSh message_uuid=68271999-6720-461a-9dff-f5ba0d263a46 topic=message.EventAssetOCRCompleted
time=2026-08-21T20:27:04.195+02:00 level=INFO msg="starting text extraction for asset" id=da3ge3uqbbt3vq4jbc40 filename=da3ge3uqbbt3vq4jbc40-anästhetika-rote-liste-pdf
time=2026-08-21T20:27:05.535+02:00 level=WARN msg="OCR engine unavailable, skipping asset" id=da3ge3uqbbt3vq4jbc40
time=2026-08-21T20:27:05.551+02:00 level=INFO msg="starting text extraction for asset" id=da3ge3uqbbt3vq4jbcq0 filename=da3ge3uqbbt3vq4jbcq0-articain-rote-liste-pdf
time=2026-08-21T20:27:05.556+02:00 level=INFO msg="text extraction completed successfully" id=da3ge3uqbbt3vq4jbcq0 text_length=126 engine=pdf-textlayer
time=2026-08-21T20:27:05.559+02:00 level=INFO msg="No subscribers to send message" pubsub_uuid=Rc8EXumQGWwyMyDd3YaWSh message_uuid=7daa0018-6463-4d81-949d-143788d0006e topic=message.EventAssetOCRCompleted
time=2026-08-21T20:27:05.561+02:00 level=INFO msg="starting text extraction for asset" id=da3ge3uqbbt3vq4jbdh0 filename=da3ge3uqbbt3vq4jbdh0-vasopressin-information-pdf
time=2026-08-21T20:27:05.565+02:00 level=INFO msg="text extraction completed successfully" id=da3ge3uqbbt3vq4jbdh0 text_length=2018 engine=pdf-textlayer
time=2026-08-21T20:27:05.568+02:00 level=INFO msg="No subscribers to send message" pubsub_uuid=Rc8EXumQGWwyMyDd3YaWSh message_uuid=9fca27af-630e-4c44-87d3-f509783329c8 topic=message.EventAssetOCRCompleted
time=2026-08-21T20:27:05.570+02:00 level=INFO msg="starting text extraction for asset" id=da3ge3uqbbt3vq4jbe90 filename=da3ge3uqbbt3vq4jbe90-vasopressin-mechanismus-pdf
time=2026-08-21T20:27:05.573+02:00 level=INFO msg="text extraction completed successfully" id=da3ge3uqbbt3vq4jbe90 text_length=439 engine=pdf-textlayer
time=2026-08-21T20:27:05.576+02:00 level=INFO msg="No subscribers to send message" pubsub_uuid=Rc8EXumQGWwyMyDd3YaWSh message_uuid=8c00395b-8183-4471-995e-a43d4baa36d7 topic=message.EventAssetOCRCompleted
time=2026-08-21T20:27:05.578+02:00 level=INFO msg="starting text extraction for asset" id=da3ge3uqbbt3vq4jbf20 filename=da3ge3uqbbt3vq4jbf20-xylonest-information-pdf
time=2026-08-21T20:27:05.582+02:00 level=INFO msg="text extraction completed successfully" id=da3ge3uqbbt3vq4jbf20 text_length=1623 engine=pdf-textlayer
time=2026-08-21T20:27:05.585+02:00 level=INFO msg="No subscribers to send message" pubsub_uuid=Rc8EXumQGWwyMyDd3YaWSh message_uuid=a3d3e86e-8a85-45d9-b0f8-2cbe5bc89f66 topic=message.EventAssetOCRCompleted
time=2026-08-21T20:27:05.593+02:00 level=INFO msg="starting text extraction for asset" id=da3ge3uqbbt3vq4jbfs0 filename=da3ge3uqbbt3vq4jbfs0-03-corticosteroide-pdf
time=2026-08-21T20:27:05.611+02:00 level=INFO msg="text extraction completed successfully" id=da3ge3uqbbt3vq4jbfs0 text_length=12617 engine=pdf-textlayer
time=2026-08-21T20:27:05.616+02:00 level=INFO msg="No subscribers to send message" pubsub_uuid=Rc8EXumQGWwyMyDd3YaWSh message_uuid=be126ee9-c9b4-49c5-962d-d51253865cfa topic=message.EventAssetOCRCompleted
time=2026-08-21T20:27:05.623+02:00 level=INFO msg="starting text extraction for asset" id=da3ge3uqbbt3vq4jbgn0 filename=da3ge3uqbbt3vq4jbgn0-04-gerinnungsmedikation-pdf
time=2026-08-21T20:27:05.648+02:00 level=INFO msg="text extraction completed successfully" id=da3ge3uqbbt3vq4jbgn0 text_length=23433 engine=pdf-textlayer
time=2026-08-21T20:27:05.655+02:00 level=INFO msg="No subscribers to send message" pubsub_uuid=Rc8EXumQGWwyMyDd3YaWSh message_uuid=2f87fd45-5240-4eac-aae6-53082bf898da topic=message.EventAssetOCRCompleted
time=2026-08-21T20:27:05.656+02:00 level=INFO msg="starting text extraction for asset" id=da3ge3uqbbt3vq4jbhj0 filename=da3ge3uqbbt3vq4jbhj0-how-to-kill-a-tooth-pdf
time=2026-08-21T20:27:07.041+02:00 level=WARN msg="OCR engine unavailable, skipping asset" id=da3ge3uqbbt3vq4jbhj0
time=2026-08-21T20:27:07.063+02:00 level=INFO msg="starting text extraction for asset" id=da3ge3uqbbt3vq4jbig0 filename=da3ge3uqbbt3vq4jbig0-05-antibiotika-pdf
time=2026-08-21T20:27:07.659+02:00 level=INFO msg="text extraction completed successfully" id=da3ge3uqbbt3vq4jbig0 text_length=198134 engine=pdf-textlayer
time=2026-08-21T20:27:07.679+02:00 level=INFO msg="No subscribers to send message" pubsub_uuid=Rc8EXumQGWwyMyDd3YaWSh message_uuid=9c9acf2f-b474-461a-8631-f32e8bd8550a topic=message.EventAssetOCRCompleted
time=2026-08-21T20:27:07.683+02:00 level=INFO msg="starting text extraction for asset" id=da3ge3uqbbt3vq4jbje0 filename=da3ge3uqbbt3vq4jbje0-05-antibiotika-würzburg-pdf
time=2026-08-21T20:27:07.715+02:00 level=INFO msg="text extraction completed successfully" id=da3ge3uqbbt3vq4jbje0 text_length=15777 engine=pdf-textlayer
time=2026-08-21T20:27:07.719+02:00 level=WARN msg="failed to process asset for text extraction" id=da3ge3uqbbt3vq4jbje0 error="ERROR: invalid byte sequence for encoding \"UTF8\": 0x00 (SQLSTATE 22021)"
time=2026-08-21T20:27:07.721+02:00 level=INFO msg="starting text extraction for asset" id=da3ge3uqbbt3vq4jbkd0 filename=da3ge3uqbbt3vq4jbkd0-awmf-bisphosphonat-assoziierte-kiefernekrosen-pdf
time=2026-08-21T20:27:09.473+02:00 level=WARN msg="OCR engine unavailable, skipping asset" id=da3ge3uqbbt3vq4jbkd0
time=2026-08-21T20:27:09.495+02:00 level=INFO msg="starting text extraction for asset" id=da3ge3uqbbt3vq4jbld0 filename=da3ge3uqbbt3vq4jbld0-anleitung-nachversorgung-zahnherde-pdf
time=2026-08-21T20:27:09.502+02:00 level=INFO msg="text extraction completed successfully" id=da3ge3uqbbt3vq4jbld0 text_length=6215 engine=pdf-textlayer
time=2026-08-21T20:27:09.507+02:00 level=INFO msg="No subscribers to send message" pubsub_uuid=Rc8EXumQGWwyMyDd3YaWSh message_uuid=9c15e078-99ab-4019-bbb8-99e6ab4d30f1 topic=message.EventAssetOCRCompleted
time=2026-08-21T20:27:09.509+02:00 level=INFO msg="starting text extraction for asset" id=da3ge3uqbbt3vq4jbme0 filename=da3ge3uqbbt3vq4jbme0-antiinfektiva-pdf
time=2026-08-21T20:27:17.910+02:00 level=WARN msg="OCR engine unavailable, skipping asset" id=da3ge3uqbbt3vq4jbme0
time=2026-08-21T20:27:17.931+02:00 level=INFO msg="starting text extraction for asset" id=da3ge3uqbbt3vq4jbng0 filename=da3ge3uqbbt3vq4jbng0-springer-buchtipp-pdf
time=2026-08-21T20:27:17.986+02:00 level=INFO msg="text extraction completed successfully" id=da3ge3uqbbt3vq4jbng0 text_length=1177 engine=pdf-textlayer
time=2026-08-21T20:27:17.994+02:00 level=INFO msg="No subscribers to send message" pubsub_uuid=Rc8EXumQGWwyMyDd3YaWSh message_uuid=6d21d18b-80d9-49eb-8c9d-83ba44898277 topic=message.EventAssetOCRCompleted
time=2026-08-21T20:27:18.000+02:00 level=INFO msg="starting text extraction for asset" id=da3ge3uqbbt3vq4jboj0 filename=da3ge3uqbbt3vq4jboj0-springer-mikrobiologie-pdf
time=2026-08-21T20:27:18.170+02:00 level=INFO msg="text extraction completed successfully" id=da3ge3uqbbt3vq4jboj0 text_length=58988 engine=pdf-textlayer
time=2026-08-21T20:27:18.185+02:00 level=INFO msg="No subscribers to send message" pubsub_uuid=Rc8EXumQGWwyMyDd3YaWSh message_uuid=0248abb5-774a-4cde-b5dc-a0709de86557 topic=message.EventAssetOCRCompleted
time=2026-08-21T20:27:18.189+02:00 level=INFO msg="starting text extraction for asset" id=da3ge3uqbbt3vq4jbpn0 filename=da3ge3uqbbt3vq4jbpn0-06-asthma-pdf
time=2026-08-21T20:27:18.217+02:00 level=INFO msg="text extraction completed successfully" id=da3ge3uqbbt3vq4jbpn0 text_length=13445 engine=pdf-textlayer
time=2026-08-21T20:27:18.223+02:00 level=INFO msg="No subscribers to send message" pubsub_uuid=Rc8EXumQGWwyMyDd3YaWSh message_uuid=59576f8d-76cc-4343-81db-06ca442a6c21 topic=message.EventAssetOCRCompleted
time=2026-08-21T20:27:18.238+02:00 level=INFO msg="starting text extraction for asset" id=da3ge3uqbbt3vq4jbqs0 filename=da3ge3uqbbt3vq4jbqs0-06-herz-kreislauf-pdf
time=2026-08-21T20:27:18.256+02:00 level=INFO msg="text extraction completed successfully" id=da3ge3uqbbt3vq4jbqs0 text_length=6098 engine=pdf-textlayer
time=2026-08-21T20:27:18.261+02:00 level=INFO msg="No subscribers to send message" pubsub_uuid=Rc8EXumQGWwyMyDd3YaWSh message_uuid=3c4ad66e-1ed1-40da-a8af-67d7aed33ef8 topic=message.EventAssetOCRCompleted
time=2026-08-21T20:27:18.263+02:00 level=INFO msg="starting text extraction for asset" id=da3ge3uqbbt3vq4jbs20 filename=da3ge3uqbbt3vq4jbs20-06-herzinsuffizienz-kurz-pdf
time=2026-08-21T20:27:18.267+02:00 level=INFO msg="text extraction completed successfully" id=da3ge3uqbbt3vq4jbs20 text_length=602 engine=pdf-textlayer
time=2026-08-21T20:27:18.270+02:00 level=INFO msg="No subscribers to send message" pubsub_uuid=Rc8EXumQGWwyMyDd3YaWSh message_uuid=fdab8a0e-d418-4cb9-8f87-cd43ec570774 topic=message.EventAssetOCRCompleted
time=2026-08-21T20:27:18.274+02:00 level=INFO msg="starting text extraction for asset" id=da3ge3uqbbt3vq4jbt90 filename=da3ge3uqbbt3vq4jbt90-06-herzinsuffizienz-lang-pdf
time=2026-08-21T20:27:18.285+02:00 level=INFO msg="text extraction completed successfully" id=da3ge3uqbbt3vq4jbt90 text_length=6594 engine=pdf-textlayer
time=2026-08-21T20:27:18.289+02:00 level=INFO msg="No subscribers to send message" pubsub_uuid=Rc8EXumQGWwyMyDd3YaWSh message_uuid=c09202bb-d97c-4413-aa29-29526f8c74d3 topic=message.EventAssetOCRCompleted
time=2026-08-21T20:27:18.293+02:00 level=INFO msg="starting text extraction for asset" id=da3ge3uqbbt3vq4jbuh0 filename=da3ge3uqbbt3vq4jbuh0-angiöm-durch-ace-hemmer-pdf
time=2026-08-21T20:27:18.298+02:00 level=INFO msg="text extraction completed successfully" id=da3ge3uqbbt3vq4jbuh0 text_length=573 engine=pdf-textlayer
time=2026-08-21T20:27:18.301+02:00 level=INFO msg="No subscribers to send message" pubsub_uuid=Rc8EXumQGWwyMyDd3YaWSh message_uuid=fa3265e5-f75e-41a1-892e-d85da2ad74c1 topic=message.EventAssetOCRCompleted
time=2026-08-21T20:27:18.307+02:00 level=INFO msg="starting text extraction for asset" id=da3ge3uqbbt3vq4jbvq0 filename=da3ge3uqbbt3vq4jbvq0-antiarrhythmica-pdf
time=2026-08-21T20:27:18.328+02:00 level=INFO msg="text extraction completed successfully" id=da3ge3uqbbt3vq4jbvq0 text_length=21402 engine=pdf-textlayer
time=2026-08-21T20:27:18.334+02:00 level=INFO msg="No subscribers to send message" pubsub_uuid=Rc8EXumQGWwyMyDd3YaWSh message_uuid=16e2a45f-205b-4d82-a258-65b8095f114b topic=message.EventAssetOCRCompleted
time=2026-08-21T20:27:18.338+02:00 level=INFO msg="starting text extraction for asset" id=da3ge3uqbbt3vq4jc140 filename=da3ge3uqbbt3vq4jc140-hyperintensiver-notfall-pdf
time=2026-08-21T20:27:18.342+02:00 level=INFO msg="text extraction completed successfully" id=da3ge3uqbbt3vq4jc140 text_length=543 engine=pdf-textlayer
time=2026-08-21T20:27:18.345+02:00 level=INFO msg="No subscribers to send message" pubsub_uuid=Rc8EXumQGWwyMyDd3YaWSh message_uuid=303a4705-0805-4c37-885b-93b813ba5bd4 topic=message.EventAssetOCRCompleted
time=2026-08-21T20:27:18.352+02:00 level=INFO msg="starting text extraction for asset" id=da3ge3uqbbt3vq4jc2f0 filename=da3ge3uqbbt3vq4jc2f0-07-anaphylaktischer-schock-pdf
time=2026-08-21T20:27:18.356+02:00 level=INFO msg="text extraction completed successfully" id=da3ge3uqbbt3vq4jc2f0 text_length=75 engine=pdf-textlayer
time=2026-08-21T20:27:18.359+02:00 level=INFO msg="No subscribers to send message" pubsub_uuid=Rc8EXumQGWwyMyDd3YaWSh message_uuid=0ba96154-3405-41f3-b991-34c21bcaa539 topic=message.EventAssetOCRCompleted
time=2026-08-21T20:27:18.362+02:00 level=INFO msg="starting text extraction for asset" id=da3ge3uqbbt3vq4jc3r0 filename=da3ge3uqbbt3vq4jc3r0-07-reanimation-pdf
time=2026-08-21T20:27:19.053+02:00 level=INFO msg="text extraction completed successfully" id=da3ge3uqbbt3vq4jc3r0 text_length=4986 engine=pdf-textlayer-weak
time=2026-08-21T20:27:19.059+02:00 level=INFO msg="No subscribers to send message" pubsub_uuid=Rc8EXumQGWwyMyDd3YaWSh message_uuid=ff145cf4-88fc-4836-8db6-efa7c67b6b7b topic=message.EventAssetOCRCompleted
time=2026-08-21T20:27:19.064+02:00 level=INFO msg="starting text extraction for asset" id=da3ge46qbbt3vq4jc580 filename=da3ge46qbbt3vq4jc580-springer-diabetes-mellitus-pdf
time=2026-08-21T20:27:19.208+02:00 level=INFO msg="text extraction completed successfully" id=da3ge46qbbt3vq4jc580 text_length=45257 engine=pdf-textlayer
time=2026-08-21T20:27:19.218+02:00 level=INFO msg="No subscribers to send message" pubsub_uuid=Rc8EXumQGWwyMyDd3YaWSh message_uuid=179a89de-c4bc-455e-b44d-256997a7e76d topic=message.EventAssetOCRCompleted
time=2026-08-21T20:27:19.221+02:00 level=INFO msg="starting text extraction for asset" id=da3ge46qbbt3vq4jc6m0 filename=da3ge46qbbt3vq4jc6m0-08-antikonvulsiva-kurz-pdf
time=2026-08-21T20:27:19.230+02:00 level=INFO msg="text extraction completed successfully" id=da3ge46qbbt3vq4jc6m0 text_length=2476 engine=pdf-textlayer
time=2026-08-21T20:27:19.234+02:00 level=INFO msg="No subscribers to send message" pubsub_uuid=Rc8EXumQGWwyMyDd3YaWSh topic=message.EventAssetOCRCompleted message_uuid=861360e9-aa70-4548-b68b-53aa184e0ca9
time=2026-08-21T20:27:19.237+02:00 level=INFO msg="starting text extraction for asset" id=da3ge46qbbt3vq4jc850 filename=da3ge46qbbt3vq4jc850-08-psychopharmaka-kurz-pdf
time=2026-08-21T20:27:19.465+02:00 level=INFO msg="text extraction completed successfully" id=da3ge46qbbt3vq4jc850 text_length=7238 engine=pdf-textlayer
time=2026-08-21T20:27:19.487+02:00 level=INFO msg="No subscribers to send message" pubsub_uuid=Rc8EXumQGWwyMyDd3YaWSh message_uuid=83b68803-2803-46e3-a526-63ab3f33867e topic=message.EventAssetOCRCompleted
time=2026-08-21T20:27:19.491+02:00 level=INFO msg="starting text extraction for asset" id=da3ge46qbbt3vq4jc9l0 filename=da3ge46qbbt3vq4jc9l0-08-psychopharmaka-lang-pdf
time=2026-08-21T20:27:19.502+02:00 level=INFO msg="text extraction completed successfully" id=da3ge46qbbt3vq4jc9l0 text_length=11355 engine=pdf-textlayer
time=2026-08-21T20:27:19.507+02:00 level=INFO msg="No subscribers to send message" pubsub_uuid=Rc8EXumQGWwyMyDd3YaWSh message_uuid=50177071-2281-4495-be2b-de366790b87c topic=message.EventAssetOCRCompleted
time=2026-08-21T20:27:19.508+02:00 level=INFO msg="starting text extraction for asset" id=da3ge46qbbt3vq4jcb60 filename=da3ge46qbbt3vq4jcb60-lithiumsalze-pdf
time=2026-08-21T20:27:19.513+02:00 level=INFO msg="text extraction completed successfully" id=da3ge46qbbt3vq4jcb60 text_length=5728 engine=pdf-textlayer
time=2026-08-21T20:27:19.517+02:00 level=INFO msg="No subscribers to send message" pubsub_uuid=Rc8EXumQGWwyMyDd3YaWSh message_uuid=108c9929-46e5-446c-a2d8-71b8c4ce79ba topic=message.EventAssetOCRCompleted
time=2026-08-21T20:27:19.520+02:00 level=INFO msg="starting text extraction for asset" id=da3ge46qbbt3vq4jcco0 filename=da3ge46qbbt3vq4jcco0-kap-2-dynamik-pdf
time=2026-08-21T20:27:22.492+02:00 level=WARN msg="OCR engine unavailable, skipping asset" id=da3ge46qbbt3vq4jcco0
time=2026-08-21T20:27:22.516+02:00 level=INFO msg="starting text extraction for asset" id=da3ge46qbbt3vq4jceb0 filename=da3ge46qbbt3vq4jceb0-kap-3-kinetik-pdf
time=2026-08-21T20:27:25.344+02:00 level=WARN msg="OCR engine unavailable, skipping asset" id=da3ge46qbbt3vq4jceb0
time=2026-08-21T20:27:25.368+02:00 level=INFO msg="starting text extraction for asset" id=da3ge46qbbt3vq4jcfv0 filename=da3ge46qbbt3vq4jcfv0-kap-4-metabolismus-pdf
time=2026-08-21T20:27:27.952+02:00 level=WARN msg="OCR engine unavailable, skipping asset" id=da3ge46qbbt3vq4jcfv0
time=2026-08-21T20:27:27.970+02:00 level=INFO msg="starting text extraction for asset" id=da3ge46qbbt3vq4jchk0 filename=da3ge46qbbt3vq4jchk0-kap-6-einfuehrung-aut-nervensystem-pdf
time=2026-08-21T20:27:33.961+02:00 level=WARN msg="OCR engine unavailable, skipping asset" id=da3ge46qbbt3vq4jchk0
time=2026-08-21T20:27:33.986+02:00 level=INFO msg="starting text extraction for asset" id=da3ge46qbbt3vq4jcja0 filename=da3ge46qbbt3vq4jcja0-kap-9-sympathomimetics-pdf
time=2026-08-21T20:27:38.411+02:00 level=WARN msg="OCR engine unavailable, skipping asset" id=da3ge46qbbt3vq4jcja0
time=2026-08-21T20:27:38.421+02:00 level=INFO msg="starting text extraction for asset" id=da3ge46qbbt3vq4jcl10 filename=da3ge46qbbt3vq4jcl10-kap26-pdf
time=2026-08-21T20:27:41.213+02:00 level=WARN msg="OCR engine unavailable, skipping asset" id=da3ge46qbbt3vq4jcl10
time=2026-08-21T20:27:41.223+02:00 level=INFO msg="starting text extraction for asset" id=da3ge46qbbt3vq4jcmp0 filename=da3ge46qbbt3vq4jcmp0-kap31-pdf
time=2026-08-21T20:27:44.342+02:00 level=WARN msg="OCR engine unavailable, skipping asset" id=da3ge46qbbt3vq4jcmp0
time=2026-08-21T20:27:44.359+02:00 level=INFO msg="starting text extraction for asset" id=da3ge46qbbt3vq4jcoi0 filename=da3ge46qbbt3vq4jcoi0-kap32-pdf
time=2026-08-21T20:27:48.182+02:00 level=WARN msg="OCR engine unavailable, skipping asset" id=da3ge46qbbt3vq4jcoi0
time=2026-08-21T20:27:48.202+02:00 level=INFO msg="starting text extraction for asset" id=da3ge46qbbt3vq4jcqc0 filename=da3ge46qbbt3vq4jcqc0-kap36-pdf
time=2026-08-21T20:27:51.151+02:00 level=WARN msg="OCR engine unavailable, skipping asset" id=da3ge46qbbt3vq4jcqc0
time=2026-08-21T20:27:51.161+02:00 level=INFO msg="starting text extraction for asset" id=da3ge46qbbt3vq4jcs70 filename=da3ge46qbbt3vq4jcs70-kapitel10-pdf
time=2026-08-21T20:27:55.719+02:00 level=WARN msg="OCR engine unavailable, skipping asset" id=da3ge46qbbt3vq4jcs70
time=2026-08-21T20:27:55.743+02:00 level=INFO msg="starting text extraction for asset" id=da3ge46qbbt3vq4jcu30 filename=da3ge46qbbt3vq4jcu30-kapitel11-pdf
time=2026-08-21T20:28:00.151+02:00 level=WARN msg="OCR engine unavailable, skipping asset" id=da3ge46qbbt3vq4jcu30
time=2026-08-21T20:28:00.166+02:00 level=INFO msg="starting text extraction for asset" id=da3ge46qbbt3vq4jd000 filename=da3ge46qbbt3vq4jd000-kapitel12-pdf
time=2026-08-21T20:28:04.123+02:00 level=WARN msg="OCR engine unavailable, skipping asset" id=da3ge46qbbt3vq4jd000
time=2026-08-21T20:28:04.139+02:00 level=INFO msg="starting text extraction for asset" id=da3ge46qbbt3vq4jd1u0 filename=da3ge46qbbt3vq4jd1u0-kapitel16-pdf
time=2026-08-21T20:28:07.805+02:00 level=WARN msg="OCR engine unavailable, skipping asset" id=da3ge46qbbt3vq4jd1u0
time=2026-08-21T20:28:07.828+02:00 level=INFO msg="starting text extraction for asset" id=da3ge46qbbt3vq4jd3t0 filename=da3ge46qbbt3vq4jd3t0-kapitel18-pdf
time=2026-08-21T20:28:10.594+02:00 level=WARN msg="OCR engine unavailable, skipping asset" id=da3ge46qbbt3vq4jd3t0
time=2026-08-21T20:28:10.616+02:00 level=INFO msg="starting text extraction for asset" id=da3ge46qbbt3vq4jd5t0 filename=da3ge46qbbt3vq4jd5t0-kapitel19-pdf
time=2026-08-21T20:28:11.727+02:00 level=WARN msg="OCR engine unavailable, skipping asset" id=da3ge46qbbt3vq4jd5t0
time=2026-08-21T20:28:11.750+02:00 level=INFO msg="starting text extraction for asset" id=da3ge46qbbt3vq4jd7u0 filename=da3ge46qbbt3vq4jd7u0-kapitel20-pdf
time=2026-08-21T20:28:14.774+02:00 level=WARN msg="OCR engine unavailable, skipping asset" id=da3ge46qbbt3vq4jd7u0
time=2026-08-21T20:28:14.798+02:00 level=INFO msg="starting text extraction for asset" id=da3ge46qbbt3vq4jda00 filename=da3ge46qbbt3vq4jda00-kapitel39-pdf
time=2026-08-21T20:28:17.461+02:00 level=WARN msg="OCR engine unavailable, skipping asset" id=da3ge46qbbt3vq4jda00
time=2026-08-21T20:28:17.482+02:00 level=INFO msg="starting text extraction for asset" id=da3ge46qbbt3vq4jdc30 filename=da3ge46qbbt3vq4jdc30-kapitel51-pdf
time=2026-08-21T20:28:20.873+02:00 level=WARN msg="OCR engine unavailable, skipping asset" id=da3ge46qbbt3vq4jdc30
time=2026-08-21T20:28:20.896+02:00 level=INFO msg="starting text extraction for asset" id=da3ge46qbbt3vq4jde70 filename=da3ge46qbbt3vq4jde70-kapitel61-pdf
time=2026-08-21T20:28:23.946+02:00 level=WARN msg="OCR engine unavailable, skipping asset" id=da3ge46qbbt3vq4jde70
time=2026-08-21T20:28:23.964+02:00 level=INFO msg="starting text extraction for asset" id=da3ge46qbbt3vq4jdgc0 filename=da3ge46qbbt3vq4jdgc0-kompendium-der-pharmakologie-eckhard-beubler-pdf
time=2026-08-21T20:28:24.597+02:00 level=INFO msg="text extraction completed successfully" id=da3ge46qbbt3vq4jdgc0 text_length=200000 engine=pdf-textlayer
time=2026-08-21T20:28:24.614+02:00 level=INFO msg="No subscribers to send message" pubsub_uuid=Rc8EXumQGWwyMyDd3YaWSh message_uuid=fd15703f-ab8d-44d5-bceb-bdcc92f4a500 topic=message.EventAssetOCRCompleted
time=2026-08-21T20:28:24.617+02:00 level=INFO msg="starting text extraction for asset" id=da3ge46qbbt3vq4jdii0 filename=da3ge46qbbt3vq4jdii0-pharmakologie-charite-berlin-pdf
time=2026-08-21T20:28:24.689+02:00 level=INFO msg="text extraction completed successfully" id=da3ge46qbbt3vq4jdii0 text_length=200000 engine=pdf-textlayer
time=2026-08-21T20:28:24.710+02:00 level=INFO msg="No subscribers to send message" pubsub_uuid=Rc8EXumQGWwyMyDd3YaWSh message_uuid=d7ffc75c-b597-40f2-b0b5-792e9e71ea30 topic=message.EventAssetOCRCompleted
time=2026-08-21T20:28:24.712+02:00 level=INFO msg="starting text extraction for asset" id=da3ge46qbbt3vq4jdkp0 filename=da3ge46qbbt3vq4jdkp0-bücherempfehlungen-pdf
time=2026-08-21T20:28:24.719+02:00 level=INFO msg="text extraction completed successfully" id=da3ge46qbbt3vq4jdkp0 text_length=8695 engine=pdf-textlayer
time=2026-08-21T20:28:24.723+02:00 level=INFO msg="No subscribers to send message" pubsub_uuid=Rc8EXumQGWwyMyDd3YaWSh message_uuid=e4315cd8-ffb2-46e8-983b-08f2445bc0e4 topic=message.EventAssetOCRCompleted
time=2026-08-21T20:28:24.732+02:00 level=INFO msg="starting text extraction for asset" id=da3ge46qbbt3vq4jdn10 filename=da3ge46qbbt3vq4jdn10-einführungsvorlesung-pdf
time=2026-08-21T20:28:24.742+02:00 level=INFO msg="text extraction completed successfully" id=da3ge46qbbt3vq4jdn10 text_length=8237 engine=pdf-textlayer
time=2026-08-21T20:28:24.747+02:00 level=INFO msg="No subscribers to send message" pubsub_uuid=Rc8EXumQGWwyMyDd3YaWSh message_uuid=567c6430-5002-4ea7-8f93-a372c88c57ab topic=message.EventAssetOCRCompleted
time=2026-08-21T20:28:24.749+02:00 level=INFO msg="starting text extraction for asset" id=da3ge4eqbbt3vq4jdpa0 filename=da3ge4eqbbt3vq4jdpa0-interaktionschecker-pdf
time=2026-08-21T20:28:25.752+02:00 level=WARN msg="OCR engine unavailable, skipping asset" id=da3ge4eqbbt3vq4jdpa0
time=2026-08-21T20:28:25.773+02:00 level=INFO msg="starting text extraction for asset" id=da3ge4eqbbt3vq4jdrk0 filename=da3ge4eqbbt3vq4jdrk0-lernziele-pdf
time=2026-08-21T20:28:25.780+02:00 level=INFO msg="text extraction completed successfully" id=da3ge4eqbbt3vq4jdrk0 text_length=7665 engine=pdf-textlayer
time=2026-08-21T20:28:25.784+02:00 level=INFO msg="No subscribers to send message" pubsub_uuid=Rc8EXumQGWwyMyDd3YaWSh message_uuid=d39efc87-dd2b-4e7c-b612-6005d04a68f5 topic=message.EventAssetOCRCompleted
time=2026-08-21T20:28:25.789+02:00 level=INFO msg="starting text extraction for asset" id=da3ge4eqbbt3vq4jdtv0 filename=da3ge4eqbbt3vq4jdtv0-antidepressiva-pdf
time=2026-08-21T20:28:31.722+02:00 level=WARN msg="OCR engine unavailable, skipping asset" id=da3ge4eqbbt3vq4jdtv0
time=2026-08-21T20:28:31.760+02:00 level=INFO msg="starting text extraction for asset" id=da3ge4eqbbt3vq4je7l0 filename=da3ge4eqbbt3vq4je7l0-antidepressiva-haen-pdf
time=2026-08-21T20:28:31.775+02:00 level=INFO msg="text extraction completed successfully" id=da3ge4eqbbt3vq4je7l0 text_length=8973 engine=pdf-textlayer
time=2026-08-21T20:28:31.779+02:00 level=INFO msg="No subscribers to send message" pubsub_uuid=Rc8EXumQGWwyMyDd3YaWSh message_uuid=acb8cc1a-0df4-4067-834d-1a3e2fac7147 topic=message.EventAssetOCRCompleted
time=2026-08-21T20:28:31.782+02:00 level=INFO msg="starting text extraction for asset" id=da3ge4eqbbt3vq4jea50 filename=da3ge4eqbbt3vq4jea50-hypertonie-haen-pdf
time=2026-08-21T20:28:31.793+02:00 level=INFO msg="text extraction completed successfully" id=da3ge4eqbbt3vq4jea50 text_length=5930 engine=pdf-textlayer
time=2026-08-21T20:28:31.798+02:00 level=INFO msg="No subscribers to send message" pubsub_uuid=Rc8EXumQGWwyMyDd3YaWSh topic=message.EventAssetOCRCompleted message_uuid=cfd88093-a3e8-40bb-b881-c8abbfb2b158
extracted text from 574 assetstime=2026-08-21T20:28:31.817+02:00 level=INFO msg="starting text extraction for asset" id=da3ge3eqbbt3vq4jaor0 filename=da3ge3eqbbt3vq4jaor0-7-halszysten_tbc_sinusitis-pdf
time=2026-08-21T20:28:31.821+02:00 level=WARN msg="pdf text layer extraction failed, will try rasterisation fallback" error="encrypted PDF: invalid password"
time=2026-08-21T20:28:31.871+02:00 level=ERROR msg="text extraction failed for asset" id=da3ge3eqbbt3vq4jaor0 error="pdftoppm execution failed: exit status 1"
time=2026-08-21T20:28:31.878+02:00 level=WARN msg="failed to process asset for text extraction" id=da3ge3eqbbt3vq4jaor0 error="pdftoppm execution failed: exit status 1"
time=2026-08-21T20:28:31.880+02:00 level=INFO msg="starting text extraction for asset" id=da3ge3eqbbt3vq4japc0 filename=da3ge3eqbbt3vq4japc0-entzündungspathologie_i-pdf
time=2026-08-21T20:28:31.886+02:00 level=WARN msg="pdf text layer extraction failed, will try rasterisation fallback" error="encrypted PDF: invalid password"
time=2026-08-21T20:28:31.943+02:00 level=ERROR msg="text extraction failed for asset" id=da3ge3eqbbt3vq4japc0 error="pdftoppm execution failed: exit status 1"
time=2026-08-21T20:28:31.950+02:00 level=WARN msg="failed to process asset for text extraction" id=da3ge3eqbbt3vq4japc0 error="pdftoppm execution failed: exit status 1"
time=2026-08-21T20:28:31.954+02:00 level=INFO msg="starting text extraction for asset" id=da3ge3eqbbt3vq4japm0 filename=da3ge3eqbbt3vq4japm0-haut-pdf
time=2026-08-21T20:28:31.959+02:00 level=WARN msg="pdf text layer extraction failed, will try rasterisation fallback" error="encrypted PDF: invalid password"
time=2026-08-21T20:28:32.019+02:00 level=ERROR msg="text extraction failed for asset" id=da3ge3eqbbt3vq4japm0 error="pdftoppm execution failed: exit status 1"
time=2026-08-21T20:28:32.026+02:00 level=WARN msg="failed to process asset for text extraction" id=da3ge3eqbbt3vq4japm0 error="pdftoppm execution failed: exit status 1"
time=2026-08-21T20:28:32.030+02:00 level=INFO msg="starting text extraction for asset" id=da3ge3eqbbt3vq4jaq10 filename=da3ge3eqbbt3vq4jaq10-herz_kreislauf_i_und_ii-pdf
time=2026-08-21T20:28:32.036+02:00 level=WARN msg="pdf text layer extraction failed, will try rasterisation fallback" error="encrypted PDF: invalid password"
time=2026-08-21T20:28:32.085+02:00 level=ERROR msg="text extraction failed for asset" id=da3ge3eqbbt3vq4jaq10 error="pdftoppm execution failed: exit status 1"
time=2026-08-21T20:28:32.089+02:00 level=WARN msg="failed to process asset for text extraction" id=da3ge3eqbbt3vq4jaq10 error="pdftoppm execution failed: exit status 1"
time=2026-08-21T20:28:32.091+02:00 level=INFO msg="starting text extraction for asset" id=da3ge3eqbbt3vq4jaqd0 filename=da3ge3eqbbt3vq4jaqd0-immunpathologie-pdf
time=2026-08-21T20:28:32.094+02:00 level=WARN msg="pdf text layer extraction failed, will try rasterisation fallback" error="encrypted PDF: invalid password"
time=2026-08-21T20:28:32.244+02:00 level=ERROR msg="text extraction failed for asset" id=da3ge3eqbbt3vq4jaqd0 error="pdftoppm execution failed: exit status 1"
time=2026-08-21T20:28:32.249+02:00 level=WARN msg="failed to process asset for text extraction" id=da3ge3eqbbt3vq4jaqd0 error="pdftoppm execution failed: exit status 1"
time=2026-08-21T20:28:32.250+02:00 level=INFO msg="starting text extraction for asset" id=da3ge3eqbbt3vq4jaqq0 filename=da3ge3eqbbt3vq4jaqq0-oralpathologie-i-pdf-passwort-patho1213-pdf
time=2026-08-21T20:28:32.253+02:00 level=WARN msg="pdf text layer extraction failed, will try rasterisation fallback" error="encrypted PDF: invalid password"
time=2026-08-21T20:28:32.298+02:00 level=ERROR msg="text extraction failed for asset" id=da3ge3eqbbt3vq4jaqq0 error="pdftoppm execution failed: exit status 1"
time=2026-08-21T20:28:32.302+02:00 level=WARN msg="failed to process asset for text extraction" id=da3ge3eqbbt3vq4jaqq0 error="pdftoppm execution failed: exit status 1"
time=2026-08-21T20:28:32.310+02:00 level=INFO msg="starting text extraction for asset" id=da3ge3eqbbt3vq4jar80 filename=da3ge3eqbbt3vq4jar80-oralpathologie-ii-pdf
time=2026-08-21T20:28:32.313+02:00 level=WARN msg="pdf text layer extraction failed, will try rasterisation fallback" error="encrypted PDF: invalid password"
time=2026-08-21T20:28:32.360+02:00 level=ERROR msg="text extraction failed for asset" id=da3ge3eqbbt3vq4jar80 error="pdftoppm execution failed: exit status 1"
time=2026-08-21T20:28:32.365+02:00 level=WARN msg="failed to process asset for text extraction" id=da3ge3eqbbt3vq4jar80 error="pdftoppm execution failed: exit status 1"
time=2026-08-21T20:28:32.374+02:00 level=INFO msg="starting text extraction for asset" id=da3ge3eqbbt3vq4jarn0 filename=da3ge3eqbbt3vq4jarn0-oralpathologie-iii-pdf
time=2026-08-21T20:28:32.378+02:00 level=WARN msg="pdf text layer extraction failed, will try rasterisation fallback" error="encrypted PDF: invalid password"
time=2026-08-21T20:28:32.426+02:00 level=ERROR msg="text extraction failed for asset" id=da3ge3eqbbt3vq4jarn0 error="pdftoppm execution failed: exit status 1"
time=2026-08-21T20:28:32.430+02:00 level=WARN msg="failed to process asset for text extraction" id=da3ge3eqbbt3vq4jarn0 error="pdftoppm execution failed: exit status 1"
time=2026-08-21T20:28:32.433+02:00 level=INFO msg="starting text extraction for asset" id=da3ge3mqbbt3vq4jb0j0 filename=da3ge3mqbbt3vq4jb0j0-pathologie_der_speicheldrüsen-pdf
time=2026-08-21T20:28:32.437+02:00 level=WARN msg="pdf text layer extraction failed, will try rasterisation fallback" error="encrypted PDF: invalid password"
time=2026-08-21T20:28:32.484+02:00 level=ERROR msg="text extraction failed for asset" id=da3ge3mqbbt3vq4jb0j0 error="pdftoppm execution failed: exit status 1"
time=2026-08-21T20:28:32.490+02:00 level=WARN msg="failed to process asset for text extraction" id=da3ge3mqbbt3vq4jb0j0 error="pdftoppm execution failed: exit status 1"
time=2026-08-21T20:28:32.491+02:00 level=INFO msg="starting text extraction for asset" id=da3ge3mqbbt3vq4jb1b0 filename=da3ge3mqbbt3vq4jb1b0-pathologie_der_verdauung-pdf
time=2026-08-21T20:28:32.494+02:00 level=WARN msg="pdf text layer extraction failed, will try rasterisation fallback" error="encrypted PDF: invalid password"
time=2026-08-21T20:28:32.543+02:00 level=ERROR msg="text extraction failed for asset" id=da3ge3mqbbt3vq4jb1b0 error="pdftoppm execution failed: exit status 1"
time=2026-08-21T20:28:32.549+02:00 level=WARN msg="failed to process asset for text extraction" id=da3ge3mqbbt3vq4jb1b0 error="pdftoppm execution failed: exit status 1"
time=2026-08-21T20:28:32.551+02:00 level=INFO msg="starting text extraction for asset" id=da3ge3mqbbt3vq4jb240 filename=da3ge3mqbbt3vq4jb240-schilddrüsenpathologie-pdf
time=2026-08-21T20:28:32.555+02:00 level=WARN msg="pdf text layer extraction failed, will try rasterisation fallback" error="encrypted PDF: invalid password"
time=2026-08-21T20:28:32.601+02:00 level=ERROR msg="text extraction failed for asset" id=da3ge3mqbbt3vq4jb240 error="pdftoppm execution failed: exit status 1"
time=2026-08-21T20:28:32.606+02:00 level=WARN msg="failed to process asset for text extraction" id=da3ge3mqbbt3vq4jb240 error="pdftoppm execution failed: exit status 1"
time=2026-08-21T20:28:32.611+02:00 level=INFO msg="starting text extraction for asset" id=da3ge3mqbbt3vq4jb2u0 filename=da3ge3mqbbt3vq4jb2u0-tonsillen-pdf
time=2026-08-21T20:28:32.615+02:00 level=WARN msg="pdf text layer extraction failed, will try rasterisation fallback" error="encrypted PDF: invalid password"
time=2026-08-21T20:28:32.659+02:00 level=ERROR msg="text extraction failed for asset" id=da3ge3mqbbt3vq4jb2u0 error="pdftoppm execution failed: exit status 1"
time=2026-08-21T20:28:32.665+02:00 level=WARN msg="failed to process asset for text extraction" id=da3ge3mqbbt3vq4jb2u0 error="pdftoppm execution failed: exit status 1"
time=2026-08-21T20:28:32.696+02:00 level=INFO msg="starting text extraction for asset" id=da3ge3mqbbt3vq4jb3p0 filename=da3ge3mqbbt3vq4jb3p0-tumorpathologie-pdf
time=2026-08-21T20:28:32.705+02:00 level=WARN msg="pdf text layer extraction failed, will try rasterisation fallback" error="encrypted PDF: invalid password"
time=2026-08-21T20:28:32.787+02:00 level=ERROR msg="text extraction failed for asset" id=da3ge3mqbbt3vq4jb3p0 error="pdftoppm execution failed: exit status 1"
time=2026-08-21T20:28:32.791+02:00 level=WARN msg="failed to process asset for text extraction" id=da3ge3mqbbt3vq4jb3p0 error="pdftoppm execution failed: exit status 1"
time=2026-08-21T20:28:32.794+02:00 level=INFO msg="starting text extraction for asset" id=da3ge3mqbbt3vq4jb4l0 filename=da3ge3mqbbt3vq4jb4l0-tumorursachen_klassifikation-pdf
time=2026-08-21T20:28:32.797+02:00 level=WARN msg="pdf text layer extraction failed, will try rasterisation fallback" error="encrypted PDF: invalid password"
time=2026-08-21T20:28:32.843+02:00 level=ERROR msg="text extraction failed for asset" id=da3ge3mqbbt3vq4jb4l0 error="pdftoppm execution failed: exit status 1"
time=2026-08-21T20:28:32.849+02:00 level=WARN msg="failed to process asset for text extraction" id=da3ge3mqbbt3vq4jb4l0 error="pdftoppm execution failed: exit status 1"
time=2026-08-21T20:28:32.857+02:00 level=INFO msg="starting text extraction for asset" id=da3ge4eqbbt3vq4jef80 filename=da3ge4eqbbt3vq4jef80-khk-und-gerinnung-haen-pdf
time=2026-08-21T20:28:32.870+02:00 level=INFO msg="text extraction completed successfully" id=da3ge4eqbbt3vq4jef80 text_length=8469 engine=pdf-textlayer
time=2026-08-21T20:28:32.875+02:00 level=INFO msg="No subscribers to send message" pubsub_uuid=Rc8EXumQGWwyMyDd3YaWSh message_uuid=2c3a82b1-7513-4cc5-b240-b672bea48249 topic=message.EventAssetOCRCompleted
time=2026-08-21T20:28:32.879+02:00 level=INFO msg="starting text extraction for asset" id=da3ge4eqbbt3vq4jehr0 filename=da3ge4eqbbt3vq4jehr0-nsaids-pdf
time=2026-08-21T20:28:32.886+02:00 level=INFO msg="text extraction completed successfully" id=da3ge4eqbbt3vq4jehr0 text_length=3577 engine=pdf-textlayer
time=2026-08-21T20:28:32.890+02:00 level=INFO msg="No subscribers to send message" pubsub_uuid=Rc8EXumQGWwyMyDd3YaWSh message_uuid=04ecbea4-9ea9-4dcc-9372-211d3b7de821 topic=message.EventAssetOCRCompleted
time=2026-08-21T20:28:32.895+02:00 level=INFO msg="starting text extraction for asset" id=da3ge4eqbbt3vq4jekf0 filename=da3ge4eqbbt3vq4jekf0-sexualhormone-göttle-pdf
time=2026-08-21T20:28:32.936+02:00 level=INFO msg="text extraction completed successfully" id=da3ge4eqbbt3vq4jekf0 text_length=16846 engine=pdf-textlayer
time=2026-08-21T20:28:32.945+02:00 level=INFO msg="No subscribers to send message" pubsub_uuid=Rc8EXumQGWwyMyDd3YaWSh message_uuid=7fbcfef1-4ff7-47a3-a83d-e615b2a090bf topic=message.EventAssetOCRCompleted
time=2026-08-21T20:28:32.947+02:00 level=INFO msg="starting text extraction for asset" id=da3ge4eqbbt3vq4jen40 filename=da3ge4eqbbt3vq4jen40-000-brune___ebooks-bibliothek-uni-regensburg-pdf
time=2026-08-21T20:28:32.953+02:00 level=INFO msg="text extraction completed successfully" id=da3ge4eqbbt3vq4jen40 text_length=2679 engine=pdf-textlayer
time=2026-08-21T20:28:32.956+02:00 level=INFO msg="No subscribers to send message" pubsub_uuid=Rc8EXumQGWwyMyDd3YaWSh message_uuid=a47f27d0-4da7-4c00-90fa-6f3d3d5c636c topic=message.EventAssetOCRCompleted
time=2026-08-21T20:28:32.959+02:00 level=INFO msg="starting text extraction for asset" id=da3ge4eqbbt3vq4jepq0 filename=da3ge4eqbbt3vq4jepq0-01-arzneimittelrecht-pdf
time=2026-08-21T20:28:33.164+02:00 level=INFO msg="text extraction completed successfully" id=da3ge4eqbbt3vq4jepq0 text_length=72153 engine=pdf-textlayer
time=2026-08-21T20:28:33.173+02:00 level=INFO msg="No subscribers to send message" pubsub_uuid=Rc8EXumQGWwyMyDd3YaWSh message_uuid=3f57d02d-b4d9-4c11-b6a1-39b6090b72ca topic=message.EventAssetOCRCompleted
time=2026-08-21T20:28:33.180+02:00 level=INFO msg="starting text extraction for asset" id=da3ge4eqbbt3vq4jesh0 filename=da3ge4eqbbt3vq4jesh0-04-verschreibung-pdf
time=2026-08-21T20:28:33.630+02:00 level=INFO msg="text extraction completed successfully" id=da3ge4eqbbt3vq4jesh0 text_length=101590 engine=pdf-textlayer
time=2026-08-21T20:28:33.638+02:00 level=INFO msg="No subscribers to send message" pubsub_uuid=Rc8EXumQGWwyMyDd3YaWSh message_uuid=577b0b12-32f4-4665-abd8-268ae7c08e11 topic=message.EventAssetOCRCompleted
time=2026-08-21T20:28:33.651+02:00 level=INFO msg="starting text extraction for asset" id=da3ge4eqbbt3vq4jev90 filename=da3ge4eqbbt3vq4jev90-041-001_s3_behandlung_akuter_perioperativer_und_posttraumatischer_schmerzen_aktualisierte_fassung_04-2009_05-2011-pdf
time=2026-08-21T20:28:33.881+02:00 level=INFO msg="text extraction completed successfully" id=da3ge4eqbbt3vq4jev90 text_length=200000 engine=pdf-textlayer
time=2026-08-21T20:28:33.897+02:00 level=INFO msg="No subscribers to send message" pubsub_uuid=Rc8EXumQGWwyMyDd3YaWSh message_uuid=c068d3ab-5880-49a6-8b49-27b42e9faab9 topic=message.EventAssetOCRCompleted
time=2026-08-21T20:28:33.901+02:00 level=INFO msg="starting text extraction for asset" id=da3ge4eqbbt3vq4jf220 filename=da3ge4eqbbt3vq4jf220-07-analgetika-lokalanaesthetika-brune-pdf
time=2026-08-21T20:28:34.058+02:00 level=INFO msg="text extraction completed successfully" id=da3ge4eqbbt3vq4jf220 text_length=52588 engine=pdf-textlayer
time=2026-08-21T20:28:34.069+02:00 level=INFO msg="No subscribers to send message" pubsub_uuid=Rc8EXumQGWwyMyDd3YaWSh message_uuid=ccb32920-9301-46f1-b6b5-6cb569940899 topic=message.EventAssetOCRCompleted
time=2026-08-21T20:28:34.072+02:00 level=INFO msg="starting text extraction for asset" id=da3ge4eqbbt3vq4jf4s0 filename=da3ge4eqbbt3vq4jf4s0-gg-localanesthetics-mai2012-pdf
time=2026-08-21T20:28:34.106+02:00 level=INFO msg="text extraction completed successfully" id=da3ge4eqbbt3vq4jf4s0 text_length=117650 engine=pdf-textlayer
time=2026-08-21T20:28:34.117+02:00 level=INFO msg="No subscribers to send message" pubsub_uuid=Rc8EXumQGWwyMyDd3YaWSh message_uuid=6c3f89e2-c60c-426d-807d-89b2df4163cc topic=message.EventAssetOCRCompleted
time=2026-08-21T20:28:34.119+02:00 level=INFO msg="starting text extraction for asset" id=da3ge4eqbbt3vq4jf7n0 filename=da3ge4eqbbt3vq4jf7n0-ionenkanaele-nobelpreis-sakmannneher-pdf
time=2026-08-21T20:28:34.126+02:00 level=INFO msg="text extraction completed successfully" id=da3ge4eqbbt3vq4jf7n0 text_length=10952 engine=pdf-textlayer
time=2026-08-21T20:28:34.130+02:00 level=INFO msg="No subscribers to send message" pubsub_uuid=Rc8EXumQGWwyMyDd3YaWSh message_uuid=d350f9fc-a216-431b-9afe-89fe60682b44 topic=message.EventAssetOCRCompleted
time=2026-08-21T20:28:34.135+02:00 level=INFO msg="starting text extraction for asset" id=da3ge4eqbbt3vq4jfaj0 filename=da3ge4eqbbt3vq4jfaj0-molmech-la-1990-anesthesiology-pdf
time=2026-08-21T20:28:37.472+02:00 level=WARN msg="OCR engine unavailable, skipping asset" id=da3ge4eqbbt3vq4jfaj0
time=2026-08-21T20:28:37.488+02:00 level=INFO msg="starting text extraction for asset" id=da3ge4eqbbt3vq4jfdg0 filename=da3ge4eqbbt3vq4jfdg0-ultracain-1-_-suprarenin-pdf
time=2026-08-21T20:28:37.505+02:00 level=INFO msg="text extraction completed successfully" id=da3ge4eqbbt3vq4jfdg0 text_length=18867 engine=pdf-textlayer
time=2026-08-21T20:28:37.510+02:00 level=INFO msg="No subscribers to send message" pubsub_uuid=Rc8EXumQGWwyMyDd3YaWSh message_uuid=71488d66-0ada-47d6-be49-f9dd15855f01 topic=message.EventAssetOCRCompleted
time=2026-08-21T20:28:37.512+02:00 level=INFO msg="starting text extraction for asset" id=da3ge4eqbbt3vq4jfge0 filename=da3ge4eqbbt3vq4jfge0-voltage-gated-sodium-channels-la-2000-pdf
time=2026-08-21T20:28:37.528+02:00 level=INFO msg="text extraction completed successfully" id=da3ge4eqbbt3vq4jfge0 text_length=65977 engine=pdf-textlayer
time=2026-08-21T20:28:37.537+02:00 level=INFO msg="No subscribers to send message" pubsub_uuid=Rc8EXumQGWwyMyDd3YaWSh message_uuid=0a508504-4a82-4095-8707-a8777e336032 topic=message.EventAssetOCRCompleted
time=2026-08-21T20:28:37.539+02:00 level=INFO msg="starting text extraction for asset" id=da3ge4eqbbt3vq4jfjd0 filename=da3ge4eqbbt3vq4jfjd0-bja-juli11-opioidreceptors-2-pdf
time=2026-08-21T20:28:37.572+02:00 level=INFO msg="text extraction completed successfully" id=da3ge4eqbbt3vq4jfjd0 text_length=52218 engine=pdf-textlayer
time=2026-08-21T20:28:37.579+02:00 level=INFO msg="No subscribers to send message" pubsub_uuid=Rc8EXumQGWwyMyDd3YaWSh message_uuid=2ec4343c-c658-4be8-bce4-0b916d9658d3 topic=message.EventAssetOCRCompleted
time=2026-08-21T20:28:37.581+02:00 level=INFO msg="starting text extraction for asset" id=da3ge4eqbbt3vq4jfmd0 filename=da3ge4eqbbt3vq4jfmd0-lokalanaesthetika-pdf
time=2026-08-21T20:28:37.608+02:00 level=INFO msg="text extraction completed successfully" id=da3ge4eqbbt3vq4jfmd0 text_length=11120 engine=pdf-textlayer
time=2026-08-21T20:28:37.612+02:00 level=INFO msg="No subscribers to send message" pubsub_uuid=Rc8EXumQGWwyMyDd3YaWSh message_uuid=898cf58c-c5ba-436f-a8bc-ae30ad22d231 topic=message.EventAssetOCRCompleted
time=2026-08-21T20:28:37.618+02:00 level=INFO msg="starting text extraction for asset" id=da3ge4eqbbt3vq4jfpe0 filename=da3ge4eqbbt3vq4jfpe0-nsaid-k7-15-16-aktories-repet-pdf
time=2026-08-21T20:28:40.359+02:00 level=WARN msg="OCR engine unavailable, skipping asset" id=da3ge4eqbbt3vq4jfpe0
time=2026-08-21T20:28:40.368+02:00 level=INFO msg="starting text extraction for asset" id=da3ge4eqbbt3vq4jfsg0 filename=da3ge4eqbbt3vq4jfsg0-vasopressin-2-pdf
time=2026-08-21T20:28:40.373+02:00 level=INFO msg="text extraction completed successfully" id=da3ge4eqbbt3vq4jfsg0 text_length=2018 engine=pdf-textlayer
time=2026-08-21T20:28:40.376+02:00 level=INFO msg="No subscribers to send message" pubsub_uuid=Rc8EXumQGWwyMyDd3YaWSh message_uuid=6572d5ff-7d3d-4d8b-bff0-df2a7689ccc2 topic=message.EventAssetOCRCompleted
time=2026-08-21T20:28:40.379+02:00 level=INFO msg="starting text extraction for asset" id=da3ge4mqbbt3vq4jfvj0 filename=da3ge4mqbbt3vq4jfvj0-39k-corticosteroids-pdf
time=2026-08-21T20:28:44.955+02:00 level=WARN msg="OCR engine unavailable, skipping asset" id=da3ge4mqbbt3vq4jfvj0
time=2026-08-21T20:28:44.973+02:00 level=INFO msg="starting text extraction for asset" id=da3ge4mqbbt3vq4jg2n0 filename=da3ge4mqbbt3vq4jg2n0-cortison-aktories-pdf
time=2026-08-21T20:28:47.686+02:00 level=WARN msg="OCR engine unavailable, skipping asset" id=da3ge4mqbbt3vq4jg2n0
time=2026-08-21T20:28:47.693+02:00 level=INFO msg="starting text extraction for asset" id=da3ge4mqbbt3vq4jg5s0 filename=da3ge4mqbbt3vq4jg5s0-articain-sp-okt14-pdf
time=2026-08-21T20:28:47.697+02:00 level=WARN msg="pdf text layer extraction failed, will try rasterisation fallback" error="not a PDF file: missing %%EOF"
time=2026-08-21T20:28:49.068+02:00 level=WARN msg="OCR engine unavailable, skipping asset" id=da3ge4mqbbt3vq4jg5s0
time=2026-08-21T20:28:49.092+02:00 level=INFO msg="starting text extraction for asset" id=da3ge4mqbbt3vq4jg920 filename=da3ge4mqbbt3vq4jg920-41-gerinnung-freissmuth-pdf
time=2026-08-21T20:28:49.345+02:00 level=INFO msg="text extraction completed successfully" id=da3ge4mqbbt3vq4jg920 text_length=115806 engine=pdf-textlayer
time=2026-08-21T20:28:49.363+02:00 level=INFO msg="No subscribers to send message" pubsub_uuid=Rc8EXumQGWwyMyDd3YaWSh message_uuid=8ffc985b-187a-4630-841e-5fa9ed030bf8 topic=message.EventAssetOCRCompleted
time=2026-08-21T20:28:49.366+02:00 level=INFO msg="starting text extraction for asset" id=da3ge4mqbbt3vq4jgc90 filename=da3ge4mqbbt3vq4jgc90-bleedingdisorders-dentalcare-2007-pdf
time=2026-08-21T20:28:49.386+02:00 level=INFO msg="text extraction completed successfully" id=da3ge4mqbbt3vq4jgc90 text_length=32068 engine=pdf-textlayer
time=2026-08-21T20:28:49.391+02:00 level=INFO msg="No subscribers to send message" pubsub_uuid=Rc8EXumQGWwyMyDd3YaWSh message_uuid=07a2afe9-7725-4c64-add3-fb153a9296ff topic=message.EventAssetOCRCompleted
time=2026-08-21T20:28:49.393+02:00 level=INFO msg="starting text extraction for asset" id=da3ge4mqbbt3vq4jgfh0 filename=da3ge4mqbbt3vq4jgfh0-bisphosphonatassoziierte-knochennekrose-wikipedia-pdf
time=2026-08-21T20:28:49.400+02:00 level=INFO msg="text extraction completed successfully" id=da3ge4mqbbt3vq4jgfh0 text_length=8169 engine=pdf-textlayer
time=2026-08-21T20:28:49.404+02:00 level=INFO msg="No subscribers to send message" pubsub_uuid=Rc8EXumQGWwyMyDd3YaWSh message_uuid=9ca0ae1e-b491-43be-ac7a-0657e8933d5f topic=message.EventAssetOCRCompleted
time=2026-08-21T20:28:49.406+02:00 level=INFO msg="starting text extraction for asset" id=da3ge4mqbbt3vq4jgiq0 filename=da3ge4mqbbt3vq4jgiq0-roteliste-desinf-pdf
time=2026-08-21T20:28:49.686+02:00 level=WARN msg="OCR engine unavailable, skipping asset" id=da3ge4mqbbt3vq4jgiq0
time=2026-08-21T20:28:49.701+02:00 level=INFO msg="starting text extraction for asset" id=da3ge4mqbbt3vq4jgm40 filename=da3ge4mqbbt3vq4jgm40-roteliste-karies-pdf
time=2026-08-21T20:28:49.963+02:00 level=WARN msg="OCR engine unavailable, skipping asset" id=da3ge4mqbbt3vq4jgm40
time=2026-08-21T20:28:49.971+02:00 level=INFO msg="starting text extraction for asset" id=da3ge4mqbbt3vq4jgpf0 filename=da3ge4mqbbt3vq4jgpf0-roteliste-mundrachen-pdf
time=2026-08-21T20:28:50.278+02:00 level=WARN msg="OCR engine unavailable, skipping asset" id=da3ge4mqbbt3vq4jgpf0
time=2026-08-21T20:28:50.285+02:00 level=INFO msg="starting text extraction for asset" id=da3ge4mqbbt3vq4jgsr0 filename=da3ge4mqbbt3vq4jgsr0-antibiose-schwangerschaft-07-pdf
time=2026-08-21T20:28:50.319+02:00 level=INFO msg="text extraction completed successfully" id=da3ge4mqbbt3vq4jgsr0 text_length=47391 engine=pdf-textlayer
time=2026-08-21T20:28:50.326+02:00 level=INFO msg="No subscribers to send message" pubsub_uuid=Rc8EXumQGWwyMyDd3YaWSh message_uuid=7f9abaed-f600-49b9-baf8-a4a95648cf15 topic=message.EventAssetOCRCompleted
time=2026-08-21T20:28:50.328+02:00 level=INFO msg="starting text extraction for asset" id=da3ge4mqbbt3vq4jh080 filename=da3ge4mqbbt3vq4jh080-antiinfektiva-beubler-pdf
time=2026-08-21T20:28:50.367+02:00 level=INFO msg="text extraction completed successfully" id=da3ge4mqbbt3vq4jh080 text_length=54663 engine=pdf-textlayer
time=2026-08-21T20:28:50.376+02:00 level=INFO msg="No subscribers to send message" pubsub_uuid=Rc8EXumQGWwyMyDd3YaWSh topic=message.EventAssetOCRCompleted message_uuid=8a39ce04-4244-4490-835a-2cdf8e8e074b
time=2026-08-21T20:28:50.378+02:00 level=INFO msg="starting text extraction for asset" id=da3ge4mqbbt3vq4jh3m0 filename=da3ge4mqbbt3vq4jh3m0-bisphosphonate-osteonekrose-pdf
time=2026-08-21T20:28:50.412+02:00 level=INFO msg="text extraction completed successfully" id=da3ge4mqbbt3vq4jh3m0 text_length=27277 engine=pdf-textlayer
time=2026-08-21T20:28:50.420+02:00 level=INFO msg="No subscribers to send message" pubsub_uuid=Rc8EXumQGWwyMyDd3YaWSh message_uuid=64ac9729-1aa5-4113-84f0-6ceb81a22f22 topic=message.EventAssetOCRCompleted
time=2026-08-21T20:28:50.461+02:00 level=INFO msg="starting text extraction for asset" id=da3ge4mqbbt3vq4jh750 filename=da3ge4mqbbt3vq4jh750-c-659-928-aktbuch-0610-pdf
time=2026-08-21T20:28:55.579+02:00 level=WARN msg="OCR engine unavailable, skipping asset" id=da3ge4mqbbt3vq4jh750
time=2026-08-21T20:28:55.596+02:00 level=INFO msg="starting text extraction for asset" id=da3ge4mqbbt3vq4jhal0 filename=da3ge4mqbbt3vq4jhal0-clindamycin-pdf
time=2026-08-21T20:28:55.603+02:00 level=INFO msg="text extraction completed successfully" id=da3ge4mqbbt3vq4jhal0 text_length=2875 engine=pdf-textlayer
time=2026-08-21T20:28:55.607+02:00 level=INFO msg="No subscribers to send message" pubsub_uuid=Rc8EXumQGWwyMyDd3YaWSh message_uuid=92add15c-67c8-401b-b5ae-04cdb71f4307 topic=message.EventAssetOCRCompleted
time=2026-08-21T20:28:55.610+02:00 level=INFO msg="starting text extraction for asset" id=da3ge4mqbbt3vq4jhe60 filename=da3ge4mqbbt3vq4jhe60-mikrobielle-arthritis-pdf
time=2026-08-21T20:28:55.621+02:00 level=INFO msg="text extraction completed successfully" id=da3ge4mqbbt3vq4jhe60 text_length=14429 engine=pdf-textlayer
time=2026-08-21T20:28:55.625+02:00 level=INFO msg="No subscribers to send message" pubsub_uuid=Rc8EXumQGWwyMyDd3YaWSh message_uuid=0b6b73fd-d954-4442-837e-2e0402822d2a topic=message.EventAssetOCRCompleted
time=2026-08-21T20:28:55.628+02:00 level=INFO msg="starting text extraction for asset" id=da3ge4mqbbt3vq4jhho0 filename=da3ge4mqbbt3vq4jhho0-08-antipsychotika-pdf
time=2026-08-21T20:28:56.071+02:00 level=INFO msg="text extraction completed successfully" id=da3ge4mqbbt3vq4jhho0 text_length=122449 engine=pdf-textlayer
time=2026-08-21T20:28:56.089+02:00 level=INFO msg="No subscribers to send message" pubsub_uuid=Rc8EXumQGWwyMyDd3YaWSh message_uuid=365610a7-d131-4e78-845c-341adb43ee8e topic=message.EventAssetOCRCompleted
time=2026-08-21T20:28:56.099+02:00 level=INFO msg="starting text extraction for asset" id=da3ge4mqbbt3vq4jhlb0 filename=da3ge4mqbbt3vq4jhlb0-28-anfallserkrankungen-pdf
time=2026-08-21T20:28:56.233+02:00 level=INFO msg="text extraction completed successfully" id=da3ge4mqbbt3vq4jhlb0 text_length=41067 engine=pdf-textlayer
time=2026-08-21T20:28:56.244+02:00 level=INFO msg="No subscribers to send message" pubsub_uuid=Rc8EXumQGWwyMyDd3YaWSh message_uuid=24ade156-c81f-4715-9bc3-c792de3ed178 topic=message.EventAssetOCRCompleted
time=2026-08-21T20:28:56.246+02:00 level=INFO msg="starting text extraction for asset" id=da3ge4mqbbt3vq4jhov0 filename=da3ge4mqbbt3vq4jhov0-29-morbus-parkinson-pdf
time=2026-08-21T20:28:56.364+02:00 level=INFO msg="text extraction completed successfully" id=da3ge4mqbbt3vq4jhov0 text_length=39479 engine=pdf-textlayer
time=2026-08-21T20:28:56.382+02:00 level=INFO msg="No subscribers to send message" pubsub_uuid=Rc8EXumQGWwyMyDd3YaWSh message_uuid=54b6ba62-6429-43f2-97c9-9a8de705c8a0 topic=message.EventAssetOCRCompleted
time=2026-08-21T20:28:56.384+02:00 level=INFO msg="starting text extraction for asset" id=da3ge4mqbbt3vq4jhsk0 filename=da3ge4mqbbt3vq4jhsk0-18k-prostaglandins-pdf
time=2026-08-21T20:29:00.139+02:00 level=WARN msg="OCR engine unavailable, skipping asset" id=da3ge4mqbbt3vq4jhsk0
time=2026-08-21T20:29:00.159+02:00 level=INFO msg="starting text extraction for asset" id=da3ge4mqbbt3vq4ji0a0 filename=da3ge4mqbbt3vq4ji0a0-36k-nsaid-pdf
time=2026-08-21T20:29:05.798+02:00 level=WARN msg="OCR engine unavailable, skipping asset" id=da3ge4mqbbt3vq4ji0a0
time=2026-08-21T20:29:05.819+02:00 level=INFO msg="starting text extraction for asset" id=da3ge4mqbbt3vq4ji410 filename=da3ge4mqbbt3vq4ji410-accesspharmacy-_-pharmacology_-examination-board-review-9e-pdf
time=2026-08-21T20:29:05.825+02:00 level=INFO msg="text extraction completed successfully" id=da3ge4mqbbt3vq4ji410 text_length=3970 engine=pdf-textlayer
time=2026-08-21T20:29:05.828+02:00 level=INFO msg="No subscribers to send message" pubsub_uuid=Rc8EXumQGWwyMyDd3YaWSh message_uuid=560b2519-e1bc-4fb0-8fe9-58c130cb7c46 topic=message.EventAssetOCRCompleted
time=2026-08-21T20:29:05.832+02:00 level=INFO msg="starting text extraction for asset" id=da3ge4mqbbt3vq4ji7p0 filename=da3ge4mqbbt3vq4ji7p0-k26-27-pdf
time=2026-08-21T20:29:11.370+02:00 level=WARN msg="OCR engine unavailable, skipping asset" id=da3ge4mqbbt3vq4ji7p0
time=2026-08-21T20:29:11.388+02:00 level=INFO msg="starting text extraction for asset" id=da3ge4mqbbt3vq4jibi0 filename=da3ge4mqbbt3vq4jibi0-anleitung-zur-bearbeitung-pdf
time=2026-08-21T20:29:11.394+02:00 level=INFO msg="text extraction completed successfully" id=da3ge4mqbbt3vq4jibi0 text_length=599 engine=pdf-textlayer
time=2026-08-21T20:29:11.398+02:00 level=INFO msg="No subscribers to send message" pubsub_uuid=Rc8EXumQGWwyMyDd3YaWSh message_uuid=0d2a2fae-fabf-46f8-90e7-5fc94b555c81 topic=message.EventAssetOCRCompleted
time=2026-08-21T20:29:11.408+02:00 level=INFO msg="starting text extraction for asset" id=da3ge4mqbbt3vq4jin30 filename=da3ge4mqbbt3vq4jin30-novalgin-fachinformation-pdf
time=2026-08-21T20:29:11.451+02:00 level=INFO msg="text extraction completed successfully" id=da3ge4mqbbt3vq4jin30 text_length=30060 engine=pdf-textlayer
time=2026-08-21T20:29:11.461+02:00 level=INFO msg="No subscribers to send message" pubsub_uuid=Rc8EXumQGWwyMyDd3YaWSh message_uuid=1951e8c8-4f7e-4155-81c8-82a19c826d2e topic=message.EventAssetOCRCompleted
time=2026-08-21T20:29:11.474+02:00 level=INFO msg="starting text extraction for asset" id=da3ge4uqbbt3vq4jiuu0 filename=da3ge4uqbbt3vq4jiuu0-adhäsivprothetik-pdf
time=2026-08-21T20:29:11.515+02:00 level=INFO msg="text extraction completed successfully" id=da3ge4uqbbt3vq4jiuu0 text_length=23491 engine=pdf-textlayer
time=2026-08-21T20:29:11.526+02:00 level=INFO msg="No subscribers to send message" pubsub_uuid=Rc8EXumQGWwyMyDd3YaWSh message_uuid=ba821793-100e-4112-aae9-5df8c206d630 topic=message.EventAssetOCRCompleted
time=2026-08-21T20:29:11.528+02:00 level=INFO msg="starting text extraction for asset" id=da3ge4uqbbt3vq4jiv50 filename=da3ge4uqbbt3vq4jiv50-dzz_08_2010_praxisletter-dentinadhäsive-pdf
time=2026-08-21T20:29:11.540+02:00 level=INFO msg="text extraction completed successfully" id=da3ge4uqbbt3vq4jiv50 text_length=13399 engine=pdf-textlayer
time=2026-08-21T20:29:11.545+02:00 level=INFO msg="No subscribers to send message" pubsub_uuid=Rc8EXumQGWwyMyDd3YaWSh message_uuid=05c72751-5153-4c76-853c-fece35ab4147 topic=message.EventAssetOCRCompleted
time=2026-08-21T20:29:11.547+02:00 level=INFO msg="starting text extraction for asset" id=da3ge4uqbbt3vq4jivd0 filename=da3ge4uqbbt3vq4jivd0-komposit-zemente-pdf
time=2026-08-21T20:29:11.566+02:00 level=INFO msg="text extraction completed successfully" id=da3ge4uqbbt3vq4jivd0 text_length=32973 engine=pdf-textlayer
time=2026-08-21T20:29:11.571+02:00 level=INFO msg="No subscribers to send message" pubsub_uuid=Rc8EXumQGWwyMyDd3YaWSh message_uuid=83629f1c-7e09-4d05-b939-dde15d7e45b1 topic=message.EventAssetOCRCompleted
time=2026-08-21T20:29:11.573+02:00 level=INFO msg="starting text extraction for asset" id=da3ge4uqbbt3vq4jivm0 filename=da3ge4uqbbt3vq4jivm0-marginal-adaptation-of-three-self-adhesive-resin-cements-pdf
time=2026-08-21T20:29:11.580+02:00 level=INFO msg="text extraction completed successfully" id=da3ge4uqbbt3vq4jivm0 text_length=17748 engine=pdf-textlayer
time=2026-08-21T20:29:11.585+02:00 level=INFO msg="No subscribers to send message" pubsub_uuid=Rc8EXumQGWwyMyDd3YaWSh message_uuid=a122909a-b369-477c-a37a-2960dee10828 topic=message.EventAssetOCRCompleted
time=2026-08-21T20:29:11.586+02:00 level=INFO msg="starting text extraction for asset" id=da3ge4uqbbt3vq4jj000 filename=da3ge4uqbbt3vq4jj000-praxisletter-i-adhäsives-vs-konv-zementirennov2007-pdf
time=2026-08-21T20:29:11.594+02:00 level=INFO msg="text extraction completed successfully" id=da3ge4uqbbt3vq4jj000 text_length=10404 engine=pdf-textlayer
time=2026-08-21T20:29:11.598+02:00 level=INFO msg="No subscribers to send message" pubsub_uuid=Rc8EXumQGWwyMyDd3YaWSh message_uuid=0f326197-b9b0-4153-a669-6e3823dac8a6 topic=message.EventAssetOCRCompleted
time=2026-08-21T20:29:11.599+02:00 level=INFO msg="starting text extraction for asset" id=da3ge4uqbbt3vq4jj0b0 filename=da3ge4uqbbt3vq4jj0b0-self-adhesive-resin-cements-a-clinical-review-pdf
time=2026-08-21T20:29:11.613+02:00 level=INFO msg="text extraction completed successfully" id=da3ge4uqbbt3vq4jj0b0 text_length=35289 engine=pdf-textlayer
time=2026-08-21T20:29:11.620+02:00 level=INFO msg="No subscribers to send message" pubsub_uuid=Rc8EXumQGWwyMyDd3YaWSh topic=message.EventAssetOCRCompleted message_uuid=bf0b5e3b-3117-46b4-8b58-b516a7831fe6
time=2026-08-21T20:29:11.622+02:00 level=INFO msg="starting text extraction for asset" id=da3ge4uqbbt3vq4jj0n0 filename=da3ge4uqbbt3vq4jj0n0-self-adhesive-resin-cement-versus-zinc-phosphate-luting-pdf
time=2026-08-21T20:29:11.627+02:00 level=INFO msg="text extraction completed successfully" id=da3ge4uqbbt3vq4jj0n0 text_length=712 engine=pdf-textlayer
time=2026-08-21T20:29:11.629+02:00 level=INFO msg="No subscribers to send message" pubsub_uuid=Rc8EXumQGWwyMyDd3YaWSh message_uuid=e33dde85-4f66-431a-a59f-d867e8db6f9d topic=message.EventAssetOCRCompleted
time=2026-08-21T20:29:11.632+02:00 level=INFO msg="starting text extraction for asset" id=da3ge4uqbbt3vq4jj140 filename=da3ge4uqbbt3vq4jj140-the-bond-strength-of-the-resin-to-zirconia-interface-using-pdf
time=2026-08-21T20:29:11.636+02:00 level=INFO msg="text extraction completed successfully" id=da3ge4uqbbt3vq4jj140 text_length=783 engine=pdf-textlayer
time=2026-08-21T20:29:11.639+02:00 level=INFO msg="No subscribers to send message" pubsub_uuid=Rc8EXumQGWwyMyDd3YaWSh message_uuid=7c1c7f22-987c-4617-a691-bfd859b53303 topic=message.EventAssetOCRCompleted
time=2026-08-21T20:29:11.642+02:00 level=INFO msg="starting text extraction for asset" id=da3ge4uqbbt3vq4jj1i0 filename=da3ge4uqbbt3vq4jj1i0-1-indikation-keramik-pdf
time=2026-08-21T20:29:11.652+02:00 level=INFO msg="text extraction completed successfully" id=da3ge4uqbbt3vq4jj1i0 text_length=3839 engine=pdf-textlayer
time=2026-08-21T20:29:11.656+02:00 level=INFO msg="No subscribers to send message" pubsub_uuid=Rc8EXumQGWwyMyDd3YaWSh message_uuid=e878b87d-ee98-4698-9be9-b7fb79c2dfd2 topic=message.EventAssetOCRCompleted
time=2026-08-21T20:29:11.660+02:00 level=INFO msg="starting text extraction for asset" id=da3ge4uqbbt3vq4jj210 filename=da3ge4uqbbt3vq4jj210-2-chipping-vermeiden-pdf
time=2026-08-21T20:29:11.674+02:00 level=INFO msg="text extraction completed successfully" id=da3ge4uqbbt3vq4jj210 text_length=9180 engine=pdf-textlayer
time=2026-08-21T20:29:11.678+02:00 level=INFO msg="No subscribers to send message" pubsub_uuid=Rc8EXumQGWwyMyDd3YaWSh topic=message.EventAssetOCRCompleted message_uuid=54ed7965-43fb-4372-95fb-33f8f50f94a1
time=2026-08-21T20:29:11.683+02:00 level=INFO msg="starting text extraction for asset" id=da3ge4uqbbt3vq4jj2h0 filename=da3ge4uqbbt3vq4jj2h0-3-befestigen-keramik-pdf
time=2026-08-21T20:29:11.698+02:00 level=INFO msg="text extraction completed successfully" id=da3ge4uqbbt3vq4jj2h0 text_length=13628 engine=pdf-textlayer
time=2026-08-21T20:29:11.704+02:00 level=INFO msg="No subscribers to send message" pubsub_uuid=Rc8EXumQGWwyMyDd3YaWSh message_uuid=db84a58f-d4c8-48fd-9e4f-b1205beef387 topic=message.EventAssetOCRCompleted
time=2026-08-21T20:29:11.707+02:00 level=INFO msg="starting text extraction for asset" id=da3ge4uqbbt3vq4jj320 filename=da3ge4uqbbt3vq4jj320-4-begriff-zirkon-pdf
time=2026-08-21T20:29:11.713+02:00 level=INFO msg="text extraction completed successfully" id=da3ge4uqbbt3vq4jj320 text_length=4599 engine=pdf-textlayer
time=2026-08-21T20:29:11.716+02:00 level=INFO msg="No subscribers to send message" pubsub_uuid=Rc8EXumQGWwyMyDd3YaWSh message_uuid=9d6f55ea-a0e2-46f7-b0c2-b7f21863402d topic=message.EventAssetOCRCompleted
time=2026-08-21T20:29:11.718+02:00 level=INFO msg="starting text extraction for asset" id=da3ge4uqbbt3vq4jj3k0 filename=da3ge4uqbbt3vq4jj3k0-lit-chipping-bei-verblendkeramiken-pdf
time=2026-08-21T20:29:11.784+02:00 level=INFO msg="text extraction completed successfully" id=da3ge4uqbbt3vq4jj3k0 text_length=23431 engine=pdf-textlayer
time=2026-08-21T20:29:11.791+02:00 level=INFO msg="No subscribers to send message" pubsub_uuid=Rc8EXumQGWwyMyDd3YaWSh message_uuid=069323a4-084f-4fcd-99c5-e5bf2e340d76 topic=message.EventAssetOCRCompleted
time=2026-08-21T20:29:11.794+02:00 level=INFO msg="starting text extraction for asset" id=da3ge4uqbbt3vq4jj470 filename=da3ge4uqbbt3vq4jj470-lit-monolithisches-zitkoniumdioxid-pdf
time=2026-08-21T20:29:11.815+02:00 level=INFO msg="text extraction completed successfully" id=da3ge4uqbbt3vq4jj470 text_length=11196 engine=pdf-textlayer
time=2026-08-21T20:29:11.820+02:00 level=INFO msg="No subscribers to send message" pubsub_uuid=Rc8EXumQGWwyMyDd3YaWSh message_uuid=3a227bc9-88c8-42c0-b13f-978444cd7adb topic=message.EventAssetOCRCompleted
time=2026-08-21T20:29:11.825+02:00 level=INFO msg="starting text extraction for asset" id=da3ge4uqbbt3vq4jj4r0 filename=da3ge4uqbbt3vq4jj4r0-lit-politur-bei-zirkoniumdioxid-pdf
time=2026-08-21T20:29:11.829+02:00 level=WARN msg="pdf text layer extraction failed, will try rasterisation fallback" error="not a PDF file: missing %%EOF"
time=2026-08-21T20:29:15.344+02:00 level=WARN msg="OCR engine unavailable, skipping asset" id=da3ge4uqbbt3vq4jj4r0
time=2026-08-21T20:29:15.353+02:00 level=INFO msg="starting text extraction for asset" id=da3ge4uqbbt3vq4jj5g0 filename=da3ge4uqbbt3vq4jj5g0-lit-verschleiss-bei-monolithischem-zirkoniumdioxid-pdf
time=2026-08-21T20:29:15.384+02:00 level=INFO msg="text extraction completed successfully" id=da3ge4uqbbt3vq4jj5g0 text_length=56418 engine=pdf-textlayer
time=2026-08-21T20:29:15.390+02:00 level=INFO msg="No subscribers to send message" pubsub_uuid=Rc8EXumQGWwyMyDd3YaWSh message_uuid=19f35dd8-e00d-45c0-b834-e1362c7be181 topic=message.EventAssetOCRCompleted
time=2026-08-21T20:29:15.393+02:00 level=INFO msg="starting text extraction for asset" id=da3ge4uqbbt3vq4jj660 filename=da3ge4uqbbt3vq4jj660-lit-zweimedienverschleiß-bei-zirkoniumdioxid-pdf
time=2026-08-21T20:29:15.412+02:00 level=INFO msg="text extraction completed successfully" id=da3ge4uqbbt3vq4jj660 text_length=24463 engine=pdf-textlayer
time=2026-08-21T20:29:15.418+02:00 level=INFO msg="No subscribers to send message" pubsub_uuid=Rc8EXumQGWwyMyDd3YaWSh message_uuid=91fd6162-034a-421f-928c-7fabee03918e topic=message.EventAssetOCRCompleted
time=2026-08-21T20:29:15.428+02:00 level=INFO msg="starting text extraction for asset" id=da3ge4uqbbt3vq4jj6t0 filename=da3ge4uqbbt3vq4jj6t0-lit-änderung-der-bisslage-bei-einem-pdf
time=2026-08-21T20:29:15.457+02:00 level=INFO msg="text extraction completed successfully" id=da3ge4uqbbt3vq4jj6t0 text_length=14909 engine=pdf-textlayer
time=2026-08-21T20:29:15.463+02:00 level=INFO msg="No subscribers to send message" pubsub_uuid=Rc8EXumQGWwyMyDd3YaWSh message_uuid=d72940a0-66f2-4ae8-b4fa-5040f690042c topic=message.EventAssetOCRCompleted
time=2026-08-21T20:29:15.466+02:00 level=INFO msg="starting text extraction for asset" id=da3ge4uqbbt3vq4jj7l0 filename=da3ge4uqbbt3vq4jj7l0-lit-übersicht-keramische-werkstoffe-pdf
time=2026-08-21T20:29:15.490+02:00 level=INFO msg="text extraction completed successfully" id=da3ge4uqbbt3vq4jj7l0 text_length=42276 engine=pdf-textlayer
time=2026-08-21T20:29:15.497+02:00 level=INFO msg="No subscribers to send message" pubsub_uuid=Rc8EXumQGWwyMyDd3YaWSh message_uuid=fd0200b9-2bf1-432a-95c5-24abe8aaf80f topic=message.EventAssetOCRCompleted
time=2026-08-21T20:29:15.501+02:00 level=INFO msg="starting text extraction for asset" id=da3ge4uqbbt3vq4jj8e0 filename=da3ge4uqbbt3vq4jj8e0-lit-übersicht-über-verschiedene-arten-von-zirkoniumdioxid-und-deren-klinische-indikation-pdf
time=2026-08-21T20:29:15.508+02:00 level=INFO msg="text extraction completed successfully" id=da3ge4uqbbt3vq4jj8e0 text_length=11448 engine=pdf-textlayer
time=2026-08-21T20:29:15.512+02:00 level=INFO msg="No subscribers to send message" pubsub_uuid=Rc8EXumQGWwyMyDd3YaWSh topic=message.EventAssetOCRCompleted message_uuid=935cbe89-6fe9-4fbd-bfa0-bc208b524bf6
time=2026-08-21T20:29:15.524+02:00 level=INFO msg="starting text extraction for asset" id=da3ge4uqbbt3vq4jj980 filename=da3ge4uqbbt3vq4jj980-uni-vortrag_roland_22-10-2018-pdf
time=2026-08-21T20:29:15.539+02:00 level=INFO msg="text extraction completed successfully" id=da3ge4uqbbt3vq4jj980 text_length=7293 engine=pdf-textlayer
time=2026-08-21T20:29:15.544+02:00 level=INFO msg="No subscribers to send message" pubsub_uuid=Rc8EXumQGWwyMyDd3YaWSh message_uuid=dd5c2b6e-ee82-492f-85ca-33cbd7ec5a76 topic=message.EventAssetOCRCompleted
time=2026-08-21T20:29:15.693+02:00 level=INFO msg="starting text extraction for asset" id=da3ge56qbbt3vq4jjt70 filename=da3ge56qbbt3vq4jjt70-jüde-et-al-einführung-zahnärztliche-prothetik-pdf
time=2026-08-21T20:29:19.301+02:00 level=INFO msg="text extraction completed successfully" id=da3ge56qbbt3vq4jjt70 text_length=200000 engine=pdf-textlayer-weak
time=2026-08-21T20:29:19.313+02:00 level=INFO msg="No subscribers to send message" pubsub_uuid=Rc8EXumQGWwyMyDd3YaWSh message_uuid=f4e3e87b-8255-4a97-825d-c49046c55b99 topic=message.EventAssetOCRCompleted
time=2026-08-21T20:29:19.314+02:00 level=WARN msg="skipping OCR processing because file exceeds size limit" id=da3ge56qbbt3vq4jjuk0 size=104416866
time=2026-08-21T20:29:19.320+02:00 level=INFO msg="starting text extraction for asset" id=da3ge56qbbt3vq4jk020 filename=da3ge56qbbt3vq4jk020-dzz_11_2009_praxisletter_behr-rheumatoide-arthritis-pdf
time=2026-08-21T20:29:19.330+02:00 level=INFO msg="text extraction completed successfully" id=da3ge56qbbt3vq4jk020 text_length=10059 engine=pdf-textlayer
time=2026-08-21T20:29:19.334+02:00 level=INFO msg="No subscribers to send message" pubsub_uuid=Rc8EXumQGWwyMyDd3YaWSh message_uuid=824003d9-7071-4763-842f-22dbcc9c5778 topic=message.EventAssetOCRCompleted
time=2026-08-21T20:29:19.434+02:00 level=INFO msg="starting text extraction for asset" id=da3ge56qbbt3vq4jk1h0 filename=da3ge56qbbt3vq4jk1h0-diagnostik-pdf
time=2026-08-21T20:29:19.547+02:00 level=INFO msg="text extraction completed successfully" id=da3ge56qbbt3vq4jk1h0 text_length=6013 engine=pdf-textlayer
time=2026-08-21T20:29:19.552+02:00 level=INFO msg="No subscribers to send message" pubsub_uuid=Rc8EXumQGWwyMyDd3YaWSh message_uuid=c612b590-03b0-48af-8344-91f17fb402d0 topic=message.EventAssetOCRCompleted
time=2026-08-21T20:29:19.559+02:00 level=INFO msg="starting text extraction for asset" id=da3ge56qbbt3vq4jk310 filename=da3ge56qbbt3vq4jk310-kgw-behr-ss14-patientenfälle-pdf
time=2026-08-21T20:29:19.566+02:00 level=INFO msg="text extraction completed successfully" id=da3ge56qbbt3vq4jk310 text_length=4332 engine=pdf-textlayer
time=2026-08-21T20:29:19.572+02:00 level=INFO msg="No subscribers to send message" pubsub_uuid=Rc8EXumQGWwyMyDd3YaWSh message_uuid=48617a77-fb3e-4ee0-ab5e-4a8139caf3ec topic=message.EventAssetOCRCompleted
time=2026-08-21T20:29:19.596+02:00 level=INFO msg="starting text extraction for asset" id=da3ge56qbbt3vq4jk4i0 filename=da3ge56qbbt3vq4jk4i0-kgw-behr-ss14-teil-i-pdf
time=2026-08-21T20:29:19.698+02:00 level=INFO msg="text extraction completed successfully" id=da3ge56qbbt3vq4jk4i0 text_length=28540 engine=pdf-textlayer
time=2026-08-21T20:29:19.706+02:00 level=INFO msg="No subscribers to send message" pubsub_uuid=Rc8EXumQGWwyMyDd3YaWSh message_uuid=317c2f65-9082-4bce-9d7a-b6fac65ebcf5 topic=message.EventAssetOCRCompleted
time=2026-08-21T20:29:19.720+02:00 level=INFO msg="starting text extraction for asset" id=da3ge56qbbt3vq4jk640 filename=da3ge56qbbt3vq4jk640-kgw-behr-ss14-teil-ii-pdf
time=2026-08-21T20:29:19.777+02:00 level=INFO msg="text extraction completed successfully" id=da3ge56qbbt3vq4jk640 text_length=5751 engine=pdf-textlayer
time=2026-08-21T20:29:19.789+02:00 level=INFO msg="No subscribers to send message" pubsub_uuid=Rc8EXumQGWwyMyDd3YaWSh message_uuid=3284e972-34d9-4e52-bd92-edea51a6aced topic=message.EventAssetOCRCompleted
time=2026-08-21T20:29:19.801+02:00 level=INFO msg="starting text extraction for asset" id=da3ge56qbbt3vq4jk7n0 filename=da3ge56qbbt3vq4jk7n0-kgw-behr-ss14-teil-iii-pdf
time=2026-08-21T20:29:19.876+02:00 level=INFO msg="text extraction completed successfully" id=da3ge56qbbt3vq4jk7n0 text_length=29825 engine=pdf-textlayer
time=2026-08-21T20:29:19.887+02:00 level=INFO msg="No subscribers to send message" pubsub_uuid=Rc8EXumQGWwyMyDd3YaWSh message_uuid=5d2b9b7e-0042-4f35-b96f-958a432a81f5 topic=message.EventAssetOCRCompleted
time=2026-08-21T20:29:19.894+02:00 level=INFO msg="starting text extraction for asset" id=da3ge56qbbt3vq4jk9b0 filename=da3ge56qbbt3vq4jk9b0-kgw-fanghaenel-kiefergelenk-kaumechanismus-pdf
time=2026-08-21T20:29:19.898+02:00 level=WARN msg="pdf text layer extraction failed, will try rasterisation fallback" error="unsupported PDF: encryption version V=4; <</CF <</StdCF <</AuthEvent /DocOpen /CFM /V2 /Length 16>>>> /Filter /Standard /Length 128 /O \"\\x81I\\x9c\\xecz\\xed\\xc9\\x7f\\x9aɾ?\\x81f\\xfe4\\x7f.0\\xd6\\xf6\\x92\\v@\\xfcm6\\x83'\\xb0\\xee'\" /P -1852 /R 4 /StmF /StdCF /StrF /StdCF /U \"Ʀ\\x90\\xa3\\x93x\\f\\x02\\xc5\\xe2#+\\xd5\\xddc)\\x00\\x00\\x00\\x00\\x00\\x00\\x00\\x00\\x00\\x00\\x00\\x00\\x00\\x00\\x00\\x00\" /V 4>>"
time=2026-08-21T20:29:21.882+02:00 level=WARN msg="OCR engine unavailable, skipping asset" id=da3ge56qbbt3vq4jk9b0
time=2026-08-21T20:29:21.933+02:00 level=INFO msg="starting text extraction for asset" id=da3ge5eqbbt3vq4jkb00 filename=da3ge5eqbbt3vq4jkb00-kgw-fanghaenel-topografie-kieferregion-pdf
time=2026-08-21T20:29:22.008+02:00 level=INFO msg="text extraction completed successfully" id=da3ge5eqbbt3vq4jkb00 text_length=13459 engine=pdf-textlayer
time=2026-08-21T20:29:22.016+02:00 level=INFO msg="No subscribers to send message" pubsub_uuid=Rc8EXumQGWwyMyDd3YaWSh topic=message.EventAssetOCRCompleted message_uuid=e8c94558-2049-4c8a-b780-45744f8b1344
time=2026-08-21T20:29:22.020+02:00 level=INFO msg="starting text extraction for asset" id=da3ge5eqbbt3vq4jkcm0 filename=da3ge5eqbbt3vq4jkcm0-praxisletter_diskusverlagerung_behr-pdf
time=2026-08-21T20:29:22.057+02:00 level=INFO msg="text extraction completed successfully" id=da3ge5eqbbt3vq4jkcm0 text_length=33888 engine=pdf-textlayer
time=2026-08-21T20:29:22.065+02:00 level=INFO msg="No subscribers to send message" pubsub_uuid=Rc8EXumQGWwyMyDd3YaWSh message_uuid=b012832c-b43d-4dbb-8c98-239fd1076cb9 topic=message.EventAssetOCRCompleted
time=2026-08-21T20:29:22.069+02:00 level=INFO msg="starting text extraction for asset" id=da3ge5eqbbt3vq4jked0 filename=da3ge5eqbbt3vq4jked0-sapho-syndrom-pdf
time=2026-08-21T20:29:22.076+02:00 level=INFO msg="text extraction completed successfully" id=da3ge5eqbbt3vq4jked0 text_length=21476 engine=pdf-textlayer
time=2026-08-21T20:29:22.081+02:00 level=INFO msg="No subscribers to send message" pubsub_uuid=Rc8EXumQGWwyMyDd3YaWSh topic=message.EventAssetOCRCompleted message_uuid=13da639a-bc0d-47f5-a40c-b9af62877642
time=2026-08-21T20:29:22.082+02:00 level=WARN msg="skipping OCR processing because file exceeds size limit" id=da3ge5eqbbt3vq4jkg50 size=79616332
time=2026-08-21T20:29:22.087+02:00 level=INFO msg="starting text extraction for asset" id=da3ge5eqbbt3vq4jkhu0 filename=da3ge5eqbbt3vq4jkhu0-tid-101-pdf
time=2026-08-21T20:29:22.098+02:00 level=INFO msg="text extraction completed successfully" id=da3ge5eqbbt3vq4jkhu0 text_length=66713 engine=pdf-textlayer
time=2026-08-21T20:29:22.104+02:00 level=INFO msg="No subscribers to send message" pubsub_uuid=Rc8EXumQGWwyMyDd3YaWSh message_uuid=67c9926f-fc8f-4435-9d64-58f905321c25 topic=message.EventAssetOCRCompleted
time=2026-08-21T20:29:22.105+02:00 level=WARN msg="skipping OCR processing because file exceeds size limit" id=da3ge5eqbbt3vq4jkjo0 size=63242786
time=2026-08-21T20:29:22.111+02:00 level=INFO msg="starting text extraction for asset" id=da3ge5eqbbt3vq4jklj0 filename=da3ge5eqbbt3vq4jklj0-tinnitus_behr_mcs-pdf
time=2026-08-21T20:29:22.136+02:00 level=INFO msg="text extraction completed successfully" id=da3ge5eqbbt3vq4jklj0 text_length=45845 engine=pdf-textlayer
time=2026-08-21T20:29:22.143+02:00 level=INFO msg="No subscribers to send message" pubsub_uuid=Rc8EXumQGWwyMyDd3YaWSh message_uuid=015e44a6-cdb3-4daf-bab4-681e22b4a198 topic=message.EventAssetOCRCompleted
time=2026-08-21T20:29:22.153+02:00 level=INFO msg="starting text extraction for asset" id=da3ge5eqbbt3vq4jknf0 filename=da3ge5eqbbt3vq4jknf0-kurzanleitung-zur-herstellung-einer-unterfütterung-pdf
time=2026-08-21T20:29:22.157+02:00 level=WARN msg="pdf text layer extraction failed, will try rasterisation fallback" error="pdf text layer extraction panicked: loading {29 0}: found {28 0}"
time=2026-08-21T20:29:26.754+02:00 level=WARN msg="OCR engine unavailable, skipping asset" id=da3ge5eqbbt3vq4jknf0
time=2026-08-21T20:29:26.763+02:00 level=INFO msg="starting text extraction for asset" id=da3ge5eqbbt3vq4jkpc0 filename=da3ge5eqbbt3vq4jkpc0-phantomübung-adhäsivbrücke-pdf
time=2026-08-21T20:29:26.767+02:00 level=INFO msg="text extraction completed successfully" id=da3ge5eqbbt3vq4jkpc0 text_length=956 engine=pdf-textlayer
time=2026-08-21T20:29:26.770+02:00 level=INFO msg="No subscribers to send message" pubsub_uuid=Rc8EXumQGWwyMyDd3YaWSh message_uuid=03819e04-bec1-4a83-887c-391ee0199f25 topic=message.EventAssetOCRCompleted
time=2026-08-21T20:29:26.776+02:00 level=INFO msg="starting text extraction for asset" id=da3ge5eqbbt3vq4jkt90 filename=da3ge5eqbbt3vq4jkt90-seminar-schienenherstellung-pdf
time=2026-08-21T20:29:26.780+02:00 level=INFO msg="text extraction completed successfully" id=da3ge5eqbbt3vq4jkt90 text_length=3180 engine=pdf-textlayer
time=2026-08-21T20:29:26.783+02:00 level=INFO msg="No subscribers to send message" pubsub_uuid=Rc8EXumQGWwyMyDd3YaWSh message_uuid=dfcfa756-545c-4b9a-bedc-f40e0248fdf6 topic=message.EventAssetOCRCompleted
time=2026-08-21T20:29:26.793+02:00 level=INFO msg="starting text extraction for asset" id=da3ge5eqbbt3vq4jkv90 filename=da3ge5eqbbt3vq4jkv90-seminar-unterfütterungen-und-reparaturen-pdf
time=2026-08-21T20:29:26.797+02:00 level=WARN msg="pdf text layer extraction failed, will try rasterisation fallback" error="pdf text layer extraction panicked: loading {32 0}: found {31 0}"
time=2026-08-21T20:29:34.953+02:00 level=WARN msg="OCR engine unavailable, skipping asset" id=da3ge5eqbbt3vq4jkv90
time=2026-08-21T20:29:34.976+02:00 level=INFO msg="starting text extraction for asset" id=da3ge5eqbbt3vq4jl1a0 filename=da3ge5eqbbt3vq4jl1a0-stegarbeit-pdf
time=2026-08-21T20:29:34.981+02:00 level=INFO msg="text extraction completed successfully" id=da3ge5eqbbt3vq4jl1a0 text_length=1832 engine=pdf-textlayer
time=2026-08-21T20:29:34.984+02:00 level=INFO msg="No subscribers to send message" pubsub_uuid=Rc8EXumQGWwyMyDd3YaWSh message_uuid=a8253dd7-a6af-4da0-b93c-4c7b020e086b topic=message.EventAssetOCRCompleted
time=2026-08-21T20:29:34.991+02:00 level=INFO msg="starting text extraction for asset" id=da3ge5eqbbt3vq4jl5f0 filename=da3ge5eqbbt3vq4jl5f0-adhäsive-oder-konventionell-zementieren-pdf
time=2026-08-21T20:29:37.317+02:00 level=INFO msg="text extraction completed successfully" id=da3ge5eqbbt3vq4jl5f0 text_length=199998 engine=pdf-textlayer-weak
time=2026-08-21T20:29:37.336+02:00 level=INFO msg="No subscribers to send message" pubsub_uuid=Rc8EXumQGWwyMyDd3YaWSh message_uuid=16def5d5-7b09-46b0-be13-228e038852c0 topic=message.EventAssetOCRCompleted
time=2026-08-21T20:29:37.337+02:00 level=WARN msg="skipping OCR processing because file exceeds size limit" id=da3ge5eqbbt3vq4jl7j0 size=100609021
time=2026-08-21T20:29:37.442+02:00 level=INFO msg="starting text extraction for asset" id=da3ge5mqbbt3vq4jlbu0 filename=da3ge5mqbbt3vq4jlbu0-annals-of-anatomy-pdf
time=2026-08-21T20:29:41.700+02:00 level=WARN msg="OCR engine unavailable, skipping asset" id=da3ge5mqbbt3vq4jlbu0
time=2026-08-21T20:29:41.737+02:00 level=INFO msg="starting text extraction for asset" id=da3ge5mqbbt3vq4jlpn0 filename=da3ge5mqbbt3vq4jlpn0-clin-oral-invest-2012-16-selfadhesive-resins-pdf
time=2026-08-21T20:29:41.752+02:00 level=INFO msg="text extraction completed successfully" id=da3ge5mqbbt3vq4jlpn0 text_length=35903 engine=pdf-textlayer
time=2026-08-21T20:29:41.760+02:00 level=INFO msg="No subscribers to send message" pubsub_uuid=Rc8EXumQGWwyMyDd3YaWSh message_uuid=03ece17c-400e-4a05-bbb9-0e77913f799e topic=message.EventAssetOCRCompleted
time=2026-08-21T20:29:41.762+02:00 level=INFO msg="starting text extraction for asset" id=da3ge5mqbbt3vq4jls40 filename=da3ge5mqbbt3vq4jls40-clinical-frc-fpdengkorr-pdf
time=2026-08-21T20:29:41.779+02:00 level=INFO msg="text extraction completed successfully" id=da3ge5mqbbt3vq4jls40 text_length=22814 engine=pdf-textlayer
time=2026-08-21T20:29:41.785+02:00 level=INFO msg="No subscribers to send message" pubsub_uuid=Rc8EXumQGWwyMyDd3YaWSh message_uuid=7436515a-eba7-4911-ad1b-3232cec01945 topic=message.EventAssetOCRCompleted
time=2026-08-21T20:29:41.788+02:00 level=INFO msg="starting text extraction for asset" id=da3ge5mqbbt3vq4jlui0 filename=da3ge5mqbbt3vq4jlui0-concepts-treatment-missing-teeth-pdf
time=2026-08-21T20:29:41.807+02:00 level=INFO msg="text extraction completed successfully" id=da3ge5mqbbt3vq4jlui0 text_length=51415 engine=pdf-textlayer
time=2026-08-21T20:29:41.815+02:00 level=INFO msg="No subscribers to send message" pubsub_uuid=Rc8EXumQGWwyMyDd3YaWSh message_uuid=30ca6c75-8341-4ad4-bceb-4b7f19d7e776 topic=message.EventAssetOCRCompleted
time=2026-08-21T20:29:41.824+02:00 level=INFO msg="starting text extraction for asset" id=da3ge5mqbbt3vq4jm3h0 filename=da3ge5mqbbt3vq4jm3h0-dorner-pdf
time=2026-08-21T20:29:41.849+02:00 level=INFO msg="text extraction completed successfully" id=da3ge5mqbbt3vq4jm3h0 text_length=27988 engine=pdf-textlayer
time=2026-08-21T20:29:41.855+02:00 level=INFO msg="No subscribers to send message" pubsub_uuid=Rc8EXumQGWwyMyDd3YaWSh topic=message.EventAssetOCRCompleted message_uuid=42883995-5580-429c-ae6f-485bba800482
time=2026-08-21T20:29:41.871+02:00 level=INFO msg="starting text extraction for asset" id=da3ge5uqbbt3vq4jmdr0 filename=da3ge5uqbbt3vq4jmdr0-kausimulator-ii-pdf
time=2026-08-21T20:29:41.892+02:00 level=INFO msg="text extraction completed successfully" id=da3ge5uqbbt3vq4jmdr0 text_length=19587 engine=pdf-textlayer
time=2026-08-21T20:29:41.899+02:00 level=INFO msg="No subscribers to send message" pubsub_uuid=Rc8EXumQGWwyMyDd3YaWSh message_uuid=11a2c48f-bd6c-45f9-b822-a28ea9006423 topic=message.EventAssetOCRCompleted
time=2026-08-21T20:29:41.902+02:00 level=INFO msg="starting text extraction for asset" id=da3ge5uqbbt3vq4jmgg0 filename=da3ge5uqbbt3vq4jmgg0-kausimulator-pdf
time=2026-08-21T20:29:41.913+02:00 level=INFO msg="text extraction completed successfully" id=da3ge5uqbbt3vq4jmgg0 text_length=19900 engine=pdf-textlayer
time=2026-08-21T20:29:41.919+02:00 level=INFO msg="No subscribers to send message" pubsub_uuid=Rc8EXumQGWwyMyDd3YaWSh message_uuid=db1b50f7-6304-45ec-b1d4-ec155fdff5d3 topic=message.EventAssetOCRCompleted
time=2026-08-21T20:29:41.932+02:00 level=INFO msg="starting text extraction for asset" id=da3ge5uqbbt3vq4jmj60 filename=da3ge5uqbbt3vq4jmj60-all-ceramic-crowns-bonding-or-cementing-pdf
time=2026-08-21T20:29:41.936+02:00 level=WARN msg="pdf text layer extraction failed, will try rasterisation fallback" error="not a PDF file: missing %%EOF"
time=2026-08-21T20:29:46.808+02:00 level=WARN msg="OCR engine unavailable, skipping asset" id=da3ge5uqbbt3vq4jmj60
time=2026-08-21T20:29:46.823+02:00 level=INFO msg="starting text extraction for asset" id=da3ge5uqbbt3vq4jmlt0 filename=da3ge5uqbbt3vq4jmlt0-aufbaufüllung-und-zirkon-pdf
time=2026-08-21T20:29:46.831+02:00 level=INFO msg="text extraction completed successfully" id=da3ge5uqbbt3vq4jmlt0 text_length=18914 engine=pdf-textlayer
time=2026-08-21T20:29:46.836+02:00 level=INFO msg="No subscribers to send message" pubsub_uuid=Rc8EXumQGWwyMyDd3YaWSh message_uuid=71c511dd-ec71-4ee4-862b-6e95558ea84f topic=message.EventAssetOCRCompleted
time=2026-08-21T20:29:46.846+02:00 level=INFO msg="starting text extraction for asset" id=da3ge5uqbbt3vq4jmol0 filename=da3ge5uqbbt3vq4jmol0-effect-of-zirconium-oxide-ceramic-surface-treatments-on-the-bond-strength-to-adhesive-resin-pdf
time=2026-08-21T20:29:46.849+02:00 level=WARN msg="pdf text layer extraction failed, will try rasterisation fallback" error="not a PDF file: missing %%EOF"
time=2026-08-21T20:29:49.498+02:00 level=WARN msg="OCR engine unavailable, skipping asset" id=da3ge5uqbbt3vq4jmol0
time=2026-08-21T20:29:49.550+02:00 level=INFO msg="starting text extraction for asset" id=da3ge5uqbbt3vq4jmre0 filename=da3ge5uqbbt3vq4jmre0-empress-werkstoffwissenschaft-und-klinik-pdf
time=2026-08-21T20:29:55.456+02:00 level=WARN msg="OCR engine unavailable, skipping asset" id=da3ge5uqbbt3vq4jmre0
time=2026-08-21T20:29:55.495+02:00 level=INFO msg="starting text extraction for asset" id=da3ge5uqbbt3vq4jmu80 filename=da3ge5uqbbt3vq4jmu80-retention-of-zirconium-oxide-ceramic-crowns-with-three-trypes-of-cement-pdf
time=2026-08-21T20:29:55.501+02:00 level=WARN msg="pdf text layer extraction failed, will try rasterisation fallback" error="not a PDF file: missing %%EOF"
time=2026-08-21T20:29:59.987+02:00 level=WARN msg="OCR engine unavailable, skipping asset" id=da3ge5uqbbt3vq4jmu80
time=2026-08-21T20:30:00.002+02:00 level=INFO msg="starting text extraction for asset" id=da3ge5uqbbt3vq4jn130 filename=da3ge5uqbbt3vq4jn130-schäden-an-der-kermaikverblendung-pdf
time=2026-08-21T20:30:00.034+02:00 level=INFO msg="text extraction completed successfully" id=da3ge5uqbbt3vq4jn130 text_length=23312 engine=pdf-textlayer
time=2026-08-21T20:30:00.042+02:00 level=INFO msg="No subscribers to send message" pubsub_uuid=Rc8EXumQGWwyMyDd3YaWSh message_uuid=0b5f1bde-73fe-4ac6-98ea-8c34c02875ba topic=message.EventAssetOCRCompleted
time=2026-08-21T20:30:00.045+02:00 level=INFO msg="starting text extraction for asset" id=da3ge5uqbbt3vq4jn3v0 filename=da3ge5uqbbt3vq4jn3v0-vollzirkonverschleiß-pdf
time=2026-08-21T20:30:00.124+02:00 level=INFO msg="text extraction completed successfully" id=da3ge5uqbbt3vq4jn3v0 text_length=34491 engine=pdf-textlayer
time=2026-08-21T20:30:00.133+02:00 level=INFO msg="No subscribers to send message" pubsub_uuid=Rc8EXumQGWwyMyDd3YaWSh message_uuid=ed91394d-b46d-482f-9b7f-1219a6987440 topic=message.EventAssetOCRCompleted
time=2026-08-21T20:30:00.139+02:00 level=INFO msg="starting text extraction for asset" id=da3ge5uqbbt3vq4jn9q0 filename=da3ge5uqbbt3vq4jn9q0-bruxismus-pdf
time=2026-08-21T20:30:00.172+02:00 level=INFO msg="text extraction completed successfully" id=da3ge5uqbbt3vq4jn9q0 text_length=23391 engine=pdf-textlayer
time=2026-08-21T20:30:00.179+02:00 level=INFO msg="No subscribers to send message" pubsub_uuid=Rc8EXumQGWwyMyDd3YaWSh message_uuid=feb0a974-9cf8-4261-a5d4-3b9ae0bcf0b1 topic=message.EventAssetOCRCompleted
time=2026-08-21T20:30:00.208+02:00 level=INFO msg="starting text extraction for asset" id=da3ge5uqbbt3vq4jncp0 filename=da3ge5uqbbt3vq4jncp0-funktionelle_anatomie_kiefergelenk_prof_behr-pdf
time=2026-08-21T20:30:06.601+02:00 level=WARN msg="OCR engine unavailable, skipping asset" id=da3ge5uqbbt3vq4jncp0
time=2026-08-21T20:30:06.622+02:00 level=INFO msg="starting text extraction for asset" id=da3ge5uqbbt3vq4jniq0 filename=da3ge5uqbbt3vq4jniq0-psyche-und-zahnersatz-pdf
time=2026-08-21T20:30:06.678+02:00 level=INFO msg="text extraction completed successfully" id=da3ge5uqbbt3vq4jniq0 text_length=41758 engine=pdf-textlayer
time=2026-08-21T20:30:06.687+02:00 level=INFO msg="No subscribers to send message" pubsub_uuid=Rc8EXumQGWwyMyDd3YaWSh message_uuid=11485fd3-a70c-4a3c-b928-eeb8e82babde topic=message.EventAssetOCRCompleted
time=2026-08-21T20:30:06.692+02:00 level=INFO msg="starting text extraction for asset" id=da3ge66qbbt3vq4jnov0 filename=da3ge66qbbt3vq4jnov0-schienentherapie-pdf
time=2026-08-21T20:30:26.710+02:00 level=ERROR msg="text extraction exceeded time budget, abandoning asset to bound memory use" id=da3ge66qbbt3vq4jnov0 filename=da3ge66qbbt3vq4jnov0-schienentherapie-pdf timeout=20s
extracted text from 712 assets
one asset exceeded its extraction time budget and was skipped; stopping this run to release its memory. Re-run --phase ocr to continue.
time=2026-08-21T20:30:26.839+02:00 level=INFO msg="configured plugin runtime provider" provider=local
time=2026-08-21T20:30:26.839+02:00 level=INFO msg="configured plugin runtime server url" server_url=http://localhost:8000
=== run 12 Fri Aug 21 20:30:29     2026 ===
time=2026-08-21T20:30:31.921+02:00 level=INFO msg="starting text extraction for asset" id=da3ge3eqbbt3vq4jaor0 filename=da3ge3eqbbt3vq4jaor0-7-halszysten_tbc_sinusitis-pdf
time=2026-08-21T20:30:31.992+02:00 level=WARN msg="pdf text layer extraction failed, will try rasterisation fallback" error="encrypted PDF: invalid password"
time=2026-08-21T20:30:32.053+02:00 level=ERROR msg="text extraction failed for asset" id=da3ge3eqbbt3vq4jaor0 error="pdftoppm execution failed: exit status 1"
time=2026-08-21T20:30:32.059+02:00 level=WARN msg="failed to process asset for text extraction" id=da3ge3eqbbt3vq4jaor0 error="pdftoppm execution failed: exit status 1"
time=2026-08-21T20:30:32.062+02:00 level=INFO msg="starting text extraction for asset" id=da3ge3eqbbt3vq4japc0 filename=da3ge3eqbbt3vq4japc0-entzündungspathologie_i-pdf
time=2026-08-21T20:30:32.066+02:00 level=WARN msg="pdf text layer extraction failed, will try rasterisation fallback" error="encrypted PDF: invalid password"
time=2026-08-21T20:30:32.112+02:00 level=ERROR msg="text extraction failed for asset" id=da3ge3eqbbt3vq4japc0 error="pdftoppm execution failed: exit status 1"
time=2026-08-21T20:30:32.118+02:00 level=WARN msg="failed to process asset for text extraction" id=da3ge3eqbbt3vq4japc0 error="pdftoppm execution failed: exit status 1"
time=2026-08-21T20:30:32.124+02:00 level=INFO msg="starting text extraction for asset" id=da3ge3eqbbt3vq4japm0 filename=da3ge3eqbbt3vq4japm0-haut-pdf
time=2026-08-21T20:30:32.128+02:00 level=WARN msg="pdf text layer extraction failed, will try rasterisation fallback" error="encrypted PDF: invalid password"
time=2026-08-21T20:30:32.178+02:00 level=ERROR msg="text extraction failed for asset" id=da3ge3eqbbt3vq4japm0 error="pdftoppm execution failed: exit status 1"
time=2026-08-21T20:30:32.183+02:00 level=WARN msg="failed to process asset for text extraction" id=da3ge3eqbbt3vq4japm0 error="pdftoppm execution failed: exit status 1"
time=2026-08-21T20:30:32.191+02:00 level=INFO msg="starting text extraction for asset" id=da3ge3eqbbt3vq4jaq10 filename=da3ge3eqbbt3vq4jaq10-herz_kreislauf_i_und_ii-pdf
time=2026-08-21T20:30:32.196+02:00 level=WARN msg="pdf text layer extraction failed, will try rasterisation fallback" error="encrypted PDF: invalid password"
time=2026-08-21T20:30:32.245+02:00 level=ERROR msg="text extraction failed for asset" id=da3ge3eqbbt3vq4jaq10 error="pdftoppm execution failed: exit status 1"
time=2026-08-21T20:30:32.250+02:00 level=WARN msg="failed to process asset for text extraction" id=da3ge3eqbbt3vq4jaq10 error="pdftoppm execution failed: exit status 1"
time=2026-08-21T20:30:32.257+02:00 level=INFO msg="starting text extraction for asset" id=da3ge3eqbbt3vq4jaqd0 filename=da3ge3eqbbt3vq4jaqd0-immunpathologie-pdf
time=2026-08-21T20:30:32.261+02:00 level=WARN msg="pdf text layer extraction failed, will try rasterisation fallback" error="encrypted PDF: invalid password"
time=2026-08-21T20:30:32.309+02:00 level=ERROR msg="text extraction failed for asset" id=da3ge3eqbbt3vq4jaqd0 error="pdftoppm execution failed: exit status 1"
time=2026-08-21T20:30:32.315+02:00 level=WARN msg="failed to process asset for text extraction" id=da3ge3eqbbt3vq4jaqd0 error="pdftoppm execution failed: exit status 1"
time=2026-08-21T20:30:32.318+02:00 level=INFO msg="starting text extraction for asset" id=da3ge3eqbbt3vq4jaqq0 filename=da3ge3eqbbt3vq4jaqq0-oralpathologie-i-pdf-passwort-patho1213-pdf
time=2026-08-21T20:30:32.323+02:00 level=WARN msg="pdf text layer extraction failed, will try rasterisation fallback" error="encrypted PDF: invalid password"
time=2026-08-21T20:30:32.480+02:00 level=ERROR msg="text extraction failed for asset" id=da3ge3eqbbt3vq4jaqq0 error="pdftoppm execution failed: exit status 1"
time=2026-08-21T20:30:32.487+02:00 level=WARN msg="failed to process asset for text extraction" id=da3ge3eqbbt3vq4jaqq0 error="pdftoppm execution failed: exit status 1"
time=2026-08-21T20:30:32.496+02:00 level=INFO msg="starting text extraction for asset" id=da3ge3eqbbt3vq4jar80 filename=da3ge3eqbbt3vq4jar80-oralpathologie-ii-pdf
time=2026-08-21T20:30:32.502+02:00 level=WARN msg="pdf text layer extraction failed, will try rasterisation fallback" error="encrypted PDF: invalid password"
time=2026-08-21T20:30:32.551+02:00 level=ERROR msg="text extraction failed for asset" id=da3ge3eqbbt3vq4jar80 error="pdftoppm execution failed: exit status 1"
time=2026-08-21T20:30:32.557+02:00 level=WARN msg="failed to process asset for text extraction" id=da3ge3eqbbt3vq4jar80 error="pdftoppm execution failed: exit status 1"
time=2026-08-21T20:30:32.561+02:00 level=INFO msg="starting text extraction for asset" id=da3ge3eqbbt3vq4jarn0 filename=da3ge3eqbbt3vq4jarn0-oralpathologie-iii-pdf
time=2026-08-21T20:30:32.565+02:00 level=WARN msg="pdf text layer extraction failed, will try rasterisation fallback" error="encrypted PDF: invalid password"
time=2026-08-21T20:30:32.614+02:00 level=ERROR msg="text extraction failed for asset" id=da3ge3eqbbt3vq4jarn0 error="pdftoppm execution failed: exit status 1"
time=2026-08-21T20:30:32.620+02:00 level=WARN msg="failed to process asset for text extraction" id=da3ge3eqbbt3vq4jarn0 error="pdftoppm execution failed: exit status 1"
time=2026-08-21T20:30:32.626+02:00 level=INFO msg="starting text extraction for asset" id=da3ge3mqbbt3vq4jb0j0 filename=da3ge3mqbbt3vq4jb0j0-pathologie_der_speicheldrüsen-pdf
time=2026-08-21T20:30:32.630+02:00 level=WARN msg="pdf text layer extraction failed, will try rasterisation fallback" error="encrypted PDF: invalid password"
time=2026-08-21T20:30:32.678+02:00 level=ERROR msg="text extraction failed for asset" id=da3ge3mqbbt3vq4jb0j0 error="pdftoppm execution failed: exit status 1"
time=2026-08-21T20:30:32.684+02:00 level=WARN msg="failed to process asset for text extraction" id=da3ge3mqbbt3vq4jb0j0 error="pdftoppm execution failed: exit status 1"
time=2026-08-21T20:30:32.685+02:00 level=INFO msg="starting text extraction for asset" id=da3ge3mqbbt3vq4jb1b0 filename=da3ge3mqbbt3vq4jb1b0-pathologie_der_verdauung-pdf
time=2026-08-21T20:30:32.689+02:00 level=WARN msg="pdf text layer extraction failed, will try rasterisation fallback" error="encrypted PDF: invalid password"
time=2026-08-21T20:30:32.735+02:00 level=ERROR msg="text extraction failed for asset" id=da3ge3mqbbt3vq4jb1b0 error="pdftoppm execution failed: exit status 1"
time=2026-08-21T20:30:32.741+02:00 level=WARN msg="failed to process asset for text extraction" id=da3ge3mqbbt3vq4jb1b0 error="pdftoppm execution failed: exit status 1"
time=2026-08-21T20:30:32.743+02:00 level=INFO msg="starting text extraction for asset" id=da3ge3mqbbt3vq4jb240 filename=da3ge3mqbbt3vq4jb240-schilddrüsenpathologie-pdf
time=2026-08-21T20:30:32.747+02:00 level=WARN msg="pdf text layer extraction failed, will try rasterisation fallback" error="encrypted PDF: invalid password"
time=2026-08-21T20:30:32.796+02:00 level=ERROR msg="text extraction failed for asset" id=da3ge3mqbbt3vq4jb240 error="pdftoppm execution failed: exit status 1"
time=2026-08-21T20:30:32.802+02:00 level=WARN msg="failed to process asset for text extraction" id=da3ge3mqbbt3vq4jb240 error="pdftoppm execution failed: exit status 1"
time=2026-08-21T20:30:32.805+02:00 level=INFO msg="starting text extraction for asset" id=da3ge3mqbbt3vq4jb2u0 filename=da3ge3mqbbt3vq4jb2u0-tonsillen-pdf
time=2026-08-21T20:30:32.809+02:00 level=WARN msg="pdf text layer extraction failed, will try rasterisation fallback" error="encrypted PDF: invalid password"
time=2026-08-21T20:30:32.856+02:00 level=ERROR msg="text extraction failed for asset" id=da3ge3mqbbt3vq4jb2u0 error="pdftoppm execution failed: exit status 1"
time=2026-08-21T20:30:32.863+02:00 level=WARN msg="failed to process asset for text extraction" id=da3ge3mqbbt3vq4jb2u0 error="pdftoppm execution failed: exit status 1"
time=2026-08-21T20:30:32.902+02:00 level=INFO msg="starting text extraction for asset" id=da3ge3mqbbt3vq4jb3p0 filename=da3ge3mqbbt3vq4jb3p0-tumorpathologie-pdf
time=2026-08-21T20:30:32.911+02:00 level=WARN msg="pdf text layer extraction failed, will try rasterisation fallback" error="encrypted PDF: invalid password"
time=2026-08-21T20:30:32.996+02:00 level=ERROR msg="text extraction failed for asset" id=da3ge3mqbbt3vq4jb3p0 error="pdftoppm execution failed: exit status 1"
time=2026-08-21T20:30:33.002+02:00 level=WARN msg="failed to process asset for text extraction" id=da3ge3mqbbt3vq4jb3p0 error="pdftoppm execution failed: exit status 1"
time=2026-08-21T20:30:33.003+02:00 level=INFO msg="starting text extraction for asset" id=da3ge3mqbbt3vq4jb4l0 filename=da3ge3mqbbt3vq4jb4l0-tumorursachen_klassifikation-pdf
time=2026-08-21T20:30:33.008+02:00 level=WARN msg="pdf text layer extraction failed, will try rasterisation fallback" error="encrypted PDF: invalid password"
time=2026-08-21T20:30:33.053+02:00 level=ERROR msg="text extraction failed for asset" id=da3ge3mqbbt3vq4jb4l0 error="pdftoppm execution failed: exit status 1"
time=2026-08-21T20:30:33.058+02:00 level=WARN msg="failed to process asset for text extraction" id=da3ge3mqbbt3vq4jb4l0 error="pdftoppm execution failed: exit status 1"
time=2026-08-21T20:30:33.068+02:00 level=INFO msg="starting text extraction for asset" id=da3ge66qbbt3vq4jns30 filename=da3ge66qbbt3vq4jns30-klebebrücken-in-vivo-in-vitro-pdf
time=2026-08-21T20:30:33.074+02:00 level=INFO msg="text extraction completed successfully" id=da3ge66qbbt3vq4jns30 text_length=22388 engine=pdf-textlayer
time=2026-08-21T20:30:33.080+02:00 level=INFO msg="No subscribers to send message" pubsub_uuid=5NhhJuZRVivhiUuJGfHfnV message_uuid=a084b457-f0d7-44d8-8dcc-971ab416076a topic=message.EventAssetOCRCompleted
time=2026-08-21T20:30:33.100+02:00 level=INFO msg="starting text extraction for asset" id=da3ge66qbbt3vq4jo2e0 filename=da3ge66qbbt3vq4jo2e0-adhesion-mechanism-of-self-etching-adhesives-pdf
time=2026-08-21T20:30:36.924+02:00 level=WARN msg="OCR engine unavailable, skipping asset" id=da3ge66qbbt3vq4jo2e0
time=2026-08-21T20:30:37.004+02:00 level=INFO msg="starting text extraction for asset" id=da3ge66qbbt3vq4jo8t0 filename=da3ge66qbbt3vq4jo8t0-dentinadhäsive-pdf
time=2026-08-21T20:30:37.011+02:00 level=WARN msg="pdf text layer extraction failed, will try rasterisation fallback" error="not a PDF file: missing %%EOF"
time=2026-08-21T20:30:42.664+02:00 level=WARN msg="OCR engine unavailable, skipping asset" id=da3ge66qbbt3vq4jo8t0
time=2026-08-21T20:30:42.708+02:00 level=INFO msg="starting text extraction for asset" id=da3ge66qbbt3vq4joc60 filename=da3ge66qbbt3vq4joc60-der-gefüllte-zahn-ein-komplexes-verbundsystem-pdf
time=2026-08-21T20:30:48.042+02:00 level=WARN msg="OCR engine unavailable, skipping asset" id=da3ge66qbbt3vq4joc60
time=2026-08-21T20:30:48.144+02:00 level=INFO msg="starting text extraction for asset" id=da3ge66qbbt3vq4jofg0 filename=da3ge66qbbt3vq4jofg0-die-adhäsivtechnologie-ein-leitfaden-für-theorie-und-praxis-pdf
time=2026-08-21T20:30:52.828+02:00 level=WARN msg="OCR engine unavailable, skipping asset" id=da3ge66qbbt3vq4jofg0
time=2026-08-21T20:30:52.932+02:00 level=INFO msg="starting text extraction for asset" id=da3ge66qbbt3vq4joir0 filename=da3ge66qbbt3vq4joir0-die-geheimnisse-von-kompositen-pdf
time=2026-08-21T20:30:52.940+02:00 level=WARN msg="pdf text layer extraction failed, will try rasterisation fallback" error="not a PDF file: missing %%EOF"
time=2026-08-21T20:30:56.586+02:00 level=WARN msg="OCR engine unavailable, skipping asset" id=da3ge66qbbt3vq4joir0
time=2026-08-21T20:30:56.614+02:00 level=INFO msg="starting text extraction for asset" id=da3ge66qbbt3vq4jom70 filename=da3ge66qbbt3vq4jom70-ein-beitrag-zur-natur-des-metall-kunststoff-verbundes-pdf
time=2026-08-21T20:30:56.619+02:00 level=WARN msg="pdf text layer extraction failed, will try rasterisation fallback" error="not a PDF file: missing %%EOF"
time=2026-08-21T20:31:01.846+02:00 level=WARN msg="OCR engine unavailable, skipping asset" id=da3ge66qbbt3vq4jom70
time=2026-08-21T20:31:01.895+02:00 level=INFO msg="starting text extraction for asset" id=da3ge66qbbt3vq4jopk0 filename=da3ge66qbbt3vq4jopk0-leitfaden-für-hochwertige-ästhetische-restaurationen-pdf
time=2026-08-21T20:31:01.901+02:00 level=WARN msg="pdf text layer extraction failed, will try rasterisation fallback" error="not a PDF file: missing %%EOF"
time=2026-08-21T20:31:03.998+02:00 level=WARN msg="OCR engine unavailable, skipping asset" id=da3ge66qbbt3vq4jopk0
time=2026-08-21T20:31:04.062+02:00 level=INFO msg="starting text extraction for asset" id=da3ge66qbbt3vq4jot20 filename=da3ge66qbbt3vq4jot20-precision-impressions-pdf
time=2026-08-21T20:31:07.869+02:00 level=WARN msg="OCR engine unavailable, skipping asset" id=da3ge66qbbt3vq4jot20
time=2026-08-21T20:31:07.893+02:00 level=INFO msg="starting text extraction for asset" id=da3ge66qbbt3vq4jp0h0 filename=da3ge66qbbt3vq4jp0h0-lit-tinnitus-pdf
time=2026-08-21T20:31:07.921+02:00 level=INFO msg="text extraction completed successfully" id=da3ge66qbbt3vq4jp0h0 text_length=39507 engine=pdf-textlayer
time=2026-08-21T20:31:07.928+02:00 level=INFO msg="No subscribers to send message" pubsub_uuid=5NhhJuZRVivhiUuJGfHfnV message_uuid=c29a9061-3908-4d9a-8190-4aab9d48594f topic=message.EventAssetOCRCompleted
time=2026-08-21T20:31:07.930+02:00 level=INFO msg="starting text extraction for asset" id=da3ge6eqbbt3vq4jp410 filename=da3ge6eqbbt3vq4jp410-lit-aufbissbehelfe-pdf
time=2026-08-21T20:31:07.981+02:00 level=INFO msg="text extraction completed successfully" id=da3ge6eqbbt3vq4jp410 text_length=17082 engine=pdf-textlayer
time=2026-08-21T20:31:07.986+02:00 level=INFO msg="No subscribers to send message" pubsub_uuid=5NhhJuZRVivhiUuJGfHfnV message_uuid=97685c62-25ce-4c50-a4dd-c76b99d3153a topic=message.EventAssetOCRCompleted
time=2026-08-21T20:31:07.990+02:00 level=INFO msg="starting text extraction for asset" id=da3ge6eqbbt3vq4jp7i0 filename=da3ge6eqbbt3vq4jp7i0-lit-diskusverlagerung-pdf
time=2026-08-21T20:31:08.036+02:00 level=INFO msg="text extraction completed successfully" id=da3ge6eqbbt3vq4jp7i0 text_length=23485 engine=pdf-textlayer
time=2026-08-21T20:31:08.042+02:00 level=INFO msg="No subscribers to send message" pubsub_uuid=5NhhJuZRVivhiUuJGfHfnV message_uuid=bedeaf2d-1ee7-4bce-82b2-e84361a73640 topic=message.EventAssetOCRCompleted
time=2026-08-21T20:31:08.048+02:00 level=INFO msg="starting text extraction for asset" id=da3ge6eqbbt3vq4jpb40 filename=da3ge6eqbbt3vq4jpb40-lit-indikationsstellung-schienen-pdf
time=2026-08-21T20:31:08.087+02:00 level=INFO msg="text extraction completed successfully" id=da3ge6eqbbt3vq4jpb40 text_length=29668 engine=pdf-textlayer
time=2026-08-21T20:31:08.093+02:00 level=INFO msg="No subscribers to send message" pubsub_uuid=5NhhJuZRVivhiUuJGfHfnV message_uuid=191cce03-1f74-4ee4-8386-182d96bd831d topic=message.EventAssetOCRCompleted
time=2026-08-21T20:31:08.096+02:00 level=INFO msg="starting text extraction for asset" id=da3ge6eqbbt3vq4jpen0 filename=da3ge6eqbbt3vq4jpen0-locatorgrafikdeutsch-pdf
time=2026-08-21T20:31:08.100+02:00 level=INFO msg="text extraction completed successfully" id=da3ge6eqbbt3vq4jpen0 text_length=247 engine=pdf-textlayer
time=2026-08-21T20:31:08.104+02:00 level=INFO msg="No subscribers to send message" pubsub_uuid=5NhhJuZRVivhiUuJGfHfnV topic=message.EventAssetOCRCompleted message_uuid=07c41347-77d0-406a-adfb-764988cff14a
time=2026-08-21T20:31:08.172+02:00 level=INFO msg="starting text extraction for asset" id=da3ge6eqbbt3vq4jpib0 filename=da3ge6eqbbt3vq4jpib0-lokalanästhetika-2-pdf
time=2026-08-21T20:31:08.180+02:00 level=WARN msg="pdf text layer extraction failed, will try rasterisation fallback" error="not a PDF file: missing %%EOF"
time=2026-08-21T20:31:10.578+02:00 level=WARN msg="OCR engine unavailable, skipping asset" id=da3ge6eqbbt3vq4jpib0
time=2026-08-21T20:31:10.596+02:00 level=INFO msg="starting text extraction for asset" id=da3ge6eqbbt3vq4jpm00 filename=da3ge6eqbbt3vq4jpm00-nichtanlagen-von-zähnen-pdf
time=2026-08-21T20:31:10.604+02:00 level=INFO msg="text extraction completed successfully" id=da3ge6eqbbt3vq4jpm00 text_length=21947 engine=pdf-textlayer
time=2026-08-21T20:31:10.609+02:00 level=INFO msg="No subscribers to send message" pubsub_uuid=5NhhJuZRVivhiUuJGfHfnV message_uuid=069be82e-1e06-4d86-9ba6-831e4626327a topic=message.EventAssetOCRCompleted
time=2026-08-21T20:31:10.616+02:00 level=INFO msg="starting text extraction for asset" id=da3ge6eqbbt3vq4jptd0 filename=da3ge6eqbbt3vq4jptd0-pdf01-behr-telescopic-signed-pdf
time=2026-08-21T20:31:10.621+02:00 level=INFO msg="text extraction completed successfully" id=da3ge6eqbbt3vq4jptd0 text_length=8699 engine=pdf-textlayer
time=2026-08-21T20:31:10.625+02:00 level=INFO msg="No subscribers to send message" pubsub_uuid=5NhhJuZRVivhiUuJGfHfnV message_uuid=64634b62-5d5b-478b-b139-8506155eec66 topic=message.EventAssetOCRCompleted
time=2026-08-21T20:31:10.628+02:00 level=INFO msg="starting text extraction for asset" id=da3ge6eqbbt3vq4jq150 filename=da3ge6eqbbt3vq4jq150-praxisletter_abutments_behr-pdf
time=2026-08-21T20:31:10.647+02:00 level=INFO msg="text extraction completed successfully" id=da3ge6eqbbt3vq4jq150 text_length=11761 engine=pdf-textlayer
time=2026-08-21T20:31:10.651+02:00 level=INFO msg="No subscribers to send message" pubsub_uuid=5NhhJuZRVivhiUuJGfHfnV message_uuid=a1b93504-7fa0-46b1-82ac-435ec681a626 topic=message.EventAssetOCRCompleted
time=2026-08-21T20:31:10.655+02:00 level=INFO msg="starting text extraction for asset" id=da3ge6eqbbt3vq4jq4u0 filename=da3ge6eqbbt3vq4jq4u0-praxisletter_dosierfehler-zemente-pdf
time=2026-08-21T20:31:10.668+02:00 level=INFO msg="text extraction completed successfully" id=da3ge6eqbbt3vq4jq4u0 text_length=12471 engine=pdf-textlayer
time=2026-08-21T20:31:10.673+02:00 level=INFO msg="No subscribers to send message" pubsub_uuid=5NhhJuZRVivhiUuJGfHfnV message_uuid=727f57d8-6977-4354-9cc1-427dc1b348db topic=message.EventAssetOCRCompleted
time=2026-08-21T20:31:10.675+02:00 level=INFO msg="starting text extraction for asset" id=da3ge6eqbbt3vq4jq8o0 filename=da3ge6eqbbt3vq4jq8o0-praxisletter_kosten_zementieren_behr-pdf
time=2026-08-21T20:31:10.697+02:00 level=INFO msg="text extraction completed successfully" id=da3ge6eqbbt3vq4jq8o0 text_length=18229 engine=pdf-textlayer
time=2026-08-21T20:31:10.702+02:00 level=INFO msg="No subscribers to send message" pubsub_uuid=5NhhJuZRVivhiUuJGfHfnV message_uuid=eb82ab45-7d70-4735-91dd-0ce5eb2a7b5b topic=message.EventAssetOCRCompleted
time=2026-08-21T20:31:10.708+02:00 level=INFO msg="starting text extraction for asset" id=da3ge6eqbbt3vq4jqcj0 filename=da3ge6eqbbt3vq4jqcj0-praxisletter_prothesenhaftcreme_behr-pdf
time=2026-08-21T20:31:10.718+02:00 level=INFO msg="text extraction completed successfully" id=da3ge6eqbbt3vq4jqcj0 text_length=5943 engine=pdf-textlayer
time=2026-08-21T20:31:10.723+02:00 level=INFO msg="No subscribers to send message" pubsub_uuid=5NhhJuZRVivhiUuJGfHfnV topic=message.EventAssetOCRCompleted message_uuid=0ccefa67-7d9a-4b24-a925-4c61f46130bb
time=2026-08-21T20:31:10.725+02:00 level=INFO msg="starting text extraction for asset" id=da3ge6eqbbt3vq4jqgf0 filename=da3ge6eqbbt3vq4jqgf0-praxisletter_zirkoniumdioxid_behr-pdf
time=2026-08-21T20:31:10.746+02:00 level=INFO msg="text extraction completed successfully" id=da3ge6eqbbt3vq4jqgf0 text_length=13332 engine=pdf-textlayer
time=2026-08-21T20:31:10.753+02:00 level=INFO msg="No subscribers to send message" pubsub_uuid=5NhhJuZRVivhiUuJGfHfnV message_uuid=2472e830-5ea0-49eb-b452-7731dcbfb30d topic=message.EventAssetOCRCompleted
time=2026-08-21T20:31:10.767+02:00 level=INFO msg="starting text extraction for asset" id=da3ge6eqbbt3vq4jqoa0 filename=da3ge6eqbbt3vq4jqoa0-aufbau-endodontisch-behandelter-zähne-pdf
time=2026-08-21T20:31:10.771+02:00 level=WARN msg="pdf text layer extraction failed, will try rasterisation fallback" error="not a PDF file: missing %%EOF"
time=2026-08-21T20:31:13.610+02:00 level=WARN msg="OCR engine unavailable, skipping asset" id=da3ge6eqbbt3vq4jqoa0
time=2026-08-21T20:31:13.632+02:00 level=INFO msg="starting text extraction for asset" id=da3ge6eqbbt3vq4jqs90 filename=da3ge6eqbbt3vq4jqs90-aufbaufüllungen-für-einen-vitalen-zahn-pdf
time=2026-08-21T20:31:13.636+02:00 level=WARN msg="pdf text layer extraction failed, will try rasterisation fallback" error="not a PDF file: missing %%EOF"
time=2026-08-21T20:31:17.519+02:00 level=WARN msg="OCR engine unavailable, skipping asset" id=da3ge6eqbbt3vq4jqs90
time=2026-08-21T20:31:17.538+02:00 level=INFO msg="starting text extraction for asset" id=da3ge6eqbbt3vq4jr090 filename=da3ge6eqbbt3vq4jr090-effect-of-surface-treatment-of-titanium-posts-on-the-tensile-bond-strength-pdf
time=2026-08-21T20:31:17.544+02:00 level=WARN msg="pdf text layer extraction failed, will try rasterisation fallback" error="not a PDF file: missing %%EOF"
time=2026-08-21T20:31:20.528+02:00 level=WARN msg="OCR engine unavailable, skipping asset" id=da3ge6eqbbt3vq4jr090
time=2026-08-21T20:31:20.545+02:00 level=INFO msg="starting text extraction for asset" id=da3ge6eqbbt3vq4jr4a0 filename=da3ge6eqbbt3vq4jr4a0-effect-of-surface-treatment-on-retention-of-glass-fiber-endodontic-posts-pdf
time=2026-08-21T20:31:20.549+02:00 level=WARN msg="pdf text layer extraction failed, will try rasterisation fallback" error="not a PDF file: missing %%EOF"
time=2026-08-21T20:31:23.605+02:00 level=WARN msg="OCR engine unavailable, skipping asset" id=da3ge6eqbbt3vq4jr4a0
time=2026-08-21T20:31:23.638+02:00 level=INFO msg="starting text extraction for asset" id=da3ge6eqbbt3vq4jr8c0 filename=da3ge6eqbbt3vq4jr8c0-posts-and-core-systems-refinements-to-tooth-preparation-and-cementation-pdf
time=2026-08-21T20:31:23.643+02:00 level=WARN msg="pdf text layer extraction failed, will try rasterisation fallback" error="not a PDF file: missing %%EOF"
time=2026-08-21T20:31:27.747+02:00 level=WARN msg="OCR engine unavailable, skipping asset" id=da3ge6eqbbt3vq4jr8c0
time=2026-08-21T20:31:27.786+02:00 level=INFO msg="starting text extraction for asset" id=da3ge6eqbbt3vq4jrcf0 filename=da3ge6eqbbt3vq4jrcf0-stratos-200-pdf
time=2026-08-21T20:31:33.754+02:00 level=WARN msg="OCR engine unavailable, skipping asset" id=da3ge6eqbbt3vq4jrcf0
time=2026-08-21T20:31:33.814+02:00 level=INFO msg="starting text extraction for asset" id=da3ge6eqbbt3vq4jrgj0 filename=da3ge6eqbbt3vq4jrgj0-die-modellgußprothese-pdf
time=2026-08-21T20:31:41.591+02:00 level=WARN msg="OCR engine unavailable, skipping asset" id=da3ge6eqbbt3vq4jrgj0
time=2026-08-21T20:31:41.628+02:00 level=INFO msg="starting text extraction for asset" id=da3ge6mqbbt3vq4jrou0 filename=da3ge6mqbbt3vq4jrou0-eigenschaften-von-verblendkunststoffen-pdf
time=2026-08-21T20:31:41.633+02:00 level=WARN msg="pdf text layer extraction failed, will try rasterisation fallback" error="not a PDF file: missing %%EOF"
time=2026-08-21T20:31:46.045+02:00 level=WARN msg="OCR engine unavailable, skipping asset" id=da3ge6mqbbt3vq4jrou0
time=2026-08-21T20:31:46.105+02:00 level=INFO msg="starting text extraction for asset" id=da3ge6mqbbt3vq4jsa00 filename=da3ge6mqbbt3vq4jsa00-abnehmbare-prothetik-pdf
time=2026-08-21T20:31:51.552+02:00 level=WARN msg="OCR engine unavailable, skipping asset" id=da3ge6mqbbt3vq4jsa00
time=2026-08-21T20:31:51.601+02:00 level=INFO msg="starting text extraction for asset" id=da3ge6mqbbt3vq4jseb0 filename=da3ge6mqbbt3vq4jseb0-complete-denture-occlusion-pdf
time=2026-08-21T20:31:56.707+02:00 level=WARN msg="OCR engine unavailable, skipping asset" id=da3ge6mqbbt3vq4jseb0
time=2026-08-21T20:31:56.787+02:00 level=INFO msg="starting text extraction for asset" id=da3ge6mqbbt3vq4jsin0 filename=da3ge6mqbbt3vq4jsin0-die-herstellung-einer-totalprothese-i-pdf
time=2026-08-21T20:32:01.049+02:00 level=WARN msg="OCR engine unavailable, skipping asset" id=da3ge6mqbbt3vq4jsin0
time=2026-08-21T20:32:01.128+02:00 level=INFO msg="starting text extraction for asset" id=da3ge6mqbbt3vq4jsn40 filename=da3ge6mqbbt3vq4jsn40-die-herstellung-einer-totalprothese-ii-pdf
time=2026-08-21T20:32:08.879+02:00 level=WARN msg="OCR engine unavailable, skipping asset" id=da3ge6mqbbt3vq4jsn40
time=2026-08-21T20:32:08.933+02:00 level=INFO msg="starting text extraction for asset" id=da3ge6mqbbt3vq4jsri0 filename=da3ge6mqbbt3vq4jsri0-die-totalprothese-klinischer-leitfaden-pdf
time=2026-08-21T20:32:13.145+02:00 level=WARN msg="OCR engine unavailable, skipping asset" id=da3ge6mqbbt3vq4jsri0
time=2026-08-21T20:32:13.174+02:00 level=INFO msg="starting text extraction for asset" id=da3ge6mqbbt3vq4jt010 filename=da3ge6mqbbt3vq4jt010-registriertechnik-für-prothetik-pdf
time=2026-08-21T20:32:13.179+02:00 level=WARN msg="pdf text layer extraction failed, will try rasterisation fallback" error="not a PDF file: missing %%EOF"
time=2026-08-21T20:32:15.796+02:00 level=WARN msg="OCR engine unavailable, skipping asset" id=da3ge6mqbbt3vq4jt010
time=2026-08-21T20:32:15.849+02:00 level=INFO msg="starting text extraction for asset" id=da3ge6mqbbt3vq4jt4h0 filename=da3ge6mqbbt3vq4jt4h0-the-spectrum-of-denture-occlusion-pdf
time=2026-08-21T20:32:15.855+02:00 level=WARN msg="pdf text layer extraction failed, will try rasterisation fallback" error="not a PDF file: missing %%EOF"
time=2026-08-21T20:32:19.719+02:00 level=WARN msg="OCR engine unavailable, skipping asset" id=da3ge6mqbbt3vq4jt4h0
time=2026-08-21T20:32:19.736+02:00 level=INFO msg="starting text extraction for asset" id=da3ge6uqbbt3vq4jt920 filename=da3ge6uqbbt3vq4jt920-totalprothesen-pdf
time=2026-08-21T20:32:19.800+02:00 level=INFO msg="text extraction completed successfully" id=da3ge6uqbbt3vq4jt920 text_length=27428 engine=pdf-textlayer
time=2026-08-21T20:32:19.809+02:00 level=INFO msg="No subscribers to send message" pubsub_uuid=5NhhJuZRVivhiUuJGfHfnV message_uuid=c54581c2-d43a-46e7-9232-ab7517a9eeb3 topic=message.EventAssetOCRCompleted
time=2026-08-21T20:32:19.835+02:00 level=INFO msg="starting text extraction for asset" id=da3ge6uqbbt3vq4jtrg0 filename=da3ge6uqbbt3vq4jtrg0-current-status-of-lutig-agents-for-fixed-prosthodontics-pdf
time=2026-08-21T20:32:19.839+02:00 level=WARN msg="pdf text layer extraction failed, will try rasterisation fallback" error="not a PDF file: missing %%EOF"
time=2026-08-21T20:32:24.712+02:00 level=WARN msg="OCR engine unavailable, skipping asset" id=da3ge6uqbbt3vq4jtrg0
time=2026-08-21T20:32:24.758+02:00 level=INFO msg="starting text extraction for asset" id=da3ge6uqbbt3vq4ju4t0 filename=da3ge6uqbbt3vq4ju4t0-dental-luting-agents-a-review-of-the-current-literature-pdf
time=2026-08-21T20:32:24.764+02:00 level=WARN msg="pdf text layer extraction failed, will try rasterisation fallback" error="not a PDF file: missing %%EOF"
time=2026-08-21T20:32:28.426+02:00 level=WARN msg="OCR engine unavailable, skipping asset" id=da3ge6uqbbt3vq4ju4t0
time=2026-08-21T20:32:28.452+02:00 level=INFO msg="starting text extraction for asset" id=da3ge6uqbbt3vq4ju9l0 filename=da3ge6uqbbt3vq4ju9l0-factors-determining-the-retentiveness-of-luting-agents-pdf
time=2026-08-21T20:32:28.471+02:00 level=INFO msg="text extraction completed successfully" id=da3ge6uqbbt3vq4ju9l0 text_length=32000 engine=pdf-textlayer
time=2026-08-21T20:32:28.477+02:00 level=INFO msg="No subscribers to send message" pubsub_uuid=5NhhJuZRVivhiUuJGfHfnV message_uuid=6198cb57-5da0-498c-b3f9-7d5da0fab9c3 topic=message.EventAssetOCRCompleted
time=2026-08-21T20:32:28.481+02:00 level=INFO msg="starting text extraction for asset" id=da3ge6uqbbt3vq4juee0 filename=da3ge6uqbbt3vq4juee0-konventionelles-vs-adhäsives-zementieren-von-festsitzendem-zahnersatz-pdf
time=2026-08-21T20:32:28.484+02:00 level=WARN msg="pdf text layer extraction failed, will try rasterisation fallback" error="not a PDF file: missing %%EOF"
time=2026-08-21T20:32:29.450+02:00 level=WARN msg="OCR engine unavailable, skipping asset" id=da3ge6uqbbt3vq4juee0
time=2026-08-21T20:32:29.465+02:00 level=INFO msg="starting text extraction for asset" id=da3ge6uqbbt3vq4juj80 filename=da3ge6uqbbt3vq4juj80-literaturhinweise-zemente-pdf
time=2026-08-21T20:32:29.468+02:00 level=WARN msg="pdf text layer extraction failed, will try rasterisation fallback" error="not a PDF file: missing %%EOF"
time=2026-08-21T20:32:29.822+02:00 level=WARN msg="OCR engine unavailable, skipping asset" id=da3ge6uqbbt3vq4juj80
time=2026-08-21T20:32:29.832+02:00 level=INFO msg="starting text extraction for asset" id=da3ge6uqbbt3vq4juo30 filename=da3ge6uqbbt3vq4juo30-selbst-ätzend-vs-zno-p-zement-pdf
time=2026-08-21T20:32:29.852+02:00 level=INFO msg="text extraction completed successfully" id=da3ge6uqbbt3vq4juo30 text_length=15539 engine=pdf-textlayer
time=2026-08-21T20:32:29.859+02:00 level=INFO msg="No subscribers to send message" pubsub_uuid=5NhhJuZRVivhiUuJGfHfnV message_uuid=bf021c9a-bed5-4fb0-9591-da686475006c topic=message.EventAssetOCRCompleted
time=2026-08-21T20:32:29.862+02:00 level=INFO msg="starting text extraction for asset" id=da3ge6uqbbt3vq4jusv0 filename=da3ge6uqbbt3vq4jusv0-zemente-für-doppelkronen-pdf
time=2026-08-21T20:32:29.871+02:00 level=INFO msg="text extraction completed successfully" id=da3ge6uqbbt3vq4jusv0 text_length=32190 engine=pdf-textlayer
time=2026-08-21T20:32:29.876+02:00 level=INFO msg="No subscribers to send message" pubsub_uuid=5NhhJuZRVivhiUuJGfHfnV message_uuid=5303e1f2-7199-4eb7-8636-aaf08259ff80 topic=message.EventAssetOCRCompleted
time=2026-08-21T20:32:29.886+02:00 level=INFO msg="starting text extraction for asset" id=da3ge6uqbbt3vq4jv1s0 filename=da3ge6uqbbt3vq4jv1s0-zementierung-von-festsitzenden-restaurationen-auf-dentalen-implantaten-pdf
time=2026-08-21T20:32:29.892+02:00 level=WARN msg="pdf text layer extraction failed, will try rasterisation fallback" error="not a PDF file: missing %%EOF"
time=2026-08-21T20:32:32.644+02:00 level=WARN msg="OCR engine unavailable, skipping asset" id=da3ge6uqbbt3vq4jv1s0
time=2026-08-21T20:32:32.667+02:00 level=INFO msg="starting text extraction for asset" id=da3ge6uqbbt3vq4jv6q0 filename=da3ge6uqbbt3vq4jv6q0-zementmischungsfehler-pdf
time=2026-08-21T20:32:32.691+02:00 level=INFO msg="text extraction completed successfully" id=da3ge6uqbbt3vq4jv6q0 text_length=25736 engine=pdf-textlayer
time=2026-08-21T20:32:32.698+02:00 level=INFO msg="No subscribers to send message" pubsub_uuid=5NhhJuZRVivhiUuJGfHfnV message_uuid=05cb75ea-b3a5-4e65-bee6-c7db3485c41d topic=message.EventAssetOCRCompleted
time=2026-08-21T20:32:32.700+02:00 level=INFO msg="starting text extraction for asset" id=da3ge6uqbbt3vq4jvbp0 filename=da3ge6uqbbt3vq4jvbp0-anatomie-und-physiologie-des-kiefergelenks-pdf
time=2026-08-21T20:32:32.710+02:00 level=INFO msg="text extraction completed successfully" id=da3ge6uqbbt3vq4jvbp0 text_length=2069 engine=pdf-textlayer
time=2026-08-21T20:32:32.714+02:00 level=INFO msg="No subscribers to send message" pubsub_uuid=5NhhJuZRVivhiUuJGfHfnV message_uuid=4db71bfd-f82c-4055-aff3-753d3b018ec3 topic=message.EventAssetOCRCompleted
time=2026-08-21T20:32:32.717+02:00 level=INFO msg="starting text extraction for asset" id=da3ge6uqbbt3vq4jvgp0 filename=da3ge6uqbbt3vq4jvgp0-cad-cam-systeme-pdf
time=2026-08-21T20:32:32.724+02:00 level=INFO msg="text extraction completed successfully" id=da3ge6uqbbt3vq4jvgp0 text_length=6980 engine=pdf-textlayer
time=2026-08-21T20:32:32.728+02:00 level=INFO msg="No subscribers to send message" pubsub_uuid=5NhhJuZRVivhiUuJGfHfnV message_uuid=fd93a12b-3c11-4f07-b575-61409e894786 topic=message.EventAssetOCRCompleted
time=2026-08-21T20:32:32.738+02:00 level=INFO msg="starting text extraction for asset" id=da3ge6uqbbt3vq4jvlq0 filename=da3ge6uqbbt3vq4jvlq0-implantatversorgungen-befestigung-pdf
time=2026-08-21T20:32:32.754+02:00 level=INFO msg="text extraction completed successfully" id=da3ge6uqbbt3vq4jvlq0 text_length=20972 engine=pdf-textlayer
time=2026-08-21T20:32:32.760+02:00 level=INFO msg="No subscribers to send message" pubsub_uuid=5NhhJuZRVivhiUuJGfHfnV message_uuid=89fbd1b6-761a-4698-aa13-a17c6269e139 topic=message.EventAssetOCRCompleted
time=2026-08-21T20:32:32.797+02:00 level=INFO msg="starting text extraction for asset" id=da3ge76qbbt3vq4k0pt0 filename=da3ge76qbbt3vq4k0pt0-aesthetik-im-frontzahnbereich-mayr-pdf
time=2026-08-21T20:32:32.807+02:00 level=INFO msg="text extraction completed successfully" id=da3ge76qbbt3vq4k0pt0 text_length=1746 engine=pdf-textlayer
time=2026-08-21T20:32:32.811+02:00 level=INFO msg="No subscribers to send message" pubsub_uuid=5NhhJuZRVivhiUuJGfHfnV message_uuid=9844be12-4a25-4502-ba87-524321ae81d7 topic=message.EventAssetOCRCompleted
time=2026-08-21T20:32:32.822+02:00 level=INFO msg="starting text extraction for asset" id=da3ge76qbbt3vq4k19r0 filename=da3ge76qbbt3vq4k19r0-anatomie-und-physiologie-des-kiefergelenks-adamek-pdf
time=2026-08-21T20:32:32.830+02:00 level=INFO msg="text extraction completed successfully" id=da3ge76qbbt3vq4k19r0 text_length=3366 engine=pdf-textlayer
time=2026-08-21T20:32:32.834+02:00 level=INFO msg="No subscribers to send message" pubsub_uuid=5NhhJuZRVivhiUuJGfHfnV topic=message.EventAssetOCRCompleted message_uuid=f0cd68e8-7bf8-4c8b-b511-a18cf7a7ca5f
time=2026-08-21T20:32:32.851+02:00 level=INFO msg="starting text extraction for asset" id=da3ge7eqbbt3vq4k2510 filename=da3ge7eqbbt3vq4k2510-bildgebende-diagnoseverfahren-bielmeier-pdf
time=2026-08-21T20:32:32.875+02:00 level=INFO msg="text extraction completed successfully" id=da3ge7eqbbt3vq4k2510 text_length=9167 engine=pdf-textlayer
time=2026-08-21T20:32:32.880+02:00 level=INFO msg="No subscribers to send message" pubsub_uuid=5NhhJuZRVivhiUuJGfHfnV message_uuid=d7daefd8-36e8-4189-bd77-08f2c957017f topic=message.EventAssetOCRCompleted
time=2026-08-21T20:32:32.883+02:00 level=INFO msg="starting text extraction for asset" id=da3ge7eqbbt3vq4k2ai0 filename=da3ge7eqbbt3vq4k2ai0-bildgebende-diagnoseverfahren-kg-pdf
time=2026-08-21T20:32:32.894+02:00 level=INFO msg="text extraction completed successfully" id=da3ge7eqbbt3vq4k2ai0 text_length=4779 engine=pdf-textlayer
time=2026-08-21T20:32:32.899+02:00 level=INFO msg="No subscribers to send message" pubsub_uuid=5NhhJuZRVivhiUuJGfHfnV topic=message.EventAssetOCRCompleted message_uuid=fabee50b-c14c-49e9-91c3-5dd00e488236
time=2026-08-21T20:32:32.910+02:00 level=INFO msg="starting text extraction for asset" id=da3ge7eqbbt3vq4k2rb0 filename=da3ge7eqbbt3vq4k2rb0-bruxismus-und-seine-folgen-eiglsperger-pdf
time=2026-08-21T20:32:32.918+02:00 level=INFO msg="text extraction completed successfully" id=da3ge7eqbbt3vq4k2rb0 text_length=4876 engine=pdf-textlayer
time=2026-08-21T20:32:32.922+02:00 level=INFO msg="No subscribers to send message" pubsub_uuid=5NhhJuZRVivhiUuJGfHfnV topic=message.EventAssetOCRCompleted message_uuid=dc2eaa35-9566-48a9-ba8c-987ae2351a4f
time=2026-08-21T20:32:32.924+02:00 level=INFO msg="starting text extraction for asset" id=da3ge7eqbbt3vq4k3100 filename=da3ge7eqbbt3vq4k3100-bruxismus-und-seine-folgen-fertig-pdf
time=2026-08-21T20:32:32.929+02:00 level=INFO msg="text extraction completed successfully" id=da3ge7eqbbt3vq4k3100 text_length=2503 engine=pdf-textlayer
time=2026-08-21T20:32:32.932+02:00 level=INFO msg="No subscribers to send message" pubsub_uuid=5NhhJuZRVivhiUuJGfHfnV message_uuid=af7e01f0-c839-44da-882c-670d22b9dc50 topic=message.EventAssetOCRCompleted
time=2026-08-21T20:32:32.960+02:00 level=INFO msg="starting text extraction for asset" id=da3ge7eqbbt3vq4k36m0 filename=da3ge7eqbbt3vq4k36m0-cad-cam-schroeder-pdf
time=2026-08-21T20:32:33.020+02:00 level=INFO msg="text extraction completed successfully" id=da3ge7eqbbt3vq4k36m0 text_length=13285 engine=pdf-textlayer
time=2026-08-21T20:32:33.029+02:00 level=INFO msg="No subscribers to send message" pubsub_uuid=5NhhJuZRVivhiUuJGfHfnV message_uuid=71821505-49bd-4242-83ce-afa1b498b05b topic=message.EventAssetOCRCompleted
time=2026-08-21T20:32:33.073+02:00 level=INFO msg="starting text extraction for asset" id=da3ge7eqbbt3vq4k5190 filename=da3ge7eqbbt3vq4k5190-definitives-zementieren-pdf
time=2026-08-21T20:32:33.085+02:00 level=INFO msg="text extraction completed successfully" id=da3ge7eqbbt3vq4k5190 text_length=8847 engine=pdf-textlayer
time=2026-08-21T20:32:33.090+02:00 level=INFO msg="No subscribers to send message" pubsub_uuid=5NhhJuZRVivhiUuJGfHfnV message_uuid=de02a719-1409-4862-8941-7554d7dc4ca4 topic=message.EventAssetOCRCompleted
time=2026-08-21T20:32:33.096+02:00 level=INFO msg="starting text extraction for asset" id=da3ge7mqbbt3vq4k57a0 filename=da3ge7mqbbt3vq4k57a0-diagnose-u-dd-in-der-endodontie-pdf
time=2026-08-21T20:32:33.116+02:00 level=INFO msg="text extraction completed successfully" id=da3ge7mqbbt3vq4k57a0 text_length=7319 engine=pdf-textlayer
time=2026-08-21T20:32:33.122+02:00 level=INFO msg="No subscribers to send message" pubsub_uuid=5NhhJuZRVivhiUuJGfHfnV message_uuid=36f9562f-45f4-4ca8-86c2-abcd35f026bc topic=message.EventAssetOCRCompleted
time=2026-08-21T20:32:33.148+02:00 level=INFO msg="starting text extraction for asset" id=da3ge7mqbbt3vq4k65u0 filename=da3ge7mqbbt3vq4k65u0-elektronische-registriersysteme-der-uk-bewegungen-dirscherl-pdf
time=2026-08-21T20:32:33.158+02:00 level=INFO msg="text extraction completed successfully" id=da3ge7mqbbt3vq4k65u0 text_length=4537 engine=pdf-textlayer
time=2026-08-21T20:32:33.163+02:00 level=INFO msg="No subscribers to send message" pubsub_uuid=5NhhJuZRVivhiUuJGfHfnV message_uuid=01d645b6-60c0-4e6d-bcbc-f93b046cd934 topic=message.EventAssetOCRCompleted
time=2026-08-21T20:32:33.167+02:00 level=INFO msg="starting text extraction for asset" id=da3ge7mqbbt3vq4k6c50 filename=da3ge7mqbbt3vq4k6c50-erkrankung-des-kiefergelenks-pdf
time=2026-08-21T20:32:33.178+02:00 level=INFO msg="text extraction completed successfully" id=da3ge7mqbbt3vq4k6c50 text_length=4609 engine=pdf-textlayer
time=2026-08-21T20:32:33.184+02:00 level=INFO msg="No subscribers to send message" pubsub_uuid=5NhhJuZRVivhiUuJGfHfnV message_uuid=51f560ab-f98a-43a7-bbb3-dae74dbcf19c topic=message.EventAssetOCRCompleted
time=2026-08-21T20:32:33.186+02:00 level=INFO msg="starting text extraction for asset" id=da3ge7mqbbt3vq4k6id0 filename=da3ge7mqbbt3vq4k6id0-extensionsbruecke-krichbaum-pdf
time=2026-08-21T20:32:33.193+02:00 level=INFO msg="text extraction completed successfully" id=da3ge7mqbbt3vq4k6id0 text_length=3963 engine=pdf-textlayer
time=2026-08-21T20:32:33.198+02:00 level=INFO msg="No subscribers to send message" pubsub_uuid=5NhhJuZRVivhiUuJGfHfnV message_uuid=21dfa9b0-ec66-41ee-813c-9b40b3de665d topic=message.EventAssetOCRCompleted
time=2026-08-21T20:32:33.207+02:00 level=INFO msg="starting text extraction for asset" id=da3ge7mqbbt3vq4k6om0 filename=da3ge7mqbbt3vq4k6om0-extensionsbrücken-pdf
time=2026-08-21T20:32:33.256+02:00 level=INFO msg="text extraction completed successfully" id=da3ge7mqbbt3vq4k6om0 text_length=4822 engine=pdf-textlayer
time=2026-08-21T20:32:33.265+02:00 level=INFO msg="No subscribers to send message" pubsub_uuid=5NhhJuZRVivhiUuJGfHfnV message_uuid=854329d7-d922-4418-bdc7-bd7d4d8182d1 topic=message.EventAssetOCRCompleted
time=2026-08-21T20:32:33.270+02:00 level=INFO msg="starting text extraction for asset" id=da3ge7mqbbt3vq4k6v00 filename=da3ge7mqbbt3vq4k6v00-farbauswahl-mangelkramer-pdf
time=2026-08-21T20:32:33.282+02:00 level=INFO msg="text extraction completed successfully" id=da3ge7mqbbt3vq4k6v00 text_length=4760 engine=pdf-textlayer
time=2026-08-21T20:32:33.287+02:00 level=INFO msg="No subscribers to send message" pubsub_uuid=5NhhJuZRVivhiUuJGfHfnV message_uuid=0d4f52c1-f672-4f2f-9feb-7b09be4b7835 topic=message.EventAssetOCRCompleted
time=2026-08-21T20:32:33.296+02:00 level=INFO msg="starting text extraction for asset" id=da3ge7mqbbt3vq4k7bn0 filename=da3ge7mqbbt3vq4k7bn0-farbauswahl-pdf
time=2026-08-21T20:32:33.303+02:00 level=INFO msg="text extraction completed successfully" id=da3ge7mqbbt3vq4k7bn0 text_length=7220 engine=pdf-textlayer
time=2026-08-21T20:32:33.308+02:00 level=INFO msg="No subscribers to send message" pubsub_uuid=5NhhJuZRVivhiUuJGfHfnV message_uuid=c93a41d3-67be-4886-b817-f9f3636bdd63 topic=message.EventAssetOCRCompleted
time=2026-08-21T20:32:33.321+02:00 level=INFO msg="starting text extraction for asset" id=da3ge7mqbbt3vq4k7v10 filename=da3ge7mqbbt3vq4k7v10-festsitzender-zahnersatz-pdf
time=2026-08-21T20:32:33.329+02:00 level=INFO msg="text extraction completed successfully" id=da3ge7mqbbt3vq4k7v10 text_length=5077 engine=pdf-textlayer
time=2026-08-21T20:32:33.334+02:00 level=INFO msg="No subscribers to send message" pubsub_uuid=5NhhJuZRVivhiUuJGfHfnV message_uuid=8ed0421d-2ed4-49d2-9e38-bd7e029a4810 topic=message.EventAssetOCRCompleted
time=2026-08-21T20:32:33.336+02:00 level=INFO msg="starting text extraction for asset" id=da3ge7mqbbt3vq4k85h0 filename=da3ge7mqbbt3vq4k85h0-frontzahnauswahl-pdf
time=2026-08-21T20:32:33.341+02:00 level=INFO msg="text extraction completed successfully" id=da3ge7mqbbt3vq4k85h0 text_length=3771 engine=pdf-textlayer
time=2026-08-21T20:32:33.346+02:00 level=INFO msg="No subscribers to send message" pubsub_uuid=5NhhJuZRVivhiUuJGfHfnV message_uuid=d5894ae3-aad5-4004-aca4-88d0f89dbf2c topic=message.EventAssetOCRCompleted
time=2026-08-21T20:32:33.349+02:00 level=INFO msg="starting text extraction for asset" id=da3ge7mqbbt3vq4k8c20 filename=da3ge7mqbbt3vq4k8c20-funktion-des-stomatognathen-systems-therapierefolge-und-langzeitprognosen-engelhardt-pdf
time=2026-08-21T20:32:33.358+02:00 level=INFO msg="text extraction completed successfully" id=da3ge7mqbbt3vq4k8c20 text_length=7553 engine=pdf-textlayer
time=2026-08-21T20:32:33.362+02:00 level=INFO msg="No subscribers to send message" pubsub_uuid=5NhhJuZRVivhiUuJGfHfnV message_uuid=2bd93cd5-ed2e-40ea-9f06-cbf00690267c topic=message.EventAssetOCRCompleted
time=2026-08-21T20:32:33.377+02:00 level=INFO msg="starting text extraction for asset" id=da3ge7mqbbt3vq4k8p70 filename=da3ge7mqbbt3vq4k8p70-gerüsteinprobe-lankes-pdf
time=2026-08-21T20:32:33.390+02:00 level=INFO msg="text extraction completed successfully" id=da3ge7mqbbt3vq4k8p70 text_length=1651 engine=pdf-textlayer
time=2026-08-21T20:32:33.395+02:00 level=INFO msg="No subscribers to send message" pubsub_uuid=5NhhJuZRVivhiUuJGfHfnV topic=message.EventAssetOCRCompleted message_uuid=5f071f81-00d6-4467-bd32-d4a814ec37a4
time=2026-08-21T20:32:33.411+02:00 level=INFO msg="starting text extraction for asset" id=da3ge7uqbbt3vq4k96g0 filename=da3ge7uqbbt3vq4k96g0-geschiebe_und_gelenke_-pro_ii-pdf
time=2026-08-21T20:32:53.415+02:00 level=ERROR msg="text extraction exceeded time budget, abandoning asset to bound memory use" id=da3ge7uqbbt3vq4k96g0 filename=da3ge7uqbbt3vq4k96g0-geschiebe_und_gelenke_-pro_ii-pdf timeout=20s
extracted text from 113 assets
one asset exceeded its extraction time budget and was skipped; stopping this run to release its memory. Re-run --phase ocr to continue.
time=2026-08-21T20:32:53.429+02:00 level=INFO msg="configured plugin runtime provider" provider=local
time=2026-08-21T20:32:53.429+02:00 level=INFO msg="configured plugin runtime server url" server_url=http://localhost:8000
=== run 13 Fri Aug 21 20:32:53     2026 ===
time=2026-08-21T20:32:55.627+02:00 level=INFO msg="starting text extraction for asset" id=da3gdhmqbbt3vq4fohg0 filename=da3gdhmqbbt3vq4fohg0-aufbaufüllung-pdf
time=2026-08-21T20:32:55.704+02:00 level=INFO msg="text extraction completed successfully" id=da3gdhmqbbt3vq4fohg0 text_length=4308 engine=pdf-textlayer
time=2026-08-21T20:32:55.707+02:00 level=WARN msg="failed to process asset for text extraction" id=da3gdhmqbbt3vq4fohg0 error="ERROR: invalid byte sequence for encoding \"UTF8\": 0x00 (SQLSTATE 22021)"
time=2026-08-21T20:32:55.711+02:00 level=INFO msg="starting text extraction for asset" id=da3gdhmqbbt3vq4fpeq0 filename=da3gdhmqbbt3vq4fpeq0-implantate-pdf
time=2026-08-21T20:32:55.772+02:00 level=INFO msg="text extraction completed successfully" id=da3gdhmqbbt3vq4fpeq0 text_length=19133 engine=pdf-textlayer
time=2026-08-21T20:32:55.778+02:00 level=WARN msg="failed to process asset for text extraction" id=da3gdhmqbbt3vq4fpeq0 error="ERROR: invalid byte sequence for encoding \"UTF8\": 0x00 (SQLSTATE 22021)"
time=2026-08-21T20:32:55.781+02:00 level=INFO msg="starting text extraction for asset" id=da3gdhmqbbt3vq4fq4m0 filename=da3gdhmqbbt3vq4fq4m0-kiefergelenk-pdf
time=2026-08-21T20:32:55.829+02:00 level=INFO msg="text extraction completed successfully" id=da3gdhmqbbt3vq4fq4m0 text_length=25329 engine=pdf-textlayer
time=2026-08-21T20:32:55.840+02:00 level=WARN msg="failed to process asset for text extraction" id=da3gdhmqbbt3vq4fq4m0 error="ERROR: invalid byte sequence for encoding \"UTF8\": 0x00 (SQLSTATE 22021)"
time=2026-08-21T20:32:55.842+02:00 level=INFO msg="starting text extraction for asset" id=da3gdhuqbbt3vq4frip0 filename=da3gdhuqbbt3vq4frip0-prothesenstomatitis-pdf
time=2026-08-21T20:32:55.877+02:00 level=INFO msg="text extraction completed successfully" id=da3gdhuqbbt3vq4frip0 text_length=12000 engine=pdf-textlayer
time=2026-08-21T20:32:55.883+02:00 level=WARN msg="failed to process asset for text extraction" id=da3gdhuqbbt3vq4frip0 error="ERROR: invalid byte sequence for encoding \"UTF8\": 0x00 (SQLSTATE 22021)"
time=2026-08-21T20:32:55.886+02:00 level=INFO msg="starting text extraction for asset" id=da3gdhuqbbt3vq4fsb00 filename=da3gdhuqbbt3vq4fsb00-stiftaufbauten-pdf
time=2026-08-21T20:32:55.906+02:00 level=INFO msg="text extraction completed successfully" id=da3gdhuqbbt3vq4fsb00 text_length=9419 engine=pdf-textlayer
time=2026-08-21T20:32:55.911+02:00 level=WARN msg="failed to process asset for text extraction" id=da3gdhuqbbt3vq4fsb00 error="ERROR: invalid byte sequence for encoding \"UTF8\": 0x00 (SQLSTATE 22021)"
time=2026-08-21T20:32:55.912+02:00 level=INFO msg="starting text extraction for asset" id=da3gdhuqbbt3vq4ftjc0 filename=da3gdhuqbbt3vq4ftjc0-zemente-pdf
time=2026-08-21T20:32:55.936+02:00 level=INFO msg="text extraction completed successfully" id=da3gdhuqbbt3vq4ftjc0 text_length=10080 engine=pdf-textlayer
time=2026-08-21T20:32:55.940+02:00 level=WARN msg="failed to process asset for text extraction" id=da3gdhuqbbt3vq4ftjc0 error="ERROR: invalid byte sequence for encoding \"UTF8\": 0x00 (SQLSTATE 22021)"
time=2026-08-21T20:32:55.954+02:00 level=INFO msg="starting text extraction for asset" id=da3gdlmqbbt3vq4gald0 filename=da3gdlmqbbt3vq4gald0-wsk-altfragen-pdf
time=2026-08-21T20:32:55.971+02:00 level=INFO msg="text extraction completed successfully" id=da3gdlmqbbt3vq4gald0 text_length=19686 engine=pdf-textlayer
time=2026-08-21T20:32:55.974+02:00 level=WARN msg="failed to process asset for text extraction" id=da3gdlmqbbt3vq4gald0 error="ERROR: invalid byte sequence for encoding \"UTF8\": 0x00 (SQLSTATE 22021)"
time=2026-08-21T20:32:55.980+02:00 level=INFO msg="starting text extraction for asset" id=da3gdm6qbbt3vq4gbvhg filename=da3gdm6qbbt3vq4gbvhg-derma-examen-prof-hohenleutner-pdf
time=2026-08-21T20:32:56.000+02:00 level=INFO msg="text extraction completed successfully" id=da3gdm6qbbt3vq4gbvhg text_length=41189 engine=pdf-textlayer
time=2026-08-21T20:32:56.005+02:00 level=WARN msg="failed to process asset for text extraction" id=da3gdm6qbbt3vq4gbvhg error="ERROR: invalid byte sequence for encoding \"UTF8\": 0x00 (SQLSTATE 22021)"
time=2026-08-21T20:32:56.010+02:00 level=INFO msg="starting text extraction for asset" id=da3gdmuqbbt3vq4gcor0 filename=da3gdmuqbbt3vq4gcor0-05-notfallsituationen_-pdf
time=2026-08-21T20:32:56.024+02:00 level=INFO msg="text extraction completed successfully" id=da3gdmuqbbt3vq4gcor0 text_length=14660 engine=pdf-textlayer
time=2026-08-21T20:32:56.026+02:00 level=WARN msg="failed to process asset for text extraction" id=da3gdmuqbbt3vq4gcor0 error="ERROR: invalid byte sequence for encoding \"UTF8\": 0x00 (SQLSTATE 22021)"
time=2026-08-21T20:32:56.042+02:00 level=INFO msg="starting text extraction for asset" id=da3ge3eqbbt3vq4jaor0 filename=da3ge3eqbbt3vq4jaor0-7-halszysten_tbc_sinusitis-pdf
time=2026-08-21T20:32:56.047+02:00 level=WARN msg="pdf text layer extraction failed, will try rasterisation fallback" error="encrypted PDF: invalid password"
time=2026-08-21T20:32:56.101+02:00 level=ERROR msg="text extraction failed for asset" id=da3ge3eqbbt3vq4jaor0 error="pdftoppm execution failed: exit status 1"
time=2026-08-21T20:32:56.108+02:00 level=WARN msg="failed to process asset for text extraction" id=da3ge3eqbbt3vq4jaor0 error="pdftoppm execution failed: exit status 1"
time=2026-08-21T20:32:56.111+02:00 level=INFO msg="starting text extraction for asset" id=da3ge3eqbbt3vq4japc0 filename=da3ge3eqbbt3vq4japc0-entzündungspathologie_i-pdf
time=2026-08-21T20:32:56.115+02:00 level=WARN msg="pdf text layer extraction failed, will try rasterisation fallback" error="encrypted PDF: invalid password"
time=2026-08-21T20:32:56.162+02:00 level=ERROR msg="text extraction failed for asset" id=da3ge3eqbbt3vq4japc0 error="pdftoppm execution failed: exit status 1"
time=2026-08-21T20:32:56.167+02:00 level=WARN msg="failed to process asset for text extraction" id=da3ge3eqbbt3vq4japc0 error="pdftoppm execution failed: exit status 1"
time=2026-08-21T20:32:56.169+02:00 level=INFO msg="starting text extraction for asset" id=da3ge3eqbbt3vq4japm0 filename=da3ge3eqbbt3vq4japm0-haut-pdf
time=2026-08-21T20:32:56.172+02:00 level=WARN msg="pdf text layer extraction failed, will try rasterisation fallback" error="encrypted PDF: invalid password"
time=2026-08-21T20:32:56.219+02:00 level=ERROR msg="text extraction failed for asset" id=da3ge3eqbbt3vq4japm0 error="pdftoppm execution failed: exit status 1"
time=2026-08-21T20:32:56.225+02:00 level=WARN msg="failed to process asset for text extraction" id=da3ge3eqbbt3vq4japm0 error="pdftoppm execution failed: exit status 1"
time=2026-08-21T20:32:56.228+02:00 level=INFO msg="starting text extraction for asset" id=da3ge3eqbbt3vq4jaq10 filename=da3ge3eqbbt3vq4jaq10-herz_kreislauf_i_und_ii-pdf
time=2026-08-21T20:32:56.232+02:00 level=WARN msg="pdf text layer extraction failed, will try rasterisation fallback" error="encrypted PDF: invalid password"
time=2026-08-21T20:32:56.280+02:00 level=ERROR msg="text extraction failed for asset" id=da3ge3eqbbt3vq4jaq10 error="pdftoppm execution failed: exit status 1"
time=2026-08-21T20:32:56.286+02:00 level=WARN msg="failed to process asset for text extraction" id=da3ge3eqbbt3vq4jaq10 error="pdftoppm execution failed: exit status 1"
time=2026-08-21T20:32:56.287+02:00 level=INFO msg="starting text extraction for asset" id=da3ge3eqbbt3vq4jaqd0 filename=da3ge3eqbbt3vq4jaqd0-immunpathologie-pdf
time=2026-08-21T20:32:56.291+02:00 level=WARN msg="pdf text layer extraction failed, will try rasterisation fallback" error="encrypted PDF: invalid password"
time=2026-08-21T20:32:56.337+02:00 level=ERROR msg="text extraction failed for asset" id=da3ge3eqbbt3vq4jaqd0 error="pdftoppm execution failed: exit status 1"
time=2026-08-21T20:32:56.343+02:00 level=WARN msg="failed to process asset for text extraction" id=da3ge3eqbbt3vq4jaqd0 error="pdftoppm execution failed: exit status 1"
time=2026-08-21T20:32:56.344+02:00 level=INFO msg="starting text extraction for asset" id=da3ge3eqbbt3vq4jaqq0 filename=da3ge3eqbbt3vq4jaqq0-oralpathologie-i-pdf-passwort-patho1213-pdf
time=2026-08-21T20:32:56.348+02:00 level=WARN msg="pdf text layer extraction failed, will try rasterisation fallback" error="encrypted PDF: invalid password"
time=2026-08-21T20:32:56.392+02:00 level=ERROR msg="text extraction failed for asset" id=da3ge3eqbbt3vq4jaqq0 error="pdftoppm execution failed: exit status 1"
time=2026-08-21T20:32:56.399+02:00 level=WARN msg="failed to process asset for text extraction" id=da3ge3eqbbt3vq4jaqq0 error="pdftoppm execution failed: exit status 1"
time=2026-08-21T20:32:56.408+02:00 level=INFO msg="starting text extraction for asset" id=da3ge3eqbbt3vq4jar80 filename=da3ge3eqbbt3vq4jar80-oralpathologie-ii-pdf
time=2026-08-21T20:32:56.412+02:00 level=WARN msg="pdf text layer extraction failed, will try rasterisation fallback" error="encrypted PDF: invalid password"
time=2026-08-21T20:32:56.459+02:00 level=ERROR msg="text extraction failed for asset" id=da3ge3eqbbt3vq4jar80 error="pdftoppm execution failed: exit status 1"
time=2026-08-21T20:32:56.465+02:00 level=WARN msg="failed to process asset for text extraction" id=da3ge3eqbbt3vq4jar80 error="pdftoppm execution failed: exit status 1"
time=2026-08-21T20:32:56.468+02:00 level=INFO msg="starting text extraction for asset" id=da3ge3eqbbt3vq4jarn0 filename=da3ge3eqbbt3vq4jarn0-oralpathologie-iii-pdf
time=2026-08-21T20:32:56.473+02:00 level=WARN msg="pdf text layer extraction failed, will try rasterisation fallback" error="encrypted PDF: invalid password"
time=2026-08-21T20:32:56.522+02:00 level=ERROR msg="text extraction failed for asset" id=da3ge3eqbbt3vq4jarn0 error="pdftoppm execution failed: exit status 1"
time=2026-08-21T20:32:56.527+02:00 level=WARN msg="failed to process asset for text extraction" id=da3ge3eqbbt3vq4jarn0 error="pdftoppm execution failed: exit status 1"
time=2026-08-21T20:32:56.531+02:00 level=INFO msg="starting text extraction for asset" id=da3ge3mqbbt3vq4jb0j0 filename=da3ge3mqbbt3vq4jb0j0-pathologie_der_speicheldrüsen-pdf
time=2026-08-21T20:32:56.536+02:00 level=WARN msg="pdf text layer extraction failed, will try rasterisation fallback" error="encrypted PDF: invalid password"
time=2026-08-21T20:32:56.582+02:00 level=ERROR msg="text extraction failed for asset" id=da3ge3mqbbt3vq4jb0j0 error="pdftoppm execution failed: exit status 1"
time=2026-08-21T20:32:56.587+02:00 level=WARN msg="failed to process asset for text extraction" id=da3ge3mqbbt3vq4jb0j0 error="pdftoppm execution failed: exit status 1"
time=2026-08-21T20:32:56.589+02:00 level=INFO msg="starting text extraction for asset" id=da3ge3mqbbt3vq4jb1b0 filename=da3ge3mqbbt3vq4jb1b0-pathologie_der_verdauung-pdf
time=2026-08-21T20:32:56.593+02:00 level=WARN msg="pdf text layer extraction failed, will try rasterisation fallback" error="encrypted PDF: invalid password"
time=2026-08-21T20:32:56.638+02:00 level=ERROR msg="text extraction failed for asset" id=da3ge3mqbbt3vq4jb1b0 error="pdftoppm execution failed: exit status 1"
time=2026-08-21T20:32:56.644+02:00 level=WARN msg="failed to process asset for text extraction" id=da3ge3mqbbt3vq4jb1b0 error="pdftoppm execution failed: exit status 1"
time=2026-08-21T20:32:56.646+02:00 level=INFO msg="starting text extraction for asset" id=da3ge3mqbbt3vq4jb240 filename=da3ge3mqbbt3vq4jb240-schilddrüsenpathologie-pdf
time=2026-08-21T20:32:56.650+02:00 level=WARN msg="pdf text layer extraction failed, will try rasterisation fallback" error="encrypted PDF: invalid password"
time=2026-08-21T20:32:56.809+02:00 level=ERROR msg="text extraction failed for asset" id=da3ge3mqbbt3vq4jb240 error="pdftoppm execution failed: exit status 1"
time=2026-08-21T20:32:56.813+02:00 level=WARN msg="failed to process asset for text extraction" id=da3ge3mqbbt3vq4jb240 error="pdftoppm execution failed: exit status 1"
time=2026-08-21T20:32:56.817+02:00 level=INFO msg="starting text extraction for asset" id=da3ge3mqbbt3vq4jb2u0 filename=da3ge3mqbbt3vq4jb2u0-tonsillen-pdf
time=2026-08-21T20:32:56.823+02:00 level=WARN msg="pdf text layer extraction failed, will try rasterisation fallback" error="encrypted PDF: invalid password"
time=2026-08-21T20:32:56.873+02:00 level=ERROR msg="text extraction failed for asset" id=da3ge3mqbbt3vq4jb2u0 error="pdftoppm execution failed: exit status 1"
time=2026-08-21T20:32:56.879+02:00 level=WARN msg="failed to process asset for text extraction" id=da3ge3mqbbt3vq4jb2u0 error="pdftoppm execution failed: exit status 1"
time=2026-08-21T20:32:56.906+02:00 level=INFO msg="starting text extraction for asset" id=da3ge3mqbbt3vq4jb3p0 filename=da3ge3mqbbt3vq4jb3p0-tumorpathologie-pdf
time=2026-08-21T20:32:56.916+02:00 level=WARN msg="pdf text layer extraction failed, will try rasterisation fallback" error="encrypted PDF: invalid password"
time=2026-08-21T20:32:57.007+02:00 level=ERROR msg="text extraction failed for asset" id=da3ge3mqbbt3vq4jb3p0 error="pdftoppm execution failed: exit status 1"
time=2026-08-21T20:32:57.011+02:00 level=WARN msg="failed to process asset for text extraction" id=da3ge3mqbbt3vq4jb3p0 error="pdftoppm execution failed: exit status 1"
time=2026-08-21T20:32:57.013+02:00 level=INFO msg="starting text extraction for asset" id=da3ge3mqbbt3vq4jb4l0 filename=da3ge3mqbbt3vq4jb4l0-tumorursachen_klassifikation-pdf
time=2026-08-21T20:32:57.018+02:00 level=WARN msg="pdf text layer extraction failed, will try rasterisation fallback" error="encrypted PDF: invalid password"
time=2026-08-21T20:32:57.063+02:00 level=ERROR msg="text extraction failed for asset" id=da3ge3mqbbt3vq4jb4l0 error="pdftoppm execution failed: exit status 1"
time=2026-08-21T20:32:57.067+02:00 level=WARN msg="failed to process asset for text extraction" id=da3ge3mqbbt3vq4jb4l0 error="pdftoppm execution failed: exit status 1"
time=2026-08-21T20:32:57.105+02:00 level=INFO msg="starting text extraction for asset" id=da3ge7uqbbt3vq4kalv0 filename=da3ge7uqbbt3vq4kalv0-immediat-_und_interimsprothese-pdf
time=2026-08-21T20:32:57.113+02:00 level=INFO msg="text extraction completed successfully" id=da3ge7uqbbt3vq4kalv0 text_length=8723 engine=pdf-textlayer
time=2026-08-21T20:32:57.118+02:00 level=INFO msg="No subscribers to send message" pubsub_uuid=LW4M9qT7XfXwtt7k6FBz4L message_uuid=972e39d5-29fe-48bf-b692-9fe16f01a56f topic=message.EventAssetOCRCompleted
time=2026-08-21T20:32:57.142+02:00 level=INFO msg="starting text extraction for asset" id=da3ge7uqbbt3vq4kc6v0 filename=da3ge7uqbbt3vq4kc6v0-implantate-strauchs-pdf
time=2026-08-21T20:32:57.152+02:00 level=INFO msg="text extraction completed successfully" id=da3ge7uqbbt3vq4kc6v0 text_length=10581 engine=pdf-textlayer
time=2026-08-21T20:32:57.156+02:00 level=INFO msg="No subscribers to send message" pubsub_uuid=LW4M9qT7XfXwtt7k6FBz4L message_uuid=dfbda4fa-3164-43ee-9ca4-aebf741adbf0 topic=message.EventAssetOCRCompleted
time=2026-08-21T20:32:57.159+02:00 level=INFO msg="starting text extraction for asset" id=da3ge7uqbbt3vq4kce30 filename=da3ge7uqbbt3vq4kce30-implantate-indikationen-für-festsitzenden-zahnersatz-pdf
time=2026-08-21T20:32:57.200+02:00 level=INFO msg="text extraction completed successfully" id=da3ge7uqbbt3vq4kce30 text_length=19785 engine=pdf-textlayer
time=2026-08-21T20:32:57.209+02:00 level=INFO msg="No subscribers to send message" pubsub_uuid=LW4M9qT7XfXwtt7k6FBz4L message_uuid=e7e74be0-d2a5-4137-99b0-6b9d72945300 topic=message.EventAssetOCRCompleted
time=2026-08-21T20:32:57.211+02:00 level=INFO msg="starting text extraction for asset" id=da3ge86qbbt3vq4kcl80 filename=da3ge86qbbt3vq4kcl80-implantate-erfolgskriterien-und-langzeitprognose-pdf
time=2026-08-21T20:32:57.232+02:00 level=INFO msg="text extraction completed successfully" id=da3ge86qbbt3vq4kcl80 text_length=8385 engine=pdf-textlayer
time=2026-08-21T20:32:57.237+02:00 level=INFO msg="No subscribers to send message" pubsub_uuid=LW4M9qT7XfXwtt7k6FBz4L topic=message.EventAssetOCRCompleted message_uuid=63ba030a-744d-4b03-8f61-515debb9f3d2
time=2026-08-21T20:32:57.239+02:00 level=INFO msg="starting text extraction for asset" id=da3ge86qbbt3vq4kcse0 filename=da3ge86qbbt3vq4kcse0-implantate-erfolgskriterien-pdf
time=2026-08-21T20:32:57.254+02:00 level=INFO msg="text extraction completed successfully" id=da3ge86qbbt3vq4kcse0 text_length=3572 engine=pdf-textlayer
time=2026-08-21T20:32:57.259+02:00 level=INFO msg="No subscribers to send message" pubsub_uuid=LW4M9qT7XfXwtt7k6FBz4L message_uuid=2ca4ee4b-0f26-4016-b3b5-b221aa0ced32 topic=message.EventAssetOCRCompleted
time=2026-08-21T20:32:57.299+02:00 level=INFO msg="starting text extraction for asset" id=da3ge86qbbt3vq4kfdi0 filename=da3ge86qbbt3vq4kfdi0-implantatmaterialien-und-ossifikation-pdf
time=2026-08-21T20:32:57.307+02:00 level=INFO msg="text extraction completed successfully" id=da3ge86qbbt3vq4kfdi0 text_length=2822 engine=pdf-textlayer
time=2026-08-21T20:32:57.310+02:00 level=INFO msg="No subscribers to send message" pubsub_uuid=LW4M9qT7XfXwtt7k6FBz4L message_uuid=e9b3e992-6dd2-4cce-bbeb-dcc958fdca6f topic=message.EventAssetOCRCompleted
time=2026-08-21T20:32:57.318+02:00 level=INFO msg="starting text extraction for asset" id=da3ge86qbbt3vq4kfsn0 filename=da3ge86qbbt3vq4kfsn0-implantatversorgungen-befestigung-pdf
time=2026-08-21T20:32:57.325+02:00 level=INFO msg="text extraction completed successfully" id=da3ge86qbbt3vq4kfsn0 text_length=5481 engine=pdf-textlayer
time=2026-08-21T20:32:57.329+02:00 level=INFO msg="No subscribers to send message" pubsub_uuid=LW4M9qT7XfXwtt7k6FBz4L message_uuid=318832d0-da42-4d13-b34e-cb2bd6cf4858 topic=message.EventAssetOCRCompleted
time=2026-08-21T20:32:57.331+02:00 level=INFO msg="starting text extraction for asset" id=da3ge8eqbbt3vq4kg4b0 filename=da3ge8eqbbt3vq4kg4b0-indikationen-fuer-festsitzenden-zahnersatz-friedrich-regelein-pdf
time=2026-08-21T20:32:57.348+02:00 level=INFO msg="text extraction completed successfully" id=da3ge8eqbbt3vq4kg4b0 text_length=5936 engine=pdf-textlayer
time=2026-08-21T20:32:57.352+02:00 level=INFO msg="No subscribers to send message" pubsub_uuid=LW4M9qT7XfXwtt7k6FBz4L message_uuid=9771c9a9-e00f-4ede-9d30-9de1f6017dd6 topic=message.EventAssetOCRCompleted
time=2026-08-21T20:32:57.358+02:00 level=INFO msg="starting text extraction for asset" id=da3ge8eqbbt3vq4kgc00 filename=da3ge8eqbbt3vq4kgc00-instrumetelle-funktionsanalyse-brandt-pdf
time=2026-08-21T20:32:57.404+02:00 level=INFO msg="text extraction completed successfully" id=da3ge8eqbbt3vq4kgc00 text_length=16510 engine=pdf-textlayer
time=2026-08-21T20:32:57.410+02:00 level=INFO msg="No subscribers to send message" pubsub_uuid=LW4M9qT7XfXwtt7k6FBz4L topic=message.EventAssetOCRCompleted message_uuid=f0ddcfbc-fc0b-4970-affb-03963ab0c059
time=2026-08-21T20:32:57.413+02:00 level=INFO msg="starting text extraction for asset" id=da3ge8eqbbt3vq4kgjm0 filename=da3ge8eqbbt3vq4kgjm0-instumentelle-funktionsanalyse-pdf
time=2026-08-21T20:32:57.419+02:00 level=INFO msg="text extraction completed successfully" id=da3ge8eqbbt3vq4kgjm0 text_length=3866 engine=pdf-textlayer
time=2026-08-21T20:32:57.422+02:00 level=INFO msg="No subscribers to send message" pubsub_uuid=LW4M9qT7XfXwtt7k6FBz4L message_uuid=1cf6a1ee-af11-44a6-a476-d60770e32747 topic=message.EventAssetOCRCompleted
time=2026-08-21T20:32:57.432+02:00 level=INFO msg="starting text extraction for asset" id=da3ge8eqbbt3vq4kh350 filename=da3ge8eqbbt3vq4kh350-keramikverblendungen-lorenz-pdf
time=2026-08-21T20:32:57.442+02:00 level=INFO msg="text extraction completed successfully" id=da3ge8eqbbt3vq4kh350 text_length=5771 engine=pdf-textlayer
time=2026-08-21T20:32:57.446+02:00 level=INFO msg="No subscribers to send message" pubsub_uuid=LW4M9qT7XfXwtt7k6FBz4L message_uuid=93d8aa3f-ebf6-4846-b095-96af1218d84d topic=message.EventAssetOCRCompleted
time=2026-08-21T20:32:57.449+02:00 level=INFO msg="starting text extraction for asset" id=da3ge8eqbbt3vq4khau0 filename=da3ge8eqbbt3vq4khau0-keramikverblendungen-pdf
time=2026-08-21T20:32:57.462+02:00 level=INFO msg="text extraction completed successfully" id=da3ge8eqbbt3vq4khau0 text_length=4856 engine=pdf-textlayer
time=2026-08-21T20:32:57.466+02:00 level=INFO msg="No subscribers to send message" pubsub_uuid=LW4M9qT7XfXwtt7k6FBz4L topic=message.EventAssetOCRCompleted message_uuid=89da7596-fe5c-4aac-b10c-dbff47be6293
time=2026-08-21T20:32:57.468+02:00 level=INFO msg="starting text extraction for asset" id=da3ge8eqbbt3vq4khio0 filename=da3ge8eqbbt3vq4khio0-kiefergelenkserkrankungen-brombacher-pdf
time=2026-08-21T20:32:57.476+02:00 level=INFO msg="text extraction completed successfully" id=da3ge8eqbbt3vq4khio0 text_length=6442 engine=pdf-textlayer
time=2026-08-21T20:32:57.480+02:00 level=INFO msg="No subscribers to send message" pubsub_uuid=LW4M9qT7XfXwtt7k6FBz4L message_uuid=2316687f-c3e4-4712-ab90-2753d67ff2ac topic=message.EventAssetOCRCompleted
time=2026-08-21T20:32:57.483+02:00 level=INFO msg="starting text extraction for asset" id=da3ge8eqbbt3vq4khqj0 filename=da3ge8eqbbt3vq4khqj0-kieferrelationsbestimmung-seizew-pdf
time=2026-08-21T20:32:57.497+02:00 level=INFO msg="text extraction completed successfully" id=da3ge8eqbbt3vq4khqj0 text_length=13375 engine=pdf-textlayer
time=2026-08-21T20:32:57.501+02:00 level=INFO msg="No subscribers to send message" pubsub_uuid=LW4M9qT7XfXwtt7k6FBz4L message_uuid=9bce417a-0dc3-47d9-a1b2-1001ad8b9aac topic=message.EventAssetOCRCompleted
time=2026-08-21T20:32:57.506+02:00 level=INFO msg="starting text extraction for asset" id=da3ge8eqbbt3vq4kiac0 filename=da3ge8eqbbt3vq4kiac0-kieferrelationsbestimmung-und-prophylaktische-bissnahme-pdf
time=2026-08-21T20:32:57.513+02:00 level=INFO msg="text extraction completed successfully" id=da3ge8eqbbt3vq4kiac0 text_length=8150 engine=pdf-textlayer
time=2026-08-21T20:32:57.517+02:00 level=INFO msg="No subscribers to send message" pubsub_uuid=LW4M9qT7XfXwtt7k6FBz4L message_uuid=decd1325-c20e-4e49-aa82-3630c9205892 topic=message.EventAssetOCRCompleted
time=2026-08-21T20:32:57.523+02:00 level=INFO msg="starting text extraction for asset" id=da3ge8eqbbt3vq4kiq90 filename=da3ge8eqbbt3vq4kiq90-klammerformen_und_ihre_verwendung-pdf
time=2026-08-21T20:32:57.533+02:00 level=INFO msg="text extraction completed successfully" id=da3ge8eqbbt3vq4kiq90 text_length=7217 engine=pdf-textlayer
time=2026-08-21T20:32:57.537+02:00 level=INFO msg="No subscribers to send message" pubsub_uuid=LW4M9qT7XfXwtt7k6FBz4L message_uuid=9dc40e83-00cc-4f2f-9381-23e550a1d428 topic=message.EventAssetOCRCompleted
time=2026-08-21T20:32:57.539+02:00 level=INFO msg="starting text extraction for asset" id=da3ge8eqbbt3vq4kj290 filename=da3ge8eqbbt3vq4kj290-klammerprothese_vs_doppelkronenprothese-pdf
time=2026-08-21T20:32:57.554+02:00 level=INFO msg="text extraction completed successfully" id=da3ge8eqbbt3vq4kj290 text_length=5870 engine=pdf-textlayer
time=2026-08-21T20:32:57.558+02:00 level=INFO msg="No subscribers to send message" pubsub_uuid=LW4M9qT7XfXwtt7k6FBz4L message_uuid=25c5f2e9-86cc-4c47-bcdf-34a7d475f783 topic=message.EventAssetOCRCompleted
time=2026-08-21T20:32:57.568+02:00 level=INFO msg="starting text extraction for asset" id=da3ge8eqbbt3vq4kjqf0 filename=da3ge8eqbbt3vq4kjqf0-langzeitprognose-kronen-und-brücken-pdf
time=2026-08-21T20:32:57.632+02:00 level=INFO msg="text extraction completed successfully" id=da3ge8eqbbt3vq4kjqf0 text_length=3645 engine=pdf-textlayer
time=2026-08-21T20:32:57.636+02:00 level=INFO msg="No subscribers to send message" pubsub_uuid=LW4M9qT7XfXwtt7k6FBz4L message_uuid=ddebc9bc-8238-49b5-9d46-7be24adf3081 topic=message.EventAssetOCRCompleted
time=2026-08-21T20:32:57.638+02:00 level=INFO msg="starting text extraction for asset" id=da3ge8eqbbt3vq4kk2j0 filename=da3ge8eqbbt3vq4kk2j0-langzeitprognose-von-kronen-und-bruecken-ragab-pdf
time=2026-08-21T20:32:57.651+02:00 level=INFO msg="text extraction completed successfully" id=da3ge8eqbbt3vq4kk2j0 text_length=4242 engine=pdf-textlayer
time=2026-08-21T20:32:57.655+02:00 level=INFO msg="No subscribers to send message" pubsub_uuid=LW4M9qT7XfXwtt7k6FBz4L message_uuid=143b8d4b-458c-4593-b37f-c0634967ac12 topic=message.EventAssetOCRCompleted
time=2026-08-21T20:32:57.660+02:00 level=INFO msg="starting text extraction for asset" id=da3ge8eqbbt3vq4kkao0 filename=da3ge8eqbbt3vq4kkao0-marylandbruecken-popp-pdf
time=2026-08-21T20:32:57.683+02:00 level=INFO msg="text extraction completed successfully" id=da3ge8eqbbt3vq4kkao0 text_length=10683 engine=pdf-textlayer
time=2026-08-21T20:32:57.688+02:00 level=INFO msg="No subscribers to send message" pubsub_uuid=LW4M9qT7XfXwtt7k6FBz4L message_uuid=f2f4f9c1-38b4-4108-95c2-31b7422356a9 topic=message.EventAssetOCRCompleted
time=2026-08-21T20:32:57.691+02:00 level=INFO msg="starting text extraction for asset" id=da3ge8eqbbt3vq4kkiu0 filename=da3ge8eqbbt3vq4kkiu0-marylandbrücke-pdf
time=2026-08-21T20:32:57.712+02:00 level=INFO msg="text extraction completed successfully" id=da3ge8eqbbt3vq4kkiu0 text_length=6870 engine=pdf-textlayer
time=2026-08-21T20:32:57.717+02:00 level=INFO msg="No subscribers to send message" pubsub_uuid=LW4M9qT7XfXwtt7k6FBz4L message_uuid=0218d22d-0aca-44c3-9745-687aefb46472 topic=message.EventAssetOCRCompleted
time=2026-08-21T20:32:57.723+02:00 level=INFO msg="starting text extraction for asset" id=da3ge8mqbbt3vq4kkr50 filename=da3ge8mqbbt3vq4kkr50-metallunvertraeglichkeiten-raab-pdf
time=2026-08-21T20:32:57.737+02:00 level=INFO msg="text extraction completed successfully" id=da3ge8mqbbt3vq4kkr50 text_length=5857 engine=pdf-textlayer
time=2026-08-21T20:32:57.744+02:00 level=INFO msg="No subscribers to send message" pubsub_uuid=LW4M9qT7XfXwtt7k6FBz4L message_uuid=307f7d58-ac5f-4590-879d-7f81ae2b4e6e topic=message.EventAssetOCRCompleted
time=2026-08-21T20:32:57.749+02:00 level=INFO msg="starting text extraction for asset" id=da3ge8mqbbt3vq4kl3d0 filename=da3ge8mqbbt3vq4kl3d0-metallunverträglichkeiten-pdf
time=2026-08-21T20:32:57.768+02:00 level=INFO msg="text extraction completed successfully" id=da3ge8mqbbt3vq4kl3d0 text_length=6500 engine=pdf-textlayer
time=2026-08-21T20:32:57.773+02:00 level=INFO msg="No subscribers to send message" pubsub_uuid=LW4M9qT7XfXwtt7k6FBz4L message_uuid=dbfc6907-9fb1-4e60-8390-d60319b376bd topic=message.EventAssetOCRCompleted
time=2026-08-21T20:32:57.775+02:00 level=INFO msg="starting text extraction for asset" id=da3ge8mqbbt3vq4klbm0 filename=da3ge8mqbbt3vq4klbm0-modellgussprothese-schneider-pdf
time=2026-08-21T20:32:57.794+02:00 level=INFO msg="text extraction completed successfully" id=da3ge8mqbbt3vq4klbm0 text_length=5551 engine=pdf-textlayer
time=2026-08-21T20:32:57.799+02:00 level=INFO msg="No subscribers to send message" pubsub_uuid=LW4M9qT7XfXwtt7k6FBz4L message_uuid=5e3632a1-985d-4a24-8cd4-77984b7db05b topic=message.EventAssetOCRCompleted
time=2026-08-21T20:32:57.813+02:00 level=INFO msg="starting text extraction for asset" id=da3ge8mqbbt3vq4kmd40 filename=da3ge8mqbbt3vq4kmd40-obturation-des-wurzelkanals-pdf
time=2026-08-21T20:32:57.840+02:00 level=INFO msg="text extraction completed successfully" id=da3ge8mqbbt3vq4kmd40 text_length=20707 engine=pdf-textlayer
time=2026-08-21T20:32:57.845+02:00 level=INFO msg="No subscribers to send message" pubsub_uuid=LW4M9qT7XfXwtt7k6FBz4L message_uuid=df42a4ab-93eb-4281-a8e5-f3c5beab8d61 topic=message.EventAssetOCRCompleted
time=2026-08-21T20:32:57.848+02:00 level=INFO msg="starting text extraction for asset" id=da3ge8mqbbt3vq4kmli0 filename=da3ge8mqbbt3vq4kmli0-okklusionsstoerungen-born-pdf
time=2026-08-21T20:32:57.852+02:00 level=INFO msg="text extraction completed successfully" id=da3ge8mqbbt3vq4kmli0 text_length=3471 engine=pdf-textlayer
time=2026-08-21T20:32:57.855+02:00 level=INFO msg="No subscribers to send message" pubsub_uuid=LW4M9qT7XfXwtt7k6FBz4L topic=message.EventAssetOCRCompleted message_uuid=7c198541-1a15-4592-ac71-d86e9d34d756
time=2026-08-21T20:32:57.862+02:00 level=INFO msg="starting text extraction for asset" id=da3ge8mqbbt3vq4kn6h0 filename=da3ge8mqbbt3vq4kn6h0-parallelwandige_doppelkronen-pdf
time=2026-08-21T20:32:57.866+02:00 level=INFO msg="text extraction completed successfully" id=da3ge8mqbbt3vq4kn6h0 text_length=3413 engine=pdf-textlayer
time=2026-08-21T20:32:57.870+02:00 level=INFO msg="No subscribers to send message" pubsub_uuid=LW4M9qT7XfXwtt7k6FBz4L message_uuid=dff87d74-01cf-4a96-ad2c-fef2a141171b topic=message.EventAssetOCRCompleted
time=2026-08-21T20:32:57.872+02:00 level=INFO msg="starting text extraction for asset" id=da3ge8mqbbt3vq4knf20 filename=da3ge8mqbbt3vq4knf20-passgenauigkeit-von-kronen-schirrotzki-pdf
time=2026-08-21T20:32:57.895+02:00 level=INFO msg="text extraction completed successfully" id=da3ge8mqbbt3vq4knf20 text_length=9251 engine=pdf-textlayer
time=2026-08-21T20:32:57.899+02:00 level=INFO msg="No subscribers to send message" pubsub_uuid=LW4M9qT7XfXwtt7k6FBz4L topic=message.EventAssetOCRCompleted message_uuid=5c8ab12f-d9f5-4fc7-b072-318721f4072b
time=2026-08-21T20:32:57.903+02:00 level=INFO msg="starting text extraction for asset" id=da3ge8mqbbt3vq4knnk0 filename=da3ge8mqbbt3vq4knnk0-passgenauigkeit-von-kronenrändern-pdf
time=2026-08-21T20:32:57.917+02:00 level=INFO msg="text extraction completed successfully" id=da3ge8mqbbt3vq4knnk0 text_length=11852 engine=pdf-textlayer
time=2026-08-21T20:32:57.922+02:00 level=INFO msg="No subscribers to send message" pubsub_uuid=LW4M9qT7XfXwtt7k6FBz4L message_uuid=4f03b34e-118a-418f-aac8-ba43c028bd38 topic=message.EventAssetOCRCompleted
time=2026-08-21T20:32:57.930+02:00 level=INFO msg="starting text extraction for asset" id=da3ge8mqbbt3vq4ko8r0 filename=da3ge8mqbbt3vq4ko8r0-pathogenese-der-pa-pdf
time=2026-08-21T20:32:57.941+02:00 level=INFO msg="text extraction completed successfully" id=da3ge8mqbbt3vq4ko8r0 text_length=17835 engine=pdf-textlayer
time=2026-08-21T20:32:57.946+02:00 level=INFO msg="No subscribers to send message" pubsub_uuid=LW4M9qT7XfXwtt7k6FBz4L message_uuid=8d40a19b-4fff-4ebb-bf12-1f160c1b173e topic=message.EventAssetOCRCompleted
time=2026-08-21T20:32:57.951+02:00 level=INFO msg="starting text extraction for asset" id=da3ge8mqbbt3vq4kohg0 filename=da3ge8mqbbt3vq4kohg0-pfeilerwertigkeit-holste-pdf
time=2026-08-21T20:32:57.966+02:00 level=INFO msg="text extraction completed successfully" id=da3ge8mqbbt3vq4kohg0 text_length=5110 engine=pdf-textlayer
time=2026-08-21T20:32:57.970+02:00 level=INFO msg="No subscribers to send message" pubsub_uuid=LW4M9qT7XfXwtt7k6FBz4L message_uuid=d122c855-d310-40b7-8733-cf53352cc0d2 topic=message.EventAssetOCRCompleted
time=2026-08-21T20:32:57.972+02:00 level=INFO msg="starting text extraction for asset" id=da3ge8mqbbt3vq4koq60 filename=da3ge8mqbbt3vq4koq60-physiotherapie-bei-kiefergelenkserkrankungen-fertig-pdf
time=2026-08-21T20:32:57.980+02:00 level=INFO msg="text extraction completed successfully" id=da3ge8mqbbt3vq4koq60 text_length=4800 engine=pdf-textlayer
time=2026-08-21T20:32:57.983+02:00 level=INFO msg="No subscribers to send message" pubsub_uuid=LW4M9qT7XfXwtt7k6FBz4L message_uuid=d7d449cc-4519-49ac-b85d-88d922663c55 topic=message.EventAssetOCRCompleted
time=2026-08-21T20:32:57.986+02:00 level=INFO msg="starting text extraction for asset" id=da3ge8mqbbt3vq4kp2t0 filename=da3ge8mqbbt3vq4kp2t0-praeparationsgefahr-grillmeier-pdf
time=2026-08-21T20:32:58.004+02:00 level=INFO msg="text extraction completed successfully" id=da3ge8mqbbt3vq4kp2t0 text_length=7045 engine=pdf-textlayer
time=2026-08-21T20:32:58.009+02:00 level=INFO msg="No subscribers to send message" pubsub_uuid=LW4M9qT7XfXwtt7k6FBz4L message_uuid=229debc7-bc2c-40e9-aa2e-f59fc153deb4 topic=message.EventAssetOCRCompleted
time=2026-08-21T20:32:58.032+02:00 level=INFO msg="starting text extraction for asset" id=da3ge8uqbbt3vq4kqns0 filename=da3ge8uqbbt3vq4kqns0-provisorienherstellung-hofrichter-pdf
time=2026-08-21T20:32:58.039+02:00 level=INFO msg="text extraction completed successfully" id=da3ge8uqbbt3vq4kqns0 text_length=3977 engine=pdf-textlayer
time=2026-08-21T20:32:58.042+02:00 level=INFO msg="No subscribers to send message" pubsub_uuid=LW4M9qT7XfXwtt7k6FBz4L message_uuid=7c40f7f0-805a-4585-b016-bbde0e19fbde topic=message.EventAssetOCRCompleted
time=2026-08-21T20:32:58.047+02:00 level=INFO msg="starting text extraction for asset" id=da3ge8uqbbt3vq4kr9p0 filename=da3ge8uqbbt3vq4kr9p0-provisorienherstellung-und-befestigung-pdf
time=2026-08-21T20:32:58.052+02:00 level=INFO msg="text extraction completed successfully" id=da3ge8uqbbt3vq4kr9p0 text_length=3798 engine=pdf-textlayer
time=2026-08-21T20:32:58.055+02:00 level=INFO msg="No subscribers to send message" pubsub_uuid=LW4M9qT7XfXwtt7k6FBz4L message_uuid=567723c6-2276-42e5-8cb5-44a08b29763c topic=message.EventAssetOCRCompleted
time=2026-08-21T20:32:58.064+02:00 level=INFO msg="starting text extraction for asset" id=da3ge8uqbbt3vq4krrq0 filename=da3ge8uqbbt3vq4krrq0-präparationsverfahren-pdf
time=2026-08-21T20:32:58.077+02:00 level=INFO msg="text extraction completed successfully" id=da3ge8uqbbt3vq4krrq0 text_length=3037 engine=pdf-textlayer
time=2026-08-21T20:32:58.080+02:00 level=INFO msg="No subscribers to send message" pubsub_uuid=LW4M9qT7XfXwtt7k6FBz4L message_uuid=21fd1038-1eed-4db7-9ff6-35868c797f9b topic=message.EventAssetOCRCompleted
time=2026-08-21T20:32:58.094+02:00 level=INFO msg="starting text extraction for asset" id=da3ge8uqbbt3vq4kt080 filename=da3ge8uqbbt3vq4kt080-registriersysteme-der-unterkieferbewegungen-pdf
time=2026-08-21T20:32:58.101+02:00 level=INFO msg="text extraction completed successfully" id=da3ge8uqbbt3vq4kt080 text_length=2504 engine=pdf-textlayer
time=2026-08-21T20:32:58.104+02:00 level=INFO msg="No subscribers to send message" pubsub_uuid=LW4M9qT7XfXwtt7k6FBz4L message_uuid=1c372164-60c4-4a63-8871-f2259f9f3c79 topic=message.EventAssetOCRCompleted
time=2026-08-21T20:32:58.106+02:00 level=INFO msg="starting text extraction for asset" id=da3ge8uqbbt3vq4kt9e0 filename=da3ge8uqbbt3vq4kt9e0-reokkludieren_remontage-pdf
time=2026-08-21T20:32:58.111+02:00 level=INFO msg="text extraction completed successfully" id=da3ge8uqbbt3vq4kt9e0 text_length=2828 engine=pdf-textlayer
time=2026-08-21T20:32:58.114+02:00 level=INFO msg="No subscribers to send message" pubsub_uuid=LW4M9qT7XfXwtt7k6FBz4L message_uuid=f5d001bf-852f-4f2c-b7bc-2e8dbb70a2a5 topic=message.EventAssetOCRCompleted
time=2026-08-21T20:32:58.117+02:00 level=INFO msg="starting text extraction for asset" id=da3ge8uqbbt3vq4ktil0 filename=da3ge8uqbbt3vq4ktil0-rote-aesthetik-zechbauer-pdf
time=2026-08-21T20:32:58.126+02:00 level=INFO msg="text extraction completed successfully" id=da3ge8uqbbt3vq4ktil0 text_length=8320 engine=pdf-textlayer
time=2026-08-21T20:32:58.130+02:00 level=INFO msg="No subscribers to send message" pubsub_uuid=LW4M9qT7XfXwtt7k6FBz4L message_uuid=7a59e99a-4a49-4e2e-a151-1edce950939e topic=message.EventAssetOCRCompleted
time=2026-08-21T20:32:58.146+02:00 level=INFO msg="starting text extraction for asset" id=da3ge96qbbt3vq4kv170 filename=da3ge96qbbt3vq4kv170-schienentherapie-pdf
time=2026-08-21T20:32:59.344+02:00 level=INFO msg="text extraction completed successfully" id=da3ge96qbbt3vq4kv170 text_length=4907 engine=pdf-textlayer-weak
time=2026-08-21T20:32:59.352+02:00 level=INFO msg="No subscribers to send message" pubsub_uuid=LW4M9qT7XfXwtt7k6FBz4L message_uuid=1d865a2e-ff69-4893-bd2c-e0485b7519bc topic=message.EventAssetOCRCompleted
time=2026-08-21T20:32:59.358+02:00 level=INFO msg="starting text extraction for asset" id=da3ge96qbbt3vq4kvk20 filename=da3ge96qbbt3vq4kvk20-seitenzahnaufstellung-_in_der_totalprothetik_hoeckerzaehne-pdf
time=2026-08-21T20:32:59.372+02:00 level=INFO msg="text extraction completed successfully" id=da3ge96qbbt3vq4kvk20 text_length=6896 engine=pdf-textlayer
time=2026-08-21T20:32:59.381+02:00 level=INFO msg="No subscribers to send message" pubsub_uuid=LW4M9qT7XfXwtt7k6FBz4L message_uuid=442e7509-efea-4505-a63e-f81efbde2e6b topic=message.EventAssetOCRCompleted
time=2026-08-21T20:32:59.387+02:00 level=INFO msg="starting text extraction for asset" id=da3ge96qbbt3vq4kvth0 filename=da3ge96qbbt3vq4kvth0-sekundaere-erkrankungen-des-kiefergelenks-brunner-pdf
time=2026-08-21T20:32:59.419+02:00 level=INFO msg="text extraction completed successfully" id=da3ge96qbbt3vq4kvth0 text_length=16615 engine=pdf-textlayer
time=2026-08-21T20:32:59.426+02:00 level=INFO msg="No subscribers to send message" pubsub_uuid=LW4M9qT7XfXwtt7k6FBz4L message_uuid=c3b39205-1bc8-4cce-af3b-d9b0f9455ca3 topic=message.EventAssetOCRCompleted
time=2026-08-21T20:32:59.452+02:00 level=INFO msg="starting text extraction for asset" id=da3ge96qbbt3vq4l0gi0 filename=da3ge96qbbt3vq4l0gi0-skript-prothetik-referate-kiefergelenk-festsitzender-zahnersatz-pdf
time=2026-08-21T20:33:02.090+02:00 level=WARN msg="OCR engine unavailable, skipping asset" id=da3ge96qbbt3vq4l0gi0
time=2026-08-21T20:33:02.127+02:00 level=INFO msg="starting text extraction for asset" id=da3ge96qbbt3vq4l0q40 filename=da3ge96qbbt3vq4l0q40-skript-prothetik-referate-teil-totalprothese-implantologie-pdf
time=2026-08-21T20:33:04.855+02:00 level=WARN msg="OCR engine unavailable, skipping asset" id=da3ge96qbbt3vq4l0q40
time=2026-08-21T20:33:04.870+02:00 level=INFO msg="starting text extraction for asset" id=da3ge96qbbt3vq4l13n0 filename=da3ge96qbbt3vq4l13n0-stiftaufbau-pdf
time=2026-08-21T20:33:04.879+02:00 level=INFO msg="text extraction completed successfully" id=da3ge96qbbt3vq4l13n0 text_length=2231 engine=pdf-textlayer
time=2026-08-21T20:33:04.883+02:00 level=INFO msg="No subscribers to send message" pubsub_uuid=LW4M9qT7XfXwtt7k6FBz4L message_uuid=a430270e-cd08-45d6-adc6-659d199529c0 topic=message.EventAssetOCRCompleted
time=2026-08-21T20:33:04.886+02:00 level=INFO msg="starting text extraction for asset" id=da3ge96qbbt3vq4l1db0 filename=da3ge96qbbt3vq4l1db0-stiftaufbauten-heeren-pdf
time=2026-08-21T20:33:04.893+02:00 level=INFO msg="text extraction completed successfully" id=da3ge96qbbt3vq4l1db0 text_length=4827 engine=pdf-textlayer
time=2026-08-21T20:33:04.896+02:00 level=INFO msg="No subscribers to send message" pubsub_uuid=LW4M9qT7XfXwtt7k6FBz4L message_uuid=90fe4d7d-8c09-41ca-a158-5f43805f99a3 topic=message.EventAssetOCRCompleted
time=2026-08-21T20:33:04.899+02:00 level=INFO msg="starting text extraction for asset" id=da3ge96qbbt3vq4l1n00 filename=da3ge96qbbt3vq4l1n00-störungen-der-okklusion-pdf
time=2026-08-21T20:33:04.907+02:00 level=INFO msg="text extraction completed successfully" id=da3ge96qbbt3vq4l1n00 text_length=2176 engine=pdf-textlayer
time=2026-08-21T20:33:04.912+02:00 level=INFO msg="No subscribers to send message" pubsub_uuid=LW4M9qT7XfXwtt7k6FBz4L message_uuid=fd5eb8a5-dfe6-4680-8995-310b33edf132 topic=message.EventAssetOCRCompleted
time=2026-08-21T20:33:04.932+02:00 level=INFO msg="starting text extraction for asset" id=da3ge96qbbt3vq4l3hj0 filename=da3ge96qbbt3vq4l3hj0-therapieerfolge-und-langzeitprognosen-pdf
time=2026-08-21T20:33:04.937+02:00 level=INFO msg="text extraction completed successfully" id=da3ge96qbbt3vq4l3hj0 text_length=2961 engine=pdf-textlayer
time=2026-08-21T20:33:04.941+02:00 level=INFO msg="No subscribers to send message" pubsub_uuid=LW4M9qT7XfXwtt7k6FBz4L message_uuid=7e0d9e7d-5eb0-4b85-b0f6-5261895c952b topic=message.EventAssetOCRCompleted
time=2026-08-21T20:33:04.946+02:00 level=INFO msg="starting text extraction for asset" id=da3ge96qbbt3vq4l3rf0 filename=da3ge96qbbt3vq4l3rf0-totalprothetik_eingliederung_nachsorge-pdf
time=2026-08-21T20:33:18.056+02:00 level=WARN msg="OCR engine unavailable, skipping asset" id=da3ge96qbbt3vq4l3rf0
time=2026-08-21T20:33:18.085+02:00 level=INFO msg="starting text extraction for asset" id=da3ge9eqbbt3vq4l4p90 filename=da3ge9eqbbt3vq4l4p90-veneers-piller-pdf
time=2026-08-21T20:33:18.095+02:00 level=INFO msg="text extraction completed successfully" id=da3ge9eqbbt3vq4l4p90 text_length=5044 engine=pdf-textlayer
time=2026-08-21T20:33:18.099+02:00 level=INFO msg="No subscribers to send message" pubsub_uuid=LW4M9qT7XfXwtt7k6FBz4L message_uuid=2ad7bd74-66b9-4ae3-9c83-3e8d0011052b topic=message.EventAssetOCRCompleted
time=2026-08-21T20:33:18.106+02:00 level=INFO msg="starting text extraction for asset" id=da3ge9eqbbt3vq4l5da0 filename=da3ge9eqbbt3vq4l5da0-verankerungselemente-bei-hybridprothesen-nippe-pdf
time=2026-08-21T20:33:18.112+02:00 level=INFO msg="text extraction completed successfully" id=da3ge9eqbbt3vq4l5da0 text_length=2127 engine=pdf-textlayer
time=2026-08-21T20:33:18.116+02:00 level=INFO msg="No subscribers to send message" pubsub_uuid=LW4M9qT7XfXwtt7k6FBz4L message_uuid=fc1ed6cb-fac7-4b9c-b8f8-94e1c002ba58 topic=message.EventAssetOCRCompleted
time=2026-08-21T20:33:18.122+02:00 level=INFO msg="starting text extraction for asset" id=da3ge9eqbbt3vq4l61f0 filename=da3ge9eqbbt3vq4l61f0-verblendkomposite-lennertz-pdf
time=2026-08-21T20:33:18.131+02:00 level=INFO msg="text extraction completed successfully" id=da3ge9eqbbt3vq4l61f0 text_length=8427 engine=pdf-textlayer
time=2026-08-21T20:33:18.136+02:00 level=INFO msg="No subscribers to send message" pubsub_uuid=LW4M9qT7XfXwtt7k6FBz4L message_uuid=4c6533b8-5955-4b0d-9a5a-3a8f35850b2c topic=message.EventAssetOCRCompleted
time=2026-08-21T20:33:18.140+02:00 level=INFO msg="starting text extraction for asset" id=da3ge9eqbbt3vq4l6bj0 filename=da3ge9eqbbt3vq4l6bj0-verblendkomposite-pdf
time=2026-08-21T20:33:18.149+02:00 level=INFO msg="text extraction completed successfully" id=da3ge9eqbbt3vq4l6bj0 text_length=4546 engine=pdf-textlayer
time=2026-08-21T20:33:18.152+02:00 level=INFO msg="No subscribers to send message" pubsub_uuid=LW4M9qT7XfXwtt7k6FBz4L message_uuid=7488ca52-891e-4acc-b145-3243cb3820a0 topic=message.EventAssetOCRCompleted
time=2026-08-21T20:33:18.162+02:00 level=INFO msg="starting text extraction for asset" id=da3ge9eqbbt3vq4l7a50 filename=da3ge9eqbbt3vq4l7a50-verschraubung-vs-zementierung-pdf
time=2026-08-21T20:33:18.167+02:00 level=INFO msg="text extraction completed successfully" id=da3ge9eqbbt3vq4l7a50 text_length=3470 engine=pdf-textlayer
time=2026-08-21T20:33:18.170+02:00 level=INFO msg="No subscribers to send message" pubsub_uuid=LW4M9qT7XfXwtt7k6FBz4L message_uuid=04408356-f891-478a-804e-58453bd8abea topic=message.EventAssetOCRCompleted
time=2026-08-21T20:33:18.179+02:00 level=INFO msg="starting text extraction for asset" id=da3ge9eqbbt3vq4l8900 filename=da3ge9eqbbt3vq4l8900-vollkeramische-systeme-pdf
time=2026-08-21T20:33:18.184+02:00 level=INFO msg="text extraction completed successfully" id=da3ge9eqbbt3vq4l8900 text_length=3464 engine=pdf-textlayer
time=2026-08-21T20:33:18.187+02:00 level=INFO msg="No subscribers to send message" pubsub_uuid=LW4M9qT7XfXwtt7k6FBz4L message_uuid=42f1ce1b-2c62-4b26-b005-1e4a86d16c33 topic=message.EventAssetOCRCompleted
time=2026-08-21T20:33:18.231+02:00 level=INFO msg="starting text extraction for asset" id=da3ge9mqbbt3vq4l9t10 filename=da3ge9mqbbt3vq4l9t10-abformung-pdf
time=2026-08-21T20:33:18.248+02:00 level=INFO msg="text extraction completed successfully" id=da3ge9mqbbt3vq4l9t10 text_length=3872 engine=pdf-textlayer
time=2026-08-21T20:33:18.253+02:00 level=INFO msg="No subscribers to send message" pubsub_uuid=LW4M9qT7XfXwtt7k6FBz4L message_uuid=a954ae8e-5541-4740-83fc-810020f0e041 topic=message.EventAssetOCRCompleted
time=2026-08-21T20:33:18.305+02:00 level=INFO msg="starting text extraction for asset" id=da3ge9mqbbt3vq4la7h0 filename=da3ge9mqbbt3vq4la7h0-anamnese-und-befund-pdf
time=2026-08-21T20:33:18.316+02:00 level=INFO msg="text extraction completed successfully" id=da3ge9mqbbt3vq4la7h0 text_length=2866 engine=pdf-textlayer
time=2026-08-21T20:33:18.320+02:00 level=INFO msg="No subscribers to send message" pubsub_uuid=LW4M9qT7XfXwtt7k6FBz4L topic=message.EventAssetOCRCompleted message_uuid=07a97ee1-9e74-4c34-af60-b0a1456a8f6e
time=2026-08-21T20:33:18.321+02:00 level=WARN msg="skipping OCR processing because file exceeds size limit" id=da3ge9mqbbt3vq4lai20 size=150573508
time=2026-08-21T20:33:18.326+02:00 level=INFO msg="starting text extraction for asset" id=da3ge9mqbbt3vq4lask0 filename=da3ge9mqbbt3vq4lask0-doppelkronen-pdf
time=2026-08-21T20:33:18.337+02:00 level=INFO msg="text extraction completed successfully" id=da3ge9mqbbt3vq4lask0 text_length=2870 engine=pdf-textlayer
time=2026-08-21T20:33:18.341+02:00 level=INFO msg="No subscribers to send message" pubsub_uuid=LW4M9qT7XfXwtt7k6FBz4L message_uuid=0415c625-d918-4d4b-8e24-9810e8c8019d topic=message.EventAssetOCRCompleted
time=2026-08-21T20:33:18.355+02:00 level=INFO msg="starting text extraction for asset" id=da3ge9mqbbt3vq4lb770 filename=da3ge9mqbbt3vq4lb770-heil-und-kostenplan-pdf
time=2026-08-21T20:33:18.384+02:00 level=INFO msg="text extraction completed successfully" id=da3ge9mqbbt3vq4lb770 text_length=7433 engine=pdf-textlayer
time=2026-08-21T20:33:18.388+02:00 level=INFO msg="No subscribers to send message" pubsub_uuid=LW4M9qT7XfXwtt7k6FBz4L topic=message.EventAssetOCRCompleted message_uuid=7f7f46df-58a8-43ac-ad8d-b62ca4aa1edc
time=2026-08-21T20:33:18.391+02:00 level=INFO msg="starting text extraction for asset" id=da3ge9mqbbt3vq4lbhr0 filename=da3ge9mqbbt3vq4lbhr0-hygienemaßnahmen-pdf
time=2026-08-21T20:33:18.398+02:00 level=INFO msg="text extraction completed successfully" id=da3ge9mqbbt3vq4lbhr0 text_length=4018 engine=pdf-textlayer
time=2026-08-21T20:33:18.402+02:00 level=INFO msg="No subscribers to send message" pubsub_uuid=LW4M9qT7XfXwtt7k6FBz4L topic=message.EventAssetOCRCompleted message_uuid=874f133f-6b02-4b42-b91c-f2f75047bdb9
time=2026-08-21T20:33:18.432+02:00 level=INFO msg="starting text extraction for asset" id=da3ge9mqbbt3vq4lbsg0 filename=da3ge9mqbbt3vq4lbsg0-modellgussprothese-pdf
time=2026-08-21T20:33:18.446+02:00 level=INFO msg="text extraction completed successfully" id=da3ge9mqbbt3vq4lbsg0 text_length=10058 engine=pdf-textlayer
time=2026-08-21T20:33:18.450+02:00 level=INFO msg="No subscribers to send message" pubsub_uuid=LW4M9qT7XfXwtt7k6FBz4L message_uuid=2d991e43-173a-4e9b-82b1-42170c2e77a1 topic=message.EventAssetOCRCompleted
time=2026-08-21T20:33:18.453+02:00 level=INFO msg="starting text extraction for asset" id=da3ge9mqbbt3vq4lc760 filename=da3ge9mqbbt3vq4lc760-provisorien-pdf
time=2026-08-21T20:33:18.480+02:00 level=INFO msg="text extraction completed successfully" id=da3ge9mqbbt3vq4lc760 text_length=9714 engine=pdf-textlayer
time=2026-08-21T20:33:18.487+02:00 level=INFO msg="No subscribers to send message" pubsub_uuid=LW4M9qT7XfXwtt7k6FBz4L message_uuid=754a31e4-a3c6-47bd-890e-c1b5fd8333b2 topic=message.EventAssetOCRCompleted
time=2026-08-21T20:33:18.490+02:00 level=INFO msg="starting text extraction for asset" id=da3ge9uqbbt3vq4lcht0 filename=da3ge9uqbbt3vq4lcht0-präparationsgrundlagen-pdf
time=2026-08-21T20:33:18.499+02:00 level=INFO msg="text extraction completed successfully" id=da3ge9uqbbt3vq4lcht0 text_length=5959 engine=pdf-textlayer
time=2026-08-21T20:33:18.503+02:00 level=INFO msg="No subscribers to send message" pubsub_uuid=LW4M9qT7XfXwtt7k6FBz4L message_uuid=2eecf200-cf4e-4ab7-9190-93a8659702e9 topic=message.EventAssetOCRCompleted
time=2026-08-21T20:33:18.554+02:00 level=INFO msg="starting text extraction for asset" id=da3ge9uqbbt3vq4lcsl0 filename=da3ge9uqbbt3vq4lcsl0-registrierung-pdf
time=2026-08-21T20:33:18.570+02:00 level=INFO msg="text extraction completed successfully" id=da3ge9uqbbt3vq4lcsl0 text_length=4066 engine=pdf-textlayer
time=2026-08-21T20:33:18.576+02:00 level=INFO msg="No subscribers to send message" pubsub_uuid=LW4M9qT7XfXwtt7k6FBz4L message_uuid=96f17f53-f58c-42a0-bc7f-0d55c3e8bc39 topic=message.EventAssetOCRCompleted
time=2026-08-21T20:33:18.613+02:00 level=INFO msg="starting text extraction for asset" id=da3ge9uqbbt3vq4ld7e0 filename=da3ge9uqbbt3vq4ld7e0-stiftaufbau-pdf
time=2026-08-21T20:33:18.652+02:00 level=INFO msg="text extraction completed successfully" id=da3ge9uqbbt3vq4ld7e0 text_length=9420 engine=pdf-textlayer
time=2026-08-21T20:33:18.658+02:00 level=INFO msg="No subscribers to send message" pubsub_uuid=LW4M9qT7XfXwtt7k6FBz4L message_uuid=36cdcf7d-4319-40da-8c28-f8b5cbccb3c1 topic=message.EventAssetOCRCompleted
time=2026-08-21T20:33:18.663+02:00 level=INFO msg="starting text extraction for asset" id=da3ge9uqbbt3vq4ldi80 filename=da3ge9uqbbt3vq4ldi80-stiftaufbauten-pdf
time=2026-08-21T20:33:18.668+02:00 level=WARN msg="pdf text layer extraction failed, will try rasterisation fallback" error="not a PDF file: missing %%EOF"
time=2026-08-21T20:33:21.235+02:00 level=WARN msg="OCR engine unavailable, skipping asset" id=da3ge9uqbbt3vq4ldi80
time=2026-08-21T20:33:21.258+02:00 level=INFO msg="starting text extraction for asset" id=da3ge9uqbbt3vq4ldt30 filename=da3ge9uqbbt3vq4ldt30-totalprothese-pd-dr-preis-pdf
time=2026-08-21T20:33:21.422+02:00 level=INFO msg="text extraction completed successfully" id=da3ge9uqbbt3vq4ldt30 text_length=21874 engine=pdf-textlayer
time=2026-08-21T20:33:21.430+02:00 level=INFO msg="No subscribers to send message" pubsub_uuid=LW4M9qT7XfXwtt7k6FBz4L message_uuid=37297a85-ecda-4f36-b9ed-0e2e5371a564 topic=message.EventAssetOCRCompleted
time=2026-08-21T20:33:21.435+02:00 level=INFO msg="starting text extraction for asset" id=da3ge9uqbbt3vq4le7v0 filename=da3ge9uqbbt3vq4le7v0-unterfütterung-pdf
time=2026-08-21T20:33:21.532+02:00 level=INFO msg="text extraction completed successfully" id=da3ge9uqbbt3vq4le7v0 text_length=14952 engine=pdf-textlayer
time=2026-08-21T20:33:21.540+02:00 level=INFO msg="No subscribers to send message" pubsub_uuid=LW4M9qT7XfXwtt7k6FBz4L message_uuid=c12e3c33-55d1-4e27-830e-1dcf7aa6fedf topic=message.EventAssetOCRCompleted
time=2026-08-21T20:33:21.541+02:00 level=WARN msg="skipping OCR processing because file exceeds size limit" id=da3ge9uqbbt3vq4leis0 size=193945575
time=2026-08-21T20:33:21.550+02:00 level=INFO msg="starting text extraction for asset" id=da3ge9uqbbt3vq4letq0 filename=da3ge9uqbbt3vq4letq0-cmd-pdf
time=2026-08-21T20:33:21.571+02:00 level=INFO msg="text extraction completed successfully" id=da3ge9uqbbt3vq4letq0 text_length=5565 engine=pdf-textlayer
time=2026-08-21T20:33:21.576+02:00 level=INFO msg="No subscribers to send message" pubsub_uuid=LW4M9qT7XfXwtt7k6FBz4L message_uuid=09d869a9-063f-4456-a7cc-5c21186dcd66 topic=message.EventAssetOCRCompleted
time=2026-08-21T20:33:21.591+02:00 level=INFO msg="starting text extraction for asset" id=da3ge9uqbbt3vq4lf8p0 filename=da3ge9uqbbt3vq4lf8p0-1-gesamtkonzept-pdf
time=2026-08-21T20:33:21.955+02:00 level=INFO msg="text extraction completed successfully" id=da3ge9uqbbt3vq4lf8p0 text_length=12325 engine=pdf-textlayer
time=2026-08-21T20:33:21.968+02:00 level=INFO msg="No subscribers to send message" pubsub_uuid=LW4M9qT7XfXwtt7k6FBz4L topic=message.EventAssetOCRCompleted message_uuid=eb8352a3-ef73-4679-88d9-c80a4954550d
time=2026-08-21T20:33:21.974+02:00 level=INFO msg="starting text extraction for asset" id=da3gea6qbbt3vq4lfjp0 filename=da3gea6qbbt3vq4lfjp0-11-adhaesivprothetik-pdf
time=2026-08-21T20:33:22.054+02:00 level=INFO msg="text extraction completed successfully" id=da3gea6qbbt3vq4lfjp0 text_length=3511 engine=pdf-textlayer
time=2026-08-21T20:33:22.062+02:00 level=INFO msg="No subscribers to send message" pubsub_uuid=LW4M9qT7XfXwtt7k6FBz4L message_uuid=2dc4ce7e-b92c-4336-9902-9c3e1de7f9eb topic=message.EventAssetOCRCompleted
time=2026-08-21T20:33:22.073+02:00 level=INFO msg="starting text extraction for asset" id=da3gea6qbbt3vq4lfuq0 filename=da3gea6qbbt3vq4lfuq0-2-kronen-pdf
time=2026-08-21T20:33:22.208+02:00 level=INFO msg="text extraction completed successfully" id=da3gea6qbbt3vq4lfuq0 text_length=16717 engine=pdf-textlayer
time=2026-08-21T20:33:22.221+02:00 level=INFO msg="No subscribers to send message" pubsub_uuid=LW4M9qT7XfXwtt7k6FBz4L message_uuid=5aa1316e-533b-44f7-b5ab-a2d3adf2ba8c topic=message.EventAssetOCRCompleted
time=2026-08-21T20:33:22.230+02:00 level=INFO msg="starting text extraction for asset" id=da3gea6qbbt3vq4lg9s0 filename=da3gea6qbbt3vq4lg9s0-3-zahnpraeparation_aus_klinischer_sicht_hahnel-pdf
time=2026-08-21T20:33:22.288+02:00 level=INFO msg="text extraction completed successfully" id=da3gea6qbbt3vq4lg9s0 text_length=10114 engine=pdf-textlayer
time=2026-08-21T20:33:22.295+02:00 level=INFO msg="No subscribers to send message" pubsub_uuid=LW4M9qT7XfXwtt7k6FBz4L message_uuid=5287686b-6754-444d-bf38-9b3ee65f7b31 topic=message.EventAssetOCRCompleted
time=2026-08-21T20:33:22.307+02:00 level=INFO msg="starting text extraction for asset" id=da3gea6qbbt3vq4lgkv0 filename=da3gea6qbbt3vq4lgkv0-4-artis-und-registriertechnik-pdf
time=2026-08-21T20:33:22.375+02:00 level=INFO msg="text extraction completed successfully" id=da3gea6qbbt3vq4lgkv0 text_length=22918 engine=pdf-textlayer
time=2026-08-21T20:33:22.387+02:00 level=INFO msg="No subscribers to send message" pubsub_uuid=LW4M9qT7XfXwtt7k6FBz4L message_uuid=387bedeb-1ecc-443b-81cf-10e9445d3ccf topic=message.EventAssetOCRCompleted
time=2026-08-21T20:33:22.392+02:00 level=INFO msg="starting text extraction for asset" id=da3gea6qbbt3vq4lh030 filename=da3gea6qbbt3vq4lh030-5-provisorische_versorgung_bei-festsitzendem-zahnersatz-pdf
time=2026-08-21T20:33:22.422+02:00 level=INFO msg="text extraction completed successfully" id=da3gea6qbbt3vq4lh030 text_length=8708 engine=pdf-textlayer
time=2026-08-21T20:33:22.431+02:00 level=INFO msg="No subscribers to send message" pubsub_uuid=LW4M9qT7XfXwtt7k6FBz4L message_uuid=770a6e7d-1ae7-4b07-a2d4-8f0ba8b3f9d5 topic=message.EventAssetOCRCompleted
time=2026-08-21T20:33:22.447+02:00 level=INFO msg="starting text extraction for asset" id=da3gea6qbbt3vq4lhb80 filename=da3gea6qbbt3vq4lhb80-6-post-endo-abformung-pdf
time=2026-08-21T20:33:22.547+02:00 level=INFO msg="text extraction completed successfully" id=da3gea6qbbt3vq4lhb80 text_length=22400 engine=pdf-textlayer
time=2026-08-21T20:33:22.563+02:00 level=INFO msg="No subscribers to send message" pubsub_uuid=LW4M9qT7XfXwtt7k6FBz4L message_uuid=3d8907fe-3e34-4c2c-8eff-368ba7dd105a topic=message.EventAssetOCRCompleted
time=2026-08-21T20:33:22.601+02:00 level=INFO msg="starting text extraction for asset" id=da3gea6qbbt3vq4lhme0 filename=da3gea6qbbt3vq4lhme0-7-zahnfarbene_werkstoffe-pdf
time=2026-08-21T20:33:22.673+02:00 level=INFO msg="text extraction completed successfully" id=da3gea6qbbt3vq4lhme0 text_length=17944 engine=pdf-textlayer
time=2026-08-21T20:33:22.684+02:00 level=INFO msg="No subscribers to send message" pubsub_uuid=LW4M9qT7XfXwtt7k6FBz4L message_uuid=6323f909-75cd-446f-960f-57f319a447c1 topic=message.EventAssetOCRCompleted
time=2026-08-21T20:33:22.695+02:00 level=INFO msg="starting text extraction for asset" id=da3gea6qbbt3vq4li1l0 filename=da3gea6qbbt3vq4li1l0-8-cad-cam-pdf
time=2026-08-21T20:33:22.760+02:00 level=INFO msg="text extraction completed successfully" id=da3gea6qbbt3vq4li1l0 text_length=15043 engine=pdf-textlayer
time=2026-08-21T20:33:22.769+02:00 level=INFO msg="No subscribers to send message" pubsub_uuid=LW4M9qT7XfXwtt7k6FBz4L message_uuid=e15ce3c5-6b79-4ac8-a601-1eacec69591b topic=message.EventAssetOCRCompleted
time=2026-08-21T20:33:22.780+02:00 level=INFO msg="starting text extraction for asset" id=da3gea6qbbt3vq4lict0 filename=da3gea6qbbt3vq4lict0-9-10zementieren-1-2-pdf
time=2026-08-21T20:33:22.889+02:00 level=INFO msg="text extraction completed successfully" id=da3gea6qbbt3vq4lict0 text_length=24849 engine=pdf-textlayer
time=2026-08-21T20:33:22.898+02:00 level=INFO msg="No subscribers to send message" pubsub_uuid=LW4M9qT7XfXwtt7k6FBz4L message_uuid=1079f60c-cedc-4063-923e-3e369eedab9c topic=message.EventAssetOCRCompleted
time=2026-08-21T20:33:22.903+02:00 level=INFO msg="starting text extraction for asset" id=da3gea6qbbt3vq4lio60 filename=da3gea6qbbt3vq4lio60-hkp_festzuschuesse-pdf
time=2026-08-21T20:33:22.920+02:00 level=INFO msg="text extraction completed successfully" id=da3gea6qbbt3vq4lio60 text_length=8792 engine=pdf-textlayer
time=2026-08-21T20:33:22.930+02:00 level=INFO msg="No subscribers to send message" pubsub_uuid=LW4M9qT7XfXwtt7k6FBz4L message_uuid=e0389c5a-ea96-4de9-be17-8436062787c6 topic=message.EventAssetOCRCompleted
time=2026-08-21T20:33:22.936+02:00 level=INFO msg="starting text extraction for asset" id=da3gea6qbbt3vq4lj3g0 filename=da3gea6qbbt3vq4lj3g0-vollkeramik-pdf
time=2026-08-21T20:33:22.964+02:00 level=INFO msg="text extraction completed successfully" id=da3gea6qbbt3vq4lj3g0 text_length=6402 engine=pdf-textlayer
time=2026-08-21T20:33:22.970+02:00 level=INFO msg="No subscribers to send message" pubsub_uuid=LW4M9qT7XfXwtt7k6FBz4L message_uuid=a459521e-aed3-4800-a522-8914da2d822c topic=message.EventAssetOCRCompleted
time=2026-08-21T20:33:22.989+02:00 level=INFO msg="starting text extraction for asset" id=da3gea6qbbt3vq4ljer0 filename=da3gea6qbbt3vq4ljer0-01grundlagen_prothplanung_rauch-pdf
time=2026-08-21T20:33:23.018+02:00 level=INFO msg="text extraction completed successfully" id=da3gea6qbbt3vq4ljer0 text_length=10542 engine=pdf-textlayer
time=2026-08-21T20:33:23.025+02:00 level=INFO msg="No subscribers to send message" pubsub_uuid=LW4M9qT7XfXwtt7k6FBz4L message_uuid=3a56c25b-e8e8-4fd0-b744-08bdb7f5b0af topic=message.EventAssetOCRCompleted
time=2026-08-21T20:33:23.036+02:00 level=INFO msg="starting text extraction for asset" id=da3gea6qbbt3vq4ljq70 filename=da3gea6qbbt3vq4ljq70-02planung_und_konstruktion_abnehmbarer_zahnersatz_ii-pdf
time=2026-08-21T20:33:23.136+02:00 level=INFO msg="text extraction completed successfully" id=da3gea6qbbt3vq4ljq70 text_length=23840 engine=pdf-textlayer
time=2026-08-21T20:33:23.149+02:00 level=INFO msg="No subscribers to send message" pubsub_uuid=LW4M9qT7XfXwtt7k6FBz4L message_uuid=22397752-a5ca-46e2-a609-2db54c2bdc94 topic=message.EventAssetOCRCompleted
time=2026-08-21T20:33:23.157+02:00 level=INFO msg="starting text extraction for asset" id=da3gea6qbbt3vq4lk5k0 filename=da3gea6qbbt3vq4lk5k0-03kieferrelaltionsbestimmung-pdf
time=2026-08-21T20:33:23.207+02:00 level=INFO msg="text extraction completed successfully" id=da3gea6qbbt3vq4lk5k0 text_length=13393 engine=pdf-textlayer
time=2026-08-21T20:33:23.212+02:00 level=INFO msg="No subscribers to send message" pubsub_uuid=LW4M9qT7XfXwtt7k6FBz4L message_uuid=f9351ab4-1165-4f74-9073-1e326ca8fc41 topic=message.EventAssetOCRCompleted
time=2026-08-21T20:33:23.218+02:00 level=INFO msg="starting text extraction for asset" id=da3gea6qbbt3vq4lkh20 filename=da3gea6qbbt3vq4lkh20-04modellgussprothetik-pdf
time=2026-08-21T20:33:23.306+02:00 level=INFO msg="text extraction completed successfully" id=da3gea6qbbt3vq4lkh20 text_length=10583 engine=pdf-textlayer
time=2026-08-21T20:33:23.314+02:00 level=INFO msg="No subscribers to send message" pubsub_uuid=LW4M9qT7XfXwtt7k6FBz4L message_uuid=a453e114-bc50-4924-902f-7f882519d43b topic=message.EventAssetOCRCompleted
time=2026-08-21T20:33:23.327+02:00 level=INFO msg="starting text extraction for asset" id=da3gea6qbbt3vq4lksh0 filename=da3gea6qbbt3vq4lksh0-05verankerungselemente_in_der_zahngetragenen_part-_prothetik-pdf
time=2026-08-21T20:33:23.338+02:00 level=INFO msg="text extraction completed successfully" id=da3gea6qbbt3vq4lksh0 text_length=6003 engine=pdf-textlayer
time=2026-08-21T20:33:23.343+02:00 level=INFO msg="No subscribers to send message" pubsub_uuid=LW4M9qT7XfXwtt7k6FBz4L message_uuid=592d9bad-c777-41b1-ad05-503beba37977 topic=message.EventAssetOCRCompleted
time=2026-08-21T20:33:23.350+02:00 level=INFO msg="starting text extraction for asset" id=da3geaeqbbt3vq4ll810 filename=da3geaeqbbt3vq4ll810-06totalprothetik-pdf
time=2026-08-21T20:33:23.576+02:00 level=INFO msg="text extraction completed successfully" id=da3geaeqbbt3vq4ll810 text_length=62962 engine=pdf-textlayer
time=2026-08-21T20:33:23.591+02:00 level=INFO msg="No subscribers to send message" pubsub_uuid=LW4M9qT7XfXwtt7k6FBz4L message_uuid=ba21f2b4-7d46-4465-be3b-d45d0e17eedd topic=message.EventAssetOCRCompleted
time=2026-08-21T20:33:23.613+02:00 level=INFO msg="starting text extraction for asset" id=da3geaeqbbt3vq4llji0 filename=da3geaeqbbt3vq4llji0-07abnehmbare_implantatprothetik_i-planung_7-_sem-pdf
time=2026-08-21T20:33:23.692+02:00 level=INFO msg="text extraction completed successfully" id=da3geaeqbbt3vq4llji0 text_length=23233 engine=pdf-textlayer
time=2026-08-21T20:33:23.702+02:00 level=INFO msg="No subscribers to send message" pubsub_uuid=LW4M9qT7XfXwtt7k6FBz4L message_uuid=44af89e3-bd92-477a-9005-512df02bc53c topic=message.EventAssetOCRCompleted
time=2026-08-21T20:33:23.720+02:00 level=INFO msg="starting text extraction for asset" id=da3geaeqbbt3vq4llv40 filename=da3geaeqbbt3vq4llv40-08abnehmbare_implantatprothetik_ii_-_verankerungselemente-pdf
time=2026-08-21T20:33:23.779+02:00 level=INFO msg="text extraction completed successfully" id=da3geaeqbbt3vq4llv40 text_length=17507 engine=pdf-textlayer
time=2026-08-21T20:33:23.785+02:00 level=INFO msg="No subscribers to send message" pubsub_uuid=LW4M9qT7XfXwtt7k6FBz4L message_uuid=cd58af9a-f763-48ff-9c22-e04ba6292edb topic=message.EventAssetOCRCompleted
time=2026-08-21T20:33:23.793+02:00 level=INFO msg="starting text extraction for asset" id=da3geaeqbbt3vq4lman0 filename=da3geaeqbbt3vq4lman0-cmd_i-pdf
time=2026-08-21T20:33:23.812+02:00 level=INFO msg="text extraction completed successfully" id=da3geaeqbbt3vq4lman0 text_length=12092 engine=pdf-textlayer
time=2026-08-21T20:33:23.821+02:00 level=INFO msg="No subscribers to send message" pubsub_uuid=LW4M9qT7XfXwtt7k6FBz4L message_uuid=8f43ffc0-9e07-4690-b01b-e57b79295973 topic=message.EventAssetOCRCompleted
time=2026-08-21T20:33:23.828+02:00 level=INFO msg="starting text extraction for asset" id=da3geaeqbbt3vq4lmmb0 filename=da3geaeqbbt3vq4lmmb0-cmd_ii-pdf
time=2026-08-21T20:33:23.867+02:00 level=INFO msg="text extraction completed successfully" id=da3geaeqbbt3vq4lmmb0 text_length=19321 engine=pdf-textlayer
time=2026-08-21T20:33:23.875+02:00 level=INFO msg="No subscribers to send message" pubsub_uuid=LW4M9qT7XfXwtt7k6FBz4L message_uuid=0d3d7fed-c629-4861-9645-92ff8f028725 topic=message.EventAssetOCRCompleted
time=2026-08-21T20:33:23.888+02:00 level=INFO msg="starting text extraction for asset" id=da3geaeqbbt3vq4ln200 filename=da3geaeqbbt3vq4ln200-cmd_iii-pdf
time=2026-08-21T20:33:23.923+02:00 level=INFO msg="text extraction completed successfully" id=da3geaeqbbt3vq4ln200 text_length=39444 engine=pdf-textlayer
time=2026-08-21T20:33:23.932+02:00 level=INFO msg="No subscribers to send message" pubsub_uuid=LW4M9qT7XfXwtt7k6FBz4L message_uuid=c0d6ec49-074b-46f4-acae-4496d9fcc9dd topic=message.EventAssetOCRCompleted
time=2026-08-21T20:33:23.939+02:00 level=INFO msg="starting text extraction for asset" id=da3geaeqbbt3vq4lndm0 filename=da3geaeqbbt3vq4lndm0-festsitzender-zahnersatz-i-pdf
time=2026-08-21T20:33:23.966+02:00 level=INFO msg="text extraction completed successfully" id=da3geaeqbbt3vq4lndm0 text_length=13518 engine=pdf-textlayer
time=2026-08-21T20:33:23.972+02:00 level=INFO msg="No subscribers to send message" pubsub_uuid=LW4M9qT7XfXwtt7k6FBz4L message_uuid=b22a2906-06c6-43be-a4cf-3b57e58965b5 topic=message.EventAssetOCRCompleted
time=2026-08-21T20:33:23.976+02:00 level=INFO msg="starting text extraction for asset" id=da3geaeqbbt3vq4lnpd0 filename=da3geaeqbbt3vq4lnpd0-festsitzender-zahnersatz-ii-pdf
time=2026-08-21T20:33:23.984+02:00 level=INFO msg="text extraction completed successfully" id=da3geaeqbbt3vq4lnpd0 text_length=6616 engine=pdf-textlayer
time=2026-08-21T20:33:23.988+02:00 level=INFO msg="No subscribers to send message" pubsub_uuid=LW4M9qT7XfXwtt7k6FBz4L message_uuid=4a9ed830-1e0c-43d7-b3b9-a7a1f3873645 topic=message.EventAssetOCRCompleted
time=2026-08-21T20:33:23.994+02:00 level=INFO msg="starting text extraction for asset" id=da3geaeqbbt3vq4lo550 filename=da3geaeqbbt3vq4lo550-festsitzender-zahnersatz-iii-pdf
time=2026-08-21T20:33:24.099+02:00 level=INFO msg="text extraction completed successfully" id=da3geaeqbbt3vq4lo550 text_length=7209 engine=pdf-textlayer
time=2026-08-21T20:33:24.108+02:00 level=INFO msg="No subscribers to send message" pubsub_uuid=LW4M9qT7XfXwtt7k6FBz4L message_uuid=98dab279-68a1-4d9d-a093-c4ffa8471524 topic=message.EventAssetOCRCompleted
time=2026-08-21T20:33:24.112+02:00 level=INFO msg="starting text extraction for asset" id=da3geaeqbbt3vq4logu0 filename=da3geaeqbbt3vq4logu0-festsitzender-zahnersatz-iv-pdf
time=2026-08-21T20:33:24.150+02:00 level=INFO msg="text extraction completed successfully" id=da3geaeqbbt3vq4logu0 text_length=16049 engine=pdf-textlayer
time=2026-08-21T20:33:24.158+02:00 level=INFO msg="No subscribers to send message" pubsub_uuid=LW4M9qT7XfXwtt7k6FBz4L message_uuid=ea1f4f39-48a2-4a4e-8b65-d5bd93be5487 topic=message.EventAssetOCRCompleted
time=2026-08-21T20:33:24.164+02:00 level=INFO msg="starting text extraction for asset" id=da3geaeqbbt3vq4loso0 filename=da3geaeqbbt3vq4loso0-festsitzender-zahnersatz-v-pdf
time=2026-08-21T20:33:24.189+02:00 level=INFO msg="text extraction completed successfully" id=da3geaeqbbt3vq4loso0 text_length=7526 engine=pdf-textlayer
time=2026-08-21T20:33:24.195+02:00 level=INFO msg="No subscribers to send message" pubsub_uuid=LW4M9qT7XfXwtt7k6FBz4L message_uuid=3f572170-9bbe-434b-b02d-bd0b243b34e4 topic=message.EventAssetOCRCompleted
time=2026-08-21T20:33:24.209+02:00 level=INFO msg="starting text extraction for asset" id=da3geaeqbbt3vq4lp8j0 filename=da3geaeqbbt3vq4lp8j0-festsitzender-zahnersatz-vi-pdf
time=2026-08-21T20:33:24.237+02:00 level=INFO msg="text extraction completed successfully" id=da3geaeqbbt3vq4lp8j0 text_length=19423 engine=pdf-textlayer
time=2026-08-21T20:33:24.242+02:00 level=INFO msg="No subscribers to send message" pubsub_uuid=LW4M9qT7XfXwtt7k6FBz4L message_uuid=507cc4b6-6e00-42b6-b96a-9b1c89bed421 topic=message.EventAssetOCRCompleted
time=2026-08-21T20:33:24.263+02:00 level=INFO msg="starting text extraction for asset" id=da3geaeqbbt3vq4lqca0 filename=da3geaeqbbt3vq4lqca0-synoptisches-konzept-pdf
time=2026-08-21T20:33:24.616+02:00 level=INFO msg="text extraction completed successfully" id=da3geaeqbbt3vq4lqca0 text_length=10856 engine=pdf-textlayer
time=2026-08-21T20:33:24.625+02:00 level=INFO msg="No subscribers to send message" pubsub_uuid=LW4M9qT7XfXwtt7k6FBz4L message_uuid=40b7125e-1db4-43a7-9279-55a44a4bbedb topic=message.EventAssetOCRCompleted
time=2026-08-21T20:33:24.644+02:00 level=INFO msg="starting text extraction for asset" id=da3geamqbbt3vq4lqo90 filename=da3geamqbbt3vq4lqo90-zahnfarbene-werkstoffe-i-pdf
time=2026-08-21T20:33:24.682+02:00 level=INFO msg="text extraction completed successfully" id=da3geamqbbt3vq4lqo90 text_length=15050 engine=pdf-textlayer
time=2026-08-21T20:33:24.690+02:00 level=INFO msg="No subscribers to send message" pubsub_uuid=LW4M9qT7XfXwtt7k6FBz4L message_uuid=a6790d2c-5a7f-4c60-8807-5ba5e5c06897 topic=message.EventAssetOCRCompleted
time=2026-08-21T20:33:24.697+02:00 level=INFO msg="starting text extraction for asset" id=da3geamqbbt3vq4lr490 filename=da3geamqbbt3vq4lr490-zahnfarbene-werkstoffe-ii-befestigung-pdf
time=2026-08-21T20:33:24.720+02:00 level=INFO msg="text extraction completed successfully" id=da3geamqbbt3vq4lr490 text_length=12479 engine=pdf-textlayer
time=2026-08-21T20:33:24.727+02:00 level=INFO msg="No subscribers to send message" pubsub_uuid=LW4M9qT7XfXwtt7k6FBz4L message_uuid=338d226a-5b4b-4430-84d1-635c6a209630 topic=message.EventAssetOCRCompleted
time=2026-08-21T20:33:24.728+02:00 level=WARN msg="skipping OCR processing because file exceeds size limit" id=da3geamqbbt3vq4lrga0 size=63493059
time=2026-08-21T20:33:24.737+02:00 level=INFO msg="starting text extraction for asset" id=da3geamqbbt3vq4lrsc0 filename=da3geamqbbt3vq4lrsc0-bruxismus-pdf
time=2026-08-21T20:33:24.746+02:00 level=INFO msg="text extraction completed successfully" id=da3geamqbbt3vq4lrsc0 text_length=7277 engine=pdf-textlayer
time=2026-08-21T20:33:24.751+02:00 level=INFO msg="No subscribers to send message" pubsub_uuid=LW4M9qT7XfXwtt7k6FBz4L message_uuid=6baa3295-ced1-4a58-8db8-bb4337b2b9a2 topic=message.EventAssetOCRCompleted
time=2026-08-21T20:33:24.754+02:00 level=INFO msg="starting text extraction for asset" id=da3geamqbbt3vq4ls8f0 filename=da3geamqbbt3vq4ls8f0-doppelkronen-pdf
time=2026-08-21T20:33:24.760+02:00 level=INFO msg="text extraction completed successfully" id=da3geamqbbt3vq4ls8f0 text_length=2102 engine=pdf-textlayer
time=2026-08-21T20:33:24.763+02:00 level=INFO msg="No subscribers to send message" pubsub_uuid=LW4M9qT7XfXwtt7k6FBz4L message_uuid=f69af642-0eb2-4acd-b65f-87180137a83e topic=message.EventAssetOCRCompleted
time=2026-08-21T20:33:24.771+02:00 level=INFO msg="starting text extraction for asset" id=da3geamqbbt3vq4lskj0 filename=da3geamqbbt3vq4lskj0-ektodermale-dysplasie-pdf
time=2026-08-21T20:33:24.784+02:00 level=INFO msg="text extraction completed successfully" id=da3geamqbbt3vq4lskj0 text_length=13361 engine=pdf-textlayer
time=2026-08-21T20:33:24.788+02:00 level=INFO msg="No subscribers to send message" pubsub_uuid=LW4M9qT7XfXwtt7k6FBz4L message_uuid=60d70596-a2a2-460f-87f9-05f0037daafb topic=message.EventAssetOCRCompleted
time=2026-08-21T20:33:24.813+02:00 level=INFO msg="starting text extraction for asset" id=da3geamqbbt3vq4lt0o0 filename=da3geamqbbt3vq4lt0o0-faserverstärkte-kunststoffe-pdf
time=2026-08-21T20:33:24.834+02:00 level=INFO msg="text extraction completed successfully" id=da3geamqbbt3vq4lt0o0 text_length=10433 engine=pdf-textlayer
time=2026-08-21T20:33:24.840+02:00 level=INFO msg="No subscribers to send message" pubsub_uuid=LW4M9qT7XfXwtt7k6FBz4L message_uuid=912b8f8f-b3e0-40c2-bb25-0fa79f95b924 topic=message.EventAssetOCRCompleted
time=2026-08-21T20:33:24.906+02:00 level=INFO msg="starting text extraction for asset" id=da3geamqbbt3vq4ltcu0 filename=da3geamqbbt3vq4ltcu0-fehlerquellen-prothetischer-versorgungen-pdf
time=2026-08-21T20:33:44.911+02:00 level=ERROR msg="text extraction exceeded time budget, abandoning asset to bound memory use" id=da3geamqbbt3vq4ltcu0 filename=da3geamqbbt3vq4ltcu0-fehlerquellen-prothetischer-versorgungen-pdf timeout=20s
extracted text from 176 assets
one asset exceeded its extraction time budget and was skipped; stopping this run to release its memory. Re-run --phase ocr to continue.
time=2026-08-21T20:33:44.921+02:00 level=INFO msg="configured plugin runtime provider" provider=local
time=2026-08-21T20:33:44.921+02:00 level=INFO msg="configured plugin runtime server url" server_url=http://localhost:8000
=== run 14 Fri Aug 21 20:33:45     2026 ===
time=2026-08-21T20:33:47.258+02:00 level=INFO msg="starting text extraction for asset" id=da3ge3eqbbt3vq4jaor0 filename=da3ge3eqbbt3vq4jaor0-7-halszysten_tbc_sinusitis-pdf
time=2026-08-21T20:33:47.328+02:00 level=WARN msg="pdf text layer extraction failed, will try rasterisation fallback" error="encrypted PDF: invalid password"
time=2026-08-21T20:33:47.381+02:00 level=ERROR msg="text extraction failed for asset" id=da3ge3eqbbt3vq4jaor0 error="pdftoppm execution failed: exit status 1"
time=2026-08-21T20:33:47.388+02:00 level=WARN msg="failed to process asset for text extraction" id=da3ge3eqbbt3vq4jaor0 error="pdftoppm execution failed: exit status 1"
time=2026-08-21T20:33:47.392+02:00 level=INFO msg="starting text extraction for asset" id=da3ge3eqbbt3vq4japc0 filename=da3ge3eqbbt3vq4japc0-entzündungspathologie_i-pdf
time=2026-08-21T20:33:47.395+02:00 level=WARN msg="pdf text layer extraction failed, will try rasterisation fallback" error="encrypted PDF: invalid password"
time=2026-08-21T20:33:47.445+02:00 level=ERROR msg="text extraction failed for asset" id=da3ge3eqbbt3vq4japc0 error="pdftoppm execution failed: exit status 1"
time=2026-08-21T20:33:47.451+02:00 level=WARN msg="failed to process asset for text extraction" id=da3ge3eqbbt3vq4japc0 error="pdftoppm execution failed: exit status 1"
time=2026-08-21T20:33:47.456+02:00 level=INFO msg="starting text extraction for asset" id=da3ge3eqbbt3vq4japm0 filename=da3ge3eqbbt3vq4japm0-haut-pdf
time=2026-08-21T20:33:47.462+02:00 level=WARN msg="pdf text layer extraction failed, will try rasterisation fallback" error="encrypted PDF: invalid password"
time=2026-08-21T20:33:47.511+02:00 level=ERROR msg="text extraction failed for asset" id=da3ge3eqbbt3vq4japm0 error="pdftoppm execution failed: exit status 1"
time=2026-08-21T20:33:47.518+02:00 level=WARN msg="failed to process asset for text extraction" id=da3ge3eqbbt3vq4japm0 error="pdftoppm execution failed: exit status 1"
time=2026-08-21T20:33:47.526+02:00 level=INFO msg="starting text extraction for asset" id=da3ge3eqbbt3vq4jaq10 filename=da3ge3eqbbt3vq4jaq10-herz_kreislauf_i_und_ii-pdf
time=2026-08-21T20:33:47.533+02:00 level=WARN msg="pdf text layer extraction failed, will try rasterisation fallback" error="encrypted PDF: invalid password"
time=2026-08-21T20:33:47.585+02:00 level=ERROR msg="text extraction failed for asset" id=da3ge3eqbbt3vq4jaq10 error="pdftoppm execution failed: exit status 1"
time=2026-08-21T20:33:47.591+02:00 level=WARN msg="failed to process asset for text extraction" id=da3ge3eqbbt3vq4jaq10 error="pdftoppm execution failed: exit status 1"
time=2026-08-21T20:33:47.597+02:00 level=INFO msg="starting text extraction for asset" id=da3ge3eqbbt3vq4jaqd0 filename=da3ge3eqbbt3vq4jaqd0-immunpathologie-pdf
time=2026-08-21T20:33:47.602+02:00 level=WARN msg="pdf text layer extraction failed, will try rasterisation fallback" error="encrypted PDF: invalid password"
time=2026-08-21T20:33:47.661+02:00 level=ERROR msg="text extraction failed for asset" id=da3ge3eqbbt3vq4jaqd0 error="pdftoppm execution failed: exit status 1"
time=2026-08-21T20:33:47.667+02:00 level=WARN msg="failed to process asset for text extraction" id=da3ge3eqbbt3vq4jaqd0 error="pdftoppm execution failed: exit status 1"
time=2026-08-21T20:33:47.669+02:00 level=INFO msg="starting text extraction for asset" id=da3ge3eqbbt3vq4jaqq0 filename=da3ge3eqbbt3vq4jaqq0-oralpathologie-i-pdf-passwort-patho1213-pdf
time=2026-08-21T20:33:47.674+02:00 level=WARN msg="pdf text layer extraction failed, will try rasterisation fallback" error="encrypted PDF: invalid password"
time=2026-08-21T20:33:47.731+02:00 level=ERROR msg="text extraction failed for asset" id=da3ge3eqbbt3vq4jaqq0 error="pdftoppm execution failed: exit status 1"
time=2026-08-21T20:33:47.738+02:00 level=WARN msg="failed to process asset for text extraction" id=da3ge3eqbbt3vq4jaqq0 error="pdftoppm execution failed: exit status 1"
time=2026-08-21T20:33:47.742+02:00 level=INFO msg="starting text extraction for asset" id=da3ge3eqbbt3vq4jar80 filename=da3ge3eqbbt3vq4jar80-oralpathologie-ii-pdf
time=2026-08-21T20:33:47.749+02:00 level=WARN msg="pdf text layer extraction failed, will try rasterisation fallback" error="encrypted PDF: invalid password"
time=2026-08-21T20:33:47.813+02:00 level=ERROR msg="text extraction failed for asset" id=da3ge3eqbbt3vq4jar80 error="pdftoppm execution failed: exit status 1"
time=2026-08-21T20:33:47.818+02:00 level=WARN msg="failed to process asset for text extraction" id=da3ge3eqbbt3vq4jar80 error="pdftoppm execution failed: exit status 1"
time=2026-08-21T20:33:47.823+02:00 level=INFO msg="starting text extraction for asset" id=da3ge3eqbbt3vq4jarn0 filename=da3ge3eqbbt3vq4jarn0-oralpathologie-iii-pdf
time=2026-08-21T20:33:47.829+02:00 level=WARN msg="pdf text layer extraction failed, will try rasterisation fallback" error="encrypted PDF: invalid password"
time=2026-08-21T20:33:47.878+02:00 level=ERROR msg="text extraction failed for asset" id=da3ge3eqbbt3vq4jarn0 error="pdftoppm execution failed: exit status 1"
time=2026-08-21T20:33:47.885+02:00 level=WARN msg="failed to process asset for text extraction" id=da3ge3eqbbt3vq4jarn0 error="pdftoppm execution failed: exit status 1"
time=2026-08-21T20:33:47.890+02:00 level=INFO msg="starting text extraction for asset" id=da3ge3mqbbt3vq4jb0j0 filename=da3ge3mqbbt3vq4jb0j0-pathologie_der_speicheldrüsen-pdf
time=2026-08-21T20:33:47.894+02:00 level=WARN msg="pdf text layer extraction failed, will try rasterisation fallback" error="encrypted PDF: invalid password"
time=2026-08-21T20:33:47.944+02:00 level=ERROR msg="text extraction failed for asset" id=da3ge3mqbbt3vq4jb0j0 error="pdftoppm execution failed: exit status 1"
time=2026-08-21T20:33:47.949+02:00 level=WARN msg="failed to process asset for text extraction" id=da3ge3mqbbt3vq4jb0j0 error="pdftoppm execution failed: exit status 1"
time=2026-08-21T20:33:47.950+02:00 level=INFO msg="starting text extraction for asset" id=da3ge3mqbbt3vq4jb1b0 filename=da3ge3mqbbt3vq4jb1b0-pathologie_der_verdauung-pdf
time=2026-08-21T20:33:47.955+02:00 level=WARN msg="pdf text layer extraction failed, will try rasterisation fallback" error="encrypted PDF: invalid password"
time=2026-08-21T20:33:48.105+02:00 level=ERROR msg="text extraction failed for asset" id=da3ge3mqbbt3vq4jb1b0 error="pdftoppm execution failed: exit status 1"
time=2026-08-21T20:33:48.111+02:00 level=WARN msg="failed to process asset for text extraction" id=da3ge3mqbbt3vq4jb1b0 error="pdftoppm execution failed: exit status 1"
time=2026-08-21T20:33:48.113+02:00 level=INFO msg="starting text extraction for asset" id=da3ge3mqbbt3vq4jb240 filename=da3ge3mqbbt3vq4jb240-schilddrüsenpathologie-pdf
time=2026-08-21T20:33:48.117+02:00 level=WARN msg="pdf text layer extraction failed, will try rasterisation fallback" error="encrypted PDF: invalid password"
time=2026-08-21T20:33:48.165+02:00 level=ERROR msg="text extraction failed for asset" id=da3ge3mqbbt3vq4jb240 error="pdftoppm execution failed: exit status 1"
time=2026-08-21T20:33:48.171+02:00 level=WARN msg="failed to process asset for text extraction" id=da3ge3mqbbt3vq4jb240 error="pdftoppm execution failed: exit status 1"
time=2026-08-21T20:33:48.174+02:00 level=INFO msg="starting text extraction for asset" id=da3ge3mqbbt3vq4jb2u0 filename=da3ge3mqbbt3vq4jb2u0-tonsillen-pdf
time=2026-08-21T20:33:48.178+02:00 level=WARN msg="pdf text layer extraction failed, will try rasterisation fallback" error="encrypted PDF: invalid password"
time=2026-08-21T20:33:48.229+02:00 level=ERROR msg="text extraction failed for asset" id=da3ge3mqbbt3vq4jb2u0 error="pdftoppm execution failed: exit status 1"
time=2026-08-21T20:33:48.235+02:00 level=WARN msg="failed to process asset for text extraction" id=da3ge3mqbbt3vq4jb2u0 error="pdftoppm execution failed: exit status 1"
time=2026-08-21T20:33:48.274+02:00 level=INFO msg="starting text extraction for asset" id=da3ge3mqbbt3vq4jb3p0 filename=da3ge3mqbbt3vq4jb3p0-tumorpathologie-pdf
time=2026-08-21T20:33:48.283+02:00 level=WARN msg="pdf text layer extraction failed, will try rasterisation fallback" error="encrypted PDF: invalid password"
time=2026-08-21T20:33:48.374+02:00 level=ERROR msg="text extraction failed for asset" id=da3ge3mqbbt3vq4jb3p0 error="pdftoppm execution failed: exit status 1"
time=2026-08-21T20:33:48.379+02:00 level=WARN msg="failed to process asset for text extraction" id=da3ge3mqbbt3vq4jb3p0 error="pdftoppm execution failed: exit status 1"
time=2026-08-21T20:33:48.381+02:00 level=INFO msg="starting text extraction for asset" id=da3ge3mqbbt3vq4jb4l0 filename=da3ge3mqbbt3vq4jb4l0-tumorursachen_klassifikation-pdf
time=2026-08-21T20:33:48.386+02:00 level=WARN msg="pdf text layer extraction failed, will try rasterisation fallback" error="encrypted PDF: invalid password"
time=2026-08-21T20:33:48.528+02:00 level=ERROR msg="text extraction failed for asset" id=da3ge3mqbbt3vq4jb4l0 error="pdftoppm execution failed: exit status 1"
time=2026-08-21T20:33:48.534+02:00 level=WARN msg="failed to process asset for text extraction" id=da3ge3mqbbt3vq4jb4l0 error="pdftoppm execution failed: exit status 1"
time=2026-08-21T20:33:48.536+02:00 level=WARN msg="skipping OCR processing because file exceeds size limit" id=da3geamqbbt3vq4ltp50 size=65234057
time=2026-08-21T20:33:48.539+02:00 level=WARN msg="skipping OCR processing because file exceeds size limit" id=da3geamqbbt3vq4lu5d0 size=112781554
time=2026-08-21T20:33:48.556+02:00 level=INFO msg="starting text extraction for asset" id=da3geauqbbt3vq4luhm0 filename=da3geauqbbt3vq4luhm0-implantatzemente-pdf
time=2026-08-21T20:33:48.567+02:00 level=INFO msg="text extraction completed successfully" id=da3geauqbbt3vq4luhm0 text_length=7161 engine=pdf-textlayer
time=2026-08-21T20:33:48.573+02:00 level=INFO msg="No subscribers to send message" pubsub_uuid=T73DBwM6kJYZ6zKN238D7K message_uuid=e15a62cb-b54a-400e-a1dd-405e3e0ca3cf topic=message.EventAssetOCRCompleted
time=2026-08-21T20:33:48.583+02:00 level=INFO msg="starting text extraction for asset" id=da3geauqbbt3vq4luu00 filename=da3geauqbbt3vq4luu00-keramikhandbuch4-pdf
time=2026-08-21T20:33:48.884+02:00 level=INFO msg="text extraction completed successfully" id=da3geauqbbt3vq4luu00 text_length=200000 engine=pdf-textlayer
time=2026-08-21T20:33:48.902+02:00 level=INFO msg="No subscribers to send message" pubsub_uuid=T73DBwM6kJYZ6zKN238D7K message_uuid=f2699299-019a-42c2-b396-d086c35310ee topic=message.EventAssetOCRCompleted
time=2026-08-21T20:33:48.994+02:00 level=INFO msg="starting text extraction for asset" id=da3geauqbbt3vq4lvab0 filename=da3geauqbbt3vq4lvab0-minimalinvasiver-zahnersatz-pdf
time=2026-08-21T20:33:49.012+02:00 level=INFO msg="text extraction completed successfully" id=da3geauqbbt3vq4lvab0 text_length=11612 engine=pdf-textlayer
time=2026-08-21T20:33:49.018+02:00 level=INFO msg="No subscribers to send message" pubsub_uuid=T73DBwM6kJYZ6zKN238D7K message_uuid=a9902fbd-b511-4201-8fd6-726ed78f285a topic=message.EventAssetOCRCompleted
time=2026-08-21T20:33:49.027+02:00 level=INFO msg="starting text extraction for asset" id=da3geauqbbt3vq4m0340 filename=da3geauqbbt3vq4m0340-multiple-nichtanlagen-pdf
time=2026-08-21T20:33:54.002+02:00 level=INFO msg="text extraction completed successfully" id=da3geauqbbt3vq4m0340 text_length=8988 engine=pdf-textlayer-weak
time=2026-08-21T20:33:54.016+02:00 level=INFO msg="No subscribers to send message" pubsub_uuid=T73DBwM6kJYZ6zKN238D7K message_uuid=b93e4e0d-fa97-4273-947c-75a024b0f14c topic=message.EventAssetOCRCompleted
time=2026-08-21T20:33:54.018+02:00 level=INFO msg="starting text extraction for asset" id=da3geauqbbt3vq4m0fi0 filename=da3geauqbbt3vq4m0fi0-notfälle-in-der-zahnmedizinischen-praxis-pdf
time=2026-08-21T20:33:54.023+02:00 level=INFO msg="text extraction completed successfully" id=da3geauqbbt3vq4m0fi0 text_length=2204 engine=pdf-textlayer
time=2026-08-21T20:33:54.027+02:00 level=INFO msg="No subscribers to send message" pubsub_uuid=T73DBwM6kJYZ6zKN238D7K message_uuid=f4c7ae58-5826-4bc9-b748-fb7f9e2f6de4 topic=message.EventAssetOCRCompleted
time=2026-08-21T20:33:54.033+02:00 level=INFO msg="starting text extraction for asset" id=da3geauqbbt3vq4m0s10 filename=da3geauqbbt3vq4m0s10-odotogene-tumore-pdf
time=2026-08-21T20:33:54.046+02:00 level=INFO msg="text extraction completed successfully" id=da3geauqbbt3vq4m0s10 text_length=9047 engine=pdf-textlayer
time=2026-08-21T20:33:54.050+02:00 level=INFO msg="No subscribers to send message" pubsub_uuid=T73DBwM6kJYZ6zKN238D7K message_uuid=98d8f496-274f-43dc-abd7-49e9b21df6d5 topic=message.EventAssetOCRCompleted
time=2026-08-21T20:33:54.058+02:00 level=INFO msg="starting text extraction for asset" id=da3geauqbbt3vq4m18h0 filename=da3geauqbbt3vq4m18h0-planung-implantatgetragener-zahnersatz-pdf
time=2026-08-21T20:33:54.071+02:00 level=INFO msg="text extraction completed successfully" id=da3geauqbbt3vq4m18h0 text_length=5025 engine=pdf-textlayer
time=2026-08-21T20:33:54.075+02:00 level=INFO msg="No subscribers to send message" pubsub_uuid=T73DBwM6kJYZ6zKN238D7K message_uuid=40f3a266-6374-49e9-bd2d-634ec0de567b topic=message.EventAssetOCRCompleted
time=2026-08-21T20:33:54.115+02:00 level=INFO msg="starting text extraction for asset" id=da3geauqbbt3vq4m1l20 filename=da3geauqbbt3vq4m1l20-prophylaktische-bissnahme-konstruktionsprinzipien-pdf
time=2026-08-21T20:34:14.120+02:00 level=ERROR msg="text extraction exceeded time budget, abandoning asset to bound memory use" id=da3geauqbbt3vq4m1l20 filename=da3geauqbbt3vq4m1l20-prophylaktische-bissnahme-konstruktionsprinzipien-pdf timeout=20s
extracted text from 10 assets
one asset exceeded its extraction time budget and was skipped; stopping this run to release its memory. Re-run --phase ocr to continue.
time=2026-08-21T20:34:14.135+02:00 level=INFO msg="configured plugin runtime provider" provider=local
time=2026-08-21T20:34:14.135+02:00 level=INFO msg="configured plugin runtime server url" server_url=http://localhost:8000
=== run 15 Fri Aug 21 20:34:14     2026 ===
time=2026-08-21T20:34:16.365+02:00 level=INFO msg="starting text extraction for asset" id=da3ge3eqbbt3vq4jaor0 filename=da3ge3eqbbt3vq4jaor0-7-halszysten_tbc_sinusitis-pdf
time=2026-08-21T20:34:16.425+02:00 level=WARN msg="pdf text layer extraction failed, will try rasterisation fallback" error="encrypted PDF: invalid password"
time=2026-08-21T20:34:16.479+02:00 level=ERROR msg="text extraction failed for asset" id=da3ge3eqbbt3vq4jaor0 error="pdftoppm execution failed: exit status 1"
time=2026-08-21T20:34:16.485+02:00 level=WARN msg="failed to process asset for text extraction" id=da3ge3eqbbt3vq4jaor0 error="pdftoppm execution failed: exit status 1"
time=2026-08-21T20:34:16.488+02:00 level=INFO msg="starting text extraction for asset" id=da3ge3eqbbt3vq4japc0 filename=da3ge3eqbbt3vq4japc0-entzündungspathologie_i-pdf
time=2026-08-21T20:34:16.492+02:00 level=WARN msg="pdf text layer extraction failed, will try rasterisation fallback" error="encrypted PDF: invalid password"
time=2026-08-21T20:34:16.643+02:00 level=ERROR msg="text extraction failed for asset" id=da3ge3eqbbt3vq4japc0 error="pdftoppm execution failed: exit status 1"
time=2026-08-21T20:34:16.650+02:00 level=WARN msg="failed to process asset for text extraction" id=da3ge3eqbbt3vq4japc0 error="pdftoppm execution failed: exit status 1"
time=2026-08-21T20:34:16.656+02:00 level=INFO msg="starting text extraction for asset" id=da3ge3eqbbt3vq4japm0 filename=da3ge3eqbbt3vq4japm0-haut-pdf
time=2026-08-21T20:34:16.661+02:00 level=WARN msg="pdf text layer extraction failed, will try rasterisation fallback" error="encrypted PDF: invalid password"
time=2026-08-21T20:34:16.710+02:00 level=ERROR msg="text extraction failed for asset" id=da3ge3eqbbt3vq4japm0 error="pdftoppm execution failed: exit status 1"
time=2026-08-21T20:34:16.716+02:00 level=WARN msg="failed to process asset for text extraction" id=da3ge3eqbbt3vq4japm0 error="pdftoppm execution failed: exit status 1"
time=2026-08-21T20:34:16.724+02:00 level=INFO msg="starting text extraction for asset" id=da3ge3eqbbt3vq4jaq10 filename=da3ge3eqbbt3vq4jaq10-herz_kreislauf_i_und_ii-pdf
time=2026-08-21T20:34:16.728+02:00 level=WARN msg="pdf text layer extraction failed, will try rasterisation fallback" error="encrypted PDF: invalid password"
time=2026-08-21T20:34:16.776+02:00 level=ERROR msg="text extraction failed for asset" id=da3ge3eqbbt3vq4jaq10 error="pdftoppm execution failed: exit status 1"
time=2026-08-21T20:34:16.781+02:00 level=WARN msg="failed to process asset for text extraction" id=da3ge3eqbbt3vq4jaq10 error="pdftoppm execution failed: exit status 1"
time=2026-08-21T20:34:16.787+02:00 level=INFO msg="starting text extraction for asset" id=da3ge3eqbbt3vq4jaqd0 filename=da3ge3eqbbt3vq4jaqd0-immunpathologie-pdf
time=2026-08-21T20:34:16.793+02:00 level=WARN msg="pdf text layer extraction failed, will try rasterisation fallback" error="encrypted PDF: invalid password"
time=2026-08-21T20:34:16.840+02:00 level=ERROR msg="text extraction failed for asset" id=da3ge3eqbbt3vq4jaqd0 error="pdftoppm execution failed: exit status 1"
time=2026-08-21T20:34:16.845+02:00 level=WARN msg="failed to process asset for text extraction" id=da3ge3eqbbt3vq4jaqd0 error="pdftoppm execution failed: exit status 1"
time=2026-08-21T20:34:16.847+02:00 level=INFO msg="starting text extraction for asset" id=da3ge3eqbbt3vq4jaqq0 filename=da3ge3eqbbt3vq4jaqq0-oralpathologie-i-pdf-passwort-patho1213-pdf
time=2026-08-21T20:34:16.851+02:00 level=WARN msg="pdf text layer extraction failed, will try rasterisation fallback" error="encrypted PDF: invalid password"
time=2026-08-21T20:34:16.896+02:00 level=ERROR msg="text extraction failed for asset" id=da3ge3eqbbt3vq4jaqq0 error="pdftoppm execution failed: exit status 1"
time=2026-08-21T20:34:16.901+02:00 level=WARN msg="failed to process asset for text extraction" id=da3ge3eqbbt3vq4jaqq0 error="pdftoppm execution failed: exit status 1"
time=2026-08-21T20:34:16.905+02:00 level=INFO msg="starting text extraction for asset" id=da3ge3eqbbt3vq4jar80 filename=da3ge3eqbbt3vq4jar80-oralpathologie-ii-pdf
time=2026-08-21T20:34:16.909+02:00 level=WARN msg="pdf text layer extraction failed, will try rasterisation fallback" error="encrypted PDF: invalid password"
time=2026-08-21T20:34:16.956+02:00 level=ERROR msg="text extraction failed for asset" id=da3ge3eqbbt3vq4jar80 error="pdftoppm execution failed: exit status 1"
time=2026-08-21T20:34:16.962+02:00 level=WARN msg="failed to process asset for text extraction" id=da3ge3eqbbt3vq4jar80 error="pdftoppm execution failed: exit status 1"
time=2026-08-21T20:34:16.966+02:00 level=INFO msg="starting text extraction for asset" id=da3ge3eqbbt3vq4jarn0 filename=da3ge3eqbbt3vq4jarn0-oralpathologie-iii-pdf
time=2026-08-21T20:34:16.970+02:00 level=WARN msg="pdf text layer extraction failed, will try rasterisation fallback" error="encrypted PDF: invalid password"
time=2026-08-21T20:34:17.021+02:00 level=ERROR msg="text extraction failed for asset" id=da3ge3eqbbt3vq4jarn0 error="pdftoppm execution failed: exit status 1"
time=2026-08-21T20:34:17.026+02:00 level=WARN msg="failed to process asset for text extraction" id=da3ge3eqbbt3vq4jarn0 error="pdftoppm execution failed: exit status 1"
time=2026-08-21T20:34:17.030+02:00 level=INFO msg="starting text extraction for asset" id=da3ge3mqbbt3vq4jb0j0 filename=da3ge3mqbbt3vq4jb0j0-pathologie_der_speicheldrüsen-pdf
time=2026-08-21T20:34:17.034+02:00 level=WARN msg="pdf text layer extraction failed, will try rasterisation fallback" error="encrypted PDF: invalid password"
time=2026-08-21T20:34:17.082+02:00 level=ERROR msg="text extraction failed for asset" id=da3ge3mqbbt3vq4jb0j0 error="pdftoppm execution failed: exit status 1"
time=2026-08-21T20:34:17.088+02:00 level=WARN msg="failed to process asset for text extraction" id=da3ge3mqbbt3vq4jb0j0 error="pdftoppm execution failed: exit status 1"
time=2026-08-21T20:34:17.089+02:00 level=INFO msg="starting text extraction for asset" id=da3ge3mqbbt3vq4jb1b0 filename=da3ge3mqbbt3vq4jb1b0-pathologie_der_verdauung-pdf
time=2026-08-21T20:34:17.093+02:00 level=WARN msg="pdf text layer extraction failed, will try rasterisation fallback" error="encrypted PDF: invalid password"
time=2026-08-21T20:34:17.139+02:00 level=ERROR msg="text extraction failed for asset" id=da3ge3mqbbt3vq4jb1b0 error="pdftoppm execution failed: exit status 1"
time=2026-08-21T20:34:17.144+02:00 level=WARN msg="failed to process asset for text extraction" id=da3ge3mqbbt3vq4jb1b0 error="pdftoppm execution failed: exit status 1"
time=2026-08-21T20:34:17.147+02:00 level=INFO msg="starting text extraction for asset" id=da3ge3mqbbt3vq4jb240 filename=da3ge3mqbbt3vq4jb240-schilddrüsenpathologie-pdf
time=2026-08-21T20:34:17.150+02:00 level=WARN msg="pdf text layer extraction failed, will try rasterisation fallback" error="encrypted PDF: invalid password"
time=2026-08-21T20:34:17.196+02:00 level=ERROR msg="text extraction failed for asset" id=da3ge3mqbbt3vq4jb240 error="pdftoppm execution failed: exit status 1"
time=2026-08-21T20:34:17.202+02:00 level=WARN msg="failed to process asset for text extraction" id=da3ge3mqbbt3vq4jb240 error="pdftoppm execution failed: exit status 1"
time=2026-08-21T20:34:17.205+02:00 level=INFO msg="starting text extraction for asset" id=da3ge3mqbbt3vq4jb2u0 filename=da3ge3mqbbt3vq4jb2u0-tonsillen-pdf
time=2026-08-21T20:34:17.209+02:00 level=WARN msg="pdf text layer extraction failed, will try rasterisation fallback" error="encrypted PDF: invalid password"
time=2026-08-21T20:34:17.255+02:00 level=ERROR msg="text extraction failed for asset" id=da3ge3mqbbt3vq4jb2u0 error="pdftoppm execution failed: exit status 1"
time=2026-08-21T20:34:17.261+02:00 level=WARN msg="failed to process asset for text extraction" id=da3ge3mqbbt3vq4jb2u0 error="pdftoppm execution failed: exit status 1"
time=2026-08-21T20:34:17.296+02:00 level=INFO msg="starting text extraction for asset" id=da3ge3mqbbt3vq4jb3p0 filename=da3ge3mqbbt3vq4jb3p0-tumorpathologie-pdf
time=2026-08-21T20:34:17.306+02:00 level=WARN msg="pdf text layer extraction failed, will try rasterisation fallback" error="encrypted PDF: invalid password"
time=2026-08-21T20:34:17.385+02:00 level=ERROR msg="text extraction failed for asset" id=da3ge3mqbbt3vq4jb3p0 error="pdftoppm execution failed: exit status 1"
time=2026-08-21T20:34:17.391+02:00 level=WARN msg="failed to process asset for text extraction" id=da3ge3mqbbt3vq4jb3p0 error="pdftoppm execution failed: exit status 1"
time=2026-08-21T20:34:17.393+02:00 level=INFO msg="starting text extraction for asset" id=da3ge3mqbbt3vq4jb4l0 filename=da3ge3mqbbt3vq4jb4l0-tumorursachen_klassifikation-pdf
time=2026-08-21T20:34:17.396+02:00 level=WARN msg="pdf text layer extraction failed, will try rasterisation fallback" error="encrypted PDF: invalid password"
time=2026-08-21T20:34:17.442+02:00 level=ERROR msg="text extraction failed for asset" id=da3ge3mqbbt3vq4jb4l0 error="pdftoppm execution failed: exit status 1"
time=2026-08-21T20:34:17.448+02:00 level=WARN msg="failed to process asset for text extraction" id=da3ge3mqbbt3vq4jb4l0 error="pdftoppm execution failed: exit status 1"
time=2026-08-21T20:34:17.453+02:00 level=INFO msg="starting text extraction for asset" id=da3geauqbbt3vq4m21k0 filename=da3geauqbbt3vq4m21k0-prothetik-anleitung-funktionsstatus-pdf
time=2026-08-21T20:34:17.465+02:00 level=INFO msg="text extraction completed successfully" id=da3geauqbbt3vq4m21k0 text_length=51447 engine=pdf-textlayer
time=2026-08-21T20:34:17.471+02:00 level=INFO msg="No subscribers to send message" pubsub_uuid=qpR6TkaxuNGkfAGwcnmX4e message_uuid=73e7a0e9-8aae-4f4f-83a0-124f22afee69 topic=message.EventAssetOCRCompleted
time=2026-08-21T20:34:17.475+02:00 level=INFO msg="starting text extraction for asset" id=da3geauqbbt3vq4m2e70 filename=da3geauqbbt3vq4m2e70-prothetik-anleitung-totalprothese-pdf
time=2026-08-21T20:34:17.478+02:00 level=WARN msg="pdf text layer extraction failed, will try rasterisation fallback" error="not a PDF file: missing %%EOF"
time=2026-08-21T20:34:20.434+02:00 level=WARN msg="OCR engine unavailable, skipping asset" id=da3geauqbbt3vq4m2e70
time=2026-08-21T20:34:20.454+02:00 level=INFO msg="starting text extraction for asset" id=da3geb6qbbt3vq4m2qr0 filename=da3geb6qbbt3vq4m2qr0-totalprothetik-freiburg-epidemiologie-anatomie-und-befund-pdf
time=2026-08-21T20:34:20.476+02:00 level=INFO msg="text extraction completed successfully" id=da3geb6qbbt3vq4m2qr0 text_length=19840 engine=pdf-textlayer
time=2026-08-21T20:34:20.482+02:00 level=INFO msg="No subscribers to send message" pubsub_uuid=qpR6TkaxuNGkfAGwcnmX4e message_uuid=b473e0c9-add3-4f88-8621-39942c91df03 topic=message.EventAssetOCRCompleted
time=2026-08-21T20:34:20.490+02:00 level=INFO msg="starting text extraction for asset" id=da3geb6qbbt3vq4m37g0 filename=da3geb6qbbt3vq4m37g0-vorl-keramik-pdf
time=2026-08-21T20:34:20.515+02:00 level=INFO msg="text extraction completed successfully" id=da3geb6qbbt3vq4m37g0 text_length=15705 engine=pdf-textlayer
time=2026-08-21T20:34:20.521+02:00 level=INFO msg="No subscribers to send message" pubsub_uuid=qpR6TkaxuNGkfAGwcnmX4e message_uuid=03ef04fd-6eb7-4795-84bb-705038535602 topic=message.EventAssetOCRCompleted
time=2026-08-21T20:34:20.532+02:00 level=INFO msg="starting text extraction for asset" id=da3geb6qbbt3vq4m3k60 filename=da3geb6qbbt3vq4m3k60-zemente-i-pdf
time=2026-08-21T20:34:21.654+02:00 level=INFO msg="text extraction completed successfully" id=da3geb6qbbt3vq4m3k60 text_length=6023 engine=pdf-textlayer
time=2026-08-21T20:34:21.669+02:00 level=INFO msg="No subscribers to send message" pubsub_uuid=qpR6TkaxuNGkfAGwcnmX4e message_uuid=56e1d196-76bc-45a9-8654-8696a2ea41f1 topic=message.EventAssetOCRCompleted
time=2026-08-21T20:34:21.694+02:00 level=INFO msg="starting text extraction for asset" id=da3geb6qbbt3vq4m40t0 filename=da3geb6qbbt3vq4m40t0-zemente-ii-pdf
time=2026-08-21T20:34:21.753+02:00 level=INFO msg="text extraction completed successfully" id=da3geb6qbbt3vq4m40t0 text_length=24249 engine=pdf-textlayer
time=2026-08-21T20:34:21.761+02:00 level=INFO msg="No subscribers to send message" pubsub_uuid=qpR6TkaxuNGkfAGwcnmX4e message_uuid=3729c114-1ad0-4cf4-8f36-9808f6233c4f topic=message.EventAssetOCRCompleted
time=2026-08-21T20:34:21.768+02:00 level=INFO msg="starting text extraction for asset" id=da3geb6qbbt3vq4m4dl0 filename=da3geb6qbbt3vq4m4dl0-zirkonoxid-pdf
time=2026-08-21T20:34:22.229+02:00 level=INFO msg="text extraction completed successfully" id=da3geb6qbbt3vq4m4dl0 text_length=3554 engine=pdf-textlayer
time=2026-08-21T20:34:22.244+02:00 level=INFO msg="No subscribers to send message" pubsub_uuid=qpR6TkaxuNGkfAGwcnmX4e message_uuid=c12df92f-15af-4e0f-8c3d-4632cff34338 topic=message.EventAssetOCRCompleted
time=2026-08-21T20:34:22.264+02:00 level=INFO msg="starting text extraction for asset" id=da3geb6qbbt3vq4m4qe0 filename=da3geb6qbbt3vq4m4qe0-festsitzenderze-abformen-komplikationen-pdf
time=2026-08-21T20:34:22.282+02:00 level=INFO msg="text extraction completed successfully" id=da3geb6qbbt3vq4m4qe0 text_length=10587 engine=pdf-textlayer
time=2026-08-21T20:34:22.288+02:00 level=INFO msg="No subscribers to send message" pubsub_uuid=qpR6TkaxuNGkfAGwcnmX4e message_uuid=93ce53e7-80fe-4315-8cc2-793f89188380 topic=message.EventAssetOCRCompleted
time=2026-08-21T20:34:22.289+02:00 level=WARN msg="skipping OCR processing because file exceeds size limit" id=da3geb6qbbt3vq4m5780 size=117315887
time=2026-08-21T20:34:22.336+02:00 level=INFO msg="starting text extraction for asset" id=da3geb6qbbt3vq4m5k30 filename=da3geb6qbbt3vq4m5k30-wie-befestigen-pdf
time=2026-08-21T20:34:22.426+02:00 level=INFO msg="text extraction completed successfully" id=da3geb6qbbt3vq4m5k30 text_length=5978 engine=pdf-textlayer
time=2026-08-21T20:34:22.437+02:00 level=INFO msg="No subscribers to send message" pubsub_uuid=qpR6TkaxuNGkfAGwcnmX4e message_uuid=aaf155cf-6e27-4daa-969d-02c6bcab0b43 topic=message.EventAssetOCRCompleted
time=2026-08-21T20:34:22.467+02:00 level=INFO msg="starting text extraction for asset" id=da3geb6qbbt3vq4m61e0 filename=da3geb6qbbt3vq4m61e0-marlmulla-radiologie-skript-farbe-2011-pdf
time=2026-08-21T20:34:22.487+02:00 level=INFO msg="text extraction completed successfully" id=da3geb6qbbt3vq4m61e0 text_length=35527 engine=pdf-textlayer
time=2026-08-21T20:34:22.493+02:00 level=INFO msg="No subscribers to send message" pubsub_uuid=qpR6TkaxuNGkfAGwcnmX4e message_uuid=bb240e72-00fc-47ba-a649-a5c1ad62c27b topic=message.EventAssetOCRCompleted
time=2026-08-21T20:34:22.518+02:00 level=INFO msg="starting text extraction for asset" id=da3geb6qbbt3vq4m61n0 filename=da3geb6qbbt3vq4m61n0-marmulla-radiologie-skript-sw-2011-pdf
time=2026-08-21T20:34:22.537+02:00 level=INFO msg="text extraction completed successfully" id=da3geb6qbbt3vq4m61n0 text_length=35528 engine=pdf-textlayer
time=2026-08-21T20:34:22.544+02:00 level=INFO msg="No subscribers to send message" pubsub_uuid=qpR6TkaxuNGkfAGwcnmX4e message_uuid=6cc6ff7e-75fb-4de3-97d7-b0460ce8b1c3 topic=message.EventAssetOCRCompleted
time=2026-08-21T20:34:22.555+02:00 level=INFO msg="starting text extraction for asset" id=da3gebeqbbt3vq4m6210 filename=da3gebeqbbt3vq4m6210-poster-orthophos-20121017-pdf
time=2026-08-21T20:34:22.561+02:00 level=INFO msg="text extraction completed successfully" id=da3gebeqbbt3vq4m6210 text_length=1567 engine=pdf-textlayer
time=2026-08-21T20:34:22.564+02:00 level=INFO msg="No subscribers to send message" pubsub_uuid=qpR6TkaxuNGkfAGwcnmX4e message_uuid=c29fa5bc-f2bd-4a32-b3e5-60938cf9726c topic=message.EventAssetOCRCompleted
time=2026-08-21T20:34:22.565+02:00 level=INFO msg="starting text extraction for asset" id=da3gebeqbbt3vq4m62c0 filename=da3gebeqbbt3vq4m62c0-radiologie-merkblatt-winkelhalbierende-technik-pdf
time=2026-08-21T20:34:22.720+02:00 level=WARN msg="OCR engine unavailable, skipping asset" id=da3gebeqbbt3vq4m62c0
time=2026-08-21T20:34:22.742+02:00 level=INFO msg="starting text extraction for asset" id=da3gebeqbbt3vq4m6420 filename=da3gebeqbbt3vq4m6420-_ohne-titel-1-pdf
time=2026-08-21T20:34:22.746+02:00 level=INFO msg="text extraction completed successfully" id=da3gebeqbbt3vq4m6420 text_length=205 engine=pdf-textlayer
time=2026-08-21T20:34:22.750+02:00 level=INFO msg="No subscribers to send message" pubsub_uuid=qpR6TkaxuNGkfAGwcnmX4e message_uuid=f837fdfe-5ffa-4a89-bd73-f98394eaef0f topic=message.EventAssetOCRCompleted
time=2026-08-21T20:34:22.756+02:00 level=INFO msg="starting text extraction for asset" id=da3gebeqbbt3vq4m64i0 filename=da3gebeqbbt3vq4m64i0-_ohne-titel-2-pdf
time=2026-08-21T20:34:22.760+02:00 level=INFO msg="text extraction completed successfully" id=da3gebeqbbt3vq4m64i0 text_length=274 engine=pdf-textlayer
time=2026-08-21T20:34:22.764+02:00 level=INFO msg="No subscribers to send message" pubsub_uuid=qpR6TkaxuNGkfAGwcnmX4e message_uuid=6cb67d29-efed-4a9d-a4f3-6554f76ecf5a topic=message.EventAssetOCRCompleted
time=2026-08-21T20:34:22.771+02:00 level=INFO msg="starting text extraction for asset" id=da3gebeqbbt3vq4m6530 filename=da3gebeqbbt3vq4m6530-_ohne-titel-3-pdf
time=2026-08-21T20:34:22.774+02:00 level=INFO msg="text extraction completed successfully" id=da3gebeqbbt3vq4m6530 text_length=343 engine=pdf-textlayer
time=2026-08-21T20:34:22.778+02:00 level=INFO msg="No subscribers to send message" pubsub_uuid=qpR6TkaxuNGkfAGwcnmX4e message_uuid=757b49dd-959c-4978-8ee9-eb7e7e13c65c topic=message.EventAssetOCRCompleted
time=2026-08-21T20:34:22.788+02:00 level=INFO msg="starting text extraction for asset" id=da3gebeqbbt3vq4m65l0 filename=da3gebeqbbt3vq4m65l0-_ohne-titel-pdf
time=2026-08-21T20:34:22.795+02:00 level=INFO msg="text extraction completed successfully" id=da3gebeqbbt3vq4m65l0 text_length=826 engine=pdf-textlayer
time=2026-08-21T20:34:22.799+02:00 level=INFO msg="No subscribers to send message" pubsub_uuid=qpR6TkaxuNGkfAGwcnmX4e message_uuid=2eb8ff92-8573-4800-9444-9e4d27f2f4b8 topic=message.EventAssetOCRCompleted
time=2026-08-21T20:34:22.821+02:00 level=INFO msg="starting text extraction for asset" id=da3gebeqbbt3vq4m6680 filename=da3gebeqbbt3vq4m6680-befundbeispiele-2023-pdf
time=2026-08-21T20:34:23.134+02:00 level=INFO msg="text extraction completed successfully" id=da3gebeqbbt3vq4m6680 text_length=8567 engine=pdf-textlayer
time=2026-08-21T20:34:23.141+02:00 level=INFO msg="No subscribers to send message" pubsub_uuid=qpR6TkaxuNGkfAGwcnmX4e message_uuid=4da5f482-8693-4d0d-a3d0-594d059d3744 topic=message.EventAssetOCRCompleted
time=2026-08-21T20:34:23.145+02:00 level=INFO msg="starting text extraction for asset" id=da3gebeqbbt3vq4m66s0 filename=da3gebeqbbt3vq4m66s0-opg-analyse-2-2023-pdf
time=2026-08-21T20:34:23.152+02:00 level=INFO msg="text extraction completed successfully" id=da3gebeqbbt3vq4m66s0 text_length=3920 engine=pdf-textlayer
time=2026-08-21T20:34:23.155+02:00 level=INFO msg="No subscribers to send message" pubsub_uuid=qpR6TkaxuNGkfAGwcnmX4e message_uuid=861ee282-3ced-4a83-abe0-5f641a10a134 topic=message.EventAssetOCRCompleted
time=2026-08-21T20:34:23.164+02:00 level=INFO msg="starting text extraction for asset" id=da3gebeqbbt3vq4m6870 filename=da3gebeqbbt3vq4m6870-zusammenfassung-blockvorlesung-pdf
time=2026-08-21T20:34:23.183+02:00 level=INFO msg="text extraction completed successfully" id=da3gebeqbbt3vq4m6870 text_length=18474 engine=pdf-textlayer
time=2026-08-21T20:34:23.189+02:00 level=INFO msg="No subscribers to send message" pubsub_uuid=qpR6TkaxuNGkfAGwcnmX4e message_uuid=8306dbdc-f7c0-40da-8c4c-f8b6cb785870 topic=message.EventAssetOCRCompleted
time=2026-08-21T20:34:23.199+02:00 level=INFO msg="starting text extraction for asset" id=da3gebeqbbt3vq4m68u0 filename=da3gebeqbbt3vq4m68u0-zusammenfassung-blockvorlesung2020-pdf
time=2026-08-21T20:34:23.261+02:00 level=INFO msg="text extraction completed successfully" id=da3gebeqbbt3vq4m68u0 text_length=4969 engine=pdf-textlayer
time=2026-08-21T20:34:23.268+02:00 level=INFO msg="No subscribers to send message" pubsub_uuid=qpR6TkaxuNGkfAGwcnmX4e message_uuid=c3717400-606a-46d5-8c0b-ee7e36fe5af1 topic=message.EventAssetOCRCompleted
time=2026-08-21T20:34:23.308+02:00 level=INFO msg="starting text extraction for asset" id=da3gebeqbbt3vq4m69m0 filename=da3gebeqbbt3vq4m69m0-zusammenfassung-radio-klausur-pdf
time=2026-08-21T20:34:24.035+02:00 level=INFO msg="text extraction completed successfully" id=da3gebeqbbt3vq4m69m0 text_length=20503 engine=pdf-textlayer
time=2026-08-21T20:34:24.055+02:00 level=INFO msg="No subscribers to send message" pubsub_uuid=qpR6TkaxuNGkfAGwcnmX4e topic=message.EventAssetOCRCompleted message_uuid=f64585b6-f0b7-4f59-b774-0fa38065d60c
time=2026-08-21T20:34:24.151+02:00 level=INFO msg="starting text extraction for asset" id=da3gebeqbbt3vq4m6af0 filename=da3gebeqbbt3vq4m6af0-zusammenfassung-radiologie-erweitert-2023-pdf
time=2026-08-21T20:34:25.103+02:00 level=INFO msg="text extraction completed successfully" id=da3gebeqbbt3vq4m6af0 text_length=2116 engine=pdf-textlayer
time=2026-08-21T20:34:25.116+02:00 level=INFO msg="No subscribers to send message" pubsub_uuid=qpR6TkaxuNGkfAGwcnmX4e message_uuid=fd847480-d58e-4d78-bc9c-ed155c11993c topic=message.EventAssetOCRCompleted
time=2026-08-21T20:34:25.146+02:00 level=INFO msg="starting text extraction for asset" id=da3gebeqbbt3vq4m6c40 filename=da3gebeqbbt3vq4m6c40-uwfehlerorthophos-pdf
time=2026-08-21T20:34:25.152+02:00 level=INFO msg="text extraction completed successfully" id=da3gebeqbbt3vq4m6c40 text_length=131 engine=pdf-textlayer
time=2026-08-21T20:34:25.156+02:00 level=INFO msg="No subscribers to send message" pubsub_uuid=qpR6TkaxuNGkfAGwcnmX4e message_uuid=9bf4fa72-2343-434c-9832-9a0a358ef26b topic=message.EventAssetOCRCompleted
time=2026-08-21T20:34:25.163+02:00 level=WARN msg="skipping OCR processing because file exceeds size limit" id=da3gebmqbbt3vq4m6df0 size=174094600
time=2026-08-21T20:34:25.166+02:00 level=WARN msg="skipping OCR processing because file exceeds size limit" id=da3gebmqbbt3vq4m6dm0 size=144616823
time=2026-08-21T20:34:25.171+02:00 level=WARN msg="skipping OCR processing because file exceeds size limit" id=da3gebmqbbt3vq4m6dt0 size=235755850
time=2026-08-21T20:34:25.176+02:00 level=INFO msg="starting text extraction for asset" id=da3gebuqbbt3vq4m6e40 filename=da3gebuqbbt3vq4m6e40-innere-medizin-ehrenstein-pdf
time=2026-08-21T20:34:25.214+02:00 level=INFO msg="text extraction completed successfully" id=da3gebuqbbt3vq4m6e40 text_length=7717 engine=pdf-textlayer
time=2026-08-21T20:34:25.227+02:00 level=INFO msg="No subscribers to send message" pubsub_uuid=qpR6TkaxuNGkfAGwcnmX4e message_uuid=267b5a80-55c2-44d1-b3ae-8cab3b878c21 topic=message.EventAssetOCRCompleted
time=2026-08-21T20:34:25.227+02:00 level=WARN msg="skipping OCR processing because file exceeds size limit" id=da3gebuqbbt3vq4m6eb0 size=153518874
time=2026-08-21T20:34:25.292+02:00 level=INFO msg="starting text extraction for asset" id=da3gebuqbbt3vq4m6ej0 filename=da3gebuqbbt3vq4m6ej0-innere-pdf
time=2026-08-21T20:34:25.316+02:00 level=INFO msg="text extraction completed successfully" id=da3gebuqbbt3vq4m6ej0 text_length=21549 engine=pdf-textlayer
time=2026-08-21T20:34:25.323+02:00 level=INFO msg="No subscribers to send message" pubsub_uuid=qpR6TkaxuNGkfAGwcnmX4e message_uuid=d1bfa987-6054-4e8f-bf17-a2c4113fedaf topic=message.EventAssetOCRCompleted
time=2026-08-21T20:34:25.324+02:00 level=INFO msg="starting text extraction for asset" id=da3gebuqbbt3vq4m6es0 filename=da3gebuqbbt3vq4m6es0-themenübersicht-stex-innere-medizin-2025-pdf
time=2026-08-21T20:34:25.340+02:00 level=INFO msg="text extraction completed successfully" id=da3gebuqbbt3vq4m6es0 text_length=6015 engine=pdf-textlayer
time=2026-08-21T20:34:25.345+02:00 level=INFO msg="No subscribers to send message" pubsub_uuid=qpR6TkaxuNGkfAGwcnmX4e topic=message.EventAssetOCRCompleted message_uuid=84c6fa4f-4e63-4e1b-9dd2-a90bd7badc68
time=2026-08-21T20:34:25.345+02:00 level=WARN msg="skipping OCR processing because file exceeds size limit" id=da3gebuqbbt3vq4m6f60 size=149619765
time=2026-08-21T20:34:25.350+02:00 level=WARN msg="skipping OCR processing because file exceeds size limit" id=da3gec6qbbt3vq4m6fd0 size=76061598
time=2026-08-21T20:34:25.393+02:00 level=INFO msg="starting text extraction for asset" id=da3gec6qbbt3vq4m6fl0 filename=da3gec6qbbt3vq4m6fl0-zusammenfassung_kfo_therapie-pdf
time=2026-08-21T20:34:25.503+02:00 level=INFO msg="text extraction completed successfully" id=da3gec6qbbt3vq4m6fl0 text_length=135476 engine=pdf-textlayer
time=2026-08-21T20:34:25.519+02:00 level=INFO msg="No subscribers to send message" pubsub_uuid=qpR6TkaxuNGkfAGwcnmX4e message_uuid=a1b68516-3583-485b-927f-8a2f489963ef topic=message.EventAssetOCRCompleted
time=2026-08-21T20:34:25.521+02:00 level=INFO msg="starting text extraction for asset" id=da3gec6qbbt3vq4m6fu0 filename=da3gec6qbbt3vq4m6fu0-cheat-sheet-pdf
time=2026-08-21T20:34:25.529+02:00 level=INFO msg="text extraction completed successfully" id=da3gec6qbbt3vq4m6fu0 text_length=5304 engine=pdf-textlayer
time=2026-08-21T20:34:25.533+02:00 level=INFO msg="No subscribers to send message" pubsub_uuid=qpR6TkaxuNGkfAGwcnmX4e message_uuid=a4226fc5-5859-4561-a1f2-b7eae5d9de00 topic=message.EventAssetOCRCompleted
time=2026-08-21T20:34:25.534+02:00 level=INFO msg="starting text extraction for asset" id=da3gec6qbbt3vq4m6g50 filename=da3gec6qbbt3vq4m6g50-fluoridierung-pdf
time=2026-08-21T20:34:25.834+02:00 level=WARN msg="OCR engine unavailable, skipping asset" id=da3gec6qbbt3vq4m6g50
time=2026-08-21T20:34:25.841+02:00 level=WARN msg="skipping OCR processing because file exceeds size limit" id=da3gec6qbbt3vq4m6gd0 size=72211309
time=2026-08-21T20:34:25.853+02:00 level=INFO msg="starting text extraction for asset" id=da3gec6qbbt3vq4m6gm0 filename=da3gec6qbbt3vq4m6gm0-keramiken-ãbersicht-pdf
time=2026-08-21T20:34:25.861+02:00 level=INFO msg="text extraction completed successfully" id=da3gec6qbbt3vq4m6gm0 text_length=1615 engine=pdf-textlayer
time=2026-08-21T20:34:25.864+02:00 level=INFO msg="No subscribers to send message" pubsub_uuid=qpR6TkaxuNGkfAGwcnmX4e message_uuid=59f1d336-51cb-4171-ba70-732b7b6b2bbf topic=message.EventAssetOCRCompleted
time=2026-08-21T20:34:25.865+02:00 level=WARN msg="skipping OCR processing because file exceeds size limit" id=da3gec6qbbt3vq4m6h00 size=299272769
time=2026-08-21T20:34:25.871+02:00 level=INFO msg="starting text extraction for asset" id=da3geceqbbt3vq4m6hb0 filename=da3geceqbbt3vq4m6hb0-mindesschichtstärken-keramik-png
time=2026-08-21T20:34:25.873+02:00 level=WARN msg="OCR engine unavailable, skipping asset" id=da3geceqbbt3vq4m6hb0
time=2026-08-21T20:34:25.882+02:00 level=INFO msg="starting text extraction for asset" id=da3geceqbbt3vq4m6hu0 filename=da3geceqbbt3vq4m6hu0-epikrisen-isabelle-pdf
time=2026-08-21T20:34:26.007+02:00 level=INFO msg="text extraction completed successfully" id=da3geceqbbt3vq4m6hu0 text_length=45887 engine=pdf-textlayer
time=2026-08-21T20:34:26.016+02:00 level=INFO msg="No subscribers to send message" pubsub_uuid=qpR6TkaxuNGkfAGwcnmX4e message_uuid=05fe4a9a-556f-47cf-9c3d-42fa174c0894 topic=message.EventAssetOCRCompleted
time=2026-08-21T20:34:26.017+02:00 level=WARN msg="skipping OCR processing because file exceeds size limit" id=da3geceqbbt3vq4m6i60 size=144440581
time=2026-08-21T20:34:26.021+02:00 level=WARN msg="skipping OCR processing because file exceeds size limit" id=da3gecmqbbt3vq4m6if0 size=189027810
time=2026-08-21T20:34:26.024+02:00 level=WARN msg="skipping OCR processing because file exceeds size limit" id=da3gecmqbbt3vq4m6ip0 size=346339959
time=2026-08-21T20:34:26.027+02:00 level=WARN msg="skipping OCR processing because file exceeds size limit" id=da3gecuqbbt3vq4m6j40 size=103979506
time=2026-08-21T20:34:26.030+02:00 level=WARN msg="skipping OCR processing because file exceeds size limit" id=da3gecuqbbt3vq4m6jg0 size=114944002
time=2026-08-21T20:34:26.034+02:00 level=WARN msg="skipping OCR processing because file exceeds size limit" id=da3gecuqbbt3vq4m6jt0 size=241574320
time=2026-08-21T20:34:26.037+02:00 level=WARN msg="skipping OCR processing because file exceeds size limit" id=da3ged6qbbt3vq4m6kb0 size=151024339
time=2026-08-21T20:34:26.041+02:00 level=WARN msg="skipping OCR processing because file exceeds size limit" id=da3ged6qbbt3vq4m6kq0 size=77803815
time=2026-08-21T20:34:26.048+02:00 level=INFO msg="starting text extraction for asset" id=da3ged6qbbt3vq4m6l10 filename=da3ged6qbbt3vq4m6l10-cheat-sheet-prk-pdf
time=2026-08-21T20:34:26.073+02:00 level=INFO msg="text extraction completed successfully" id=da3ged6qbbt3vq4m6l10 text_length=22117 engine=pdf-textlayer
time=2026-08-21T20:34:26.079+02:00 level=INFO msg="No subscribers to send message" pubsub_uuid=qpR6TkaxuNGkfAGwcnmX4e message_uuid=ae505558-60a7-43b6-9ca9-bd8b9a43c1e2 topic=message.EventAssetOCRCompleted
time=2026-08-21T20:34:26.079+02:00 level=WARN msg="skipping OCR processing because file exceeds size limit" id=da3ged6qbbt3vq4m6l80 size=225943133
time=2026-08-21T20:34:26.083+02:00 level=WARN msg="skipping OCR processing because file exceeds size limit" id=da3gedeqbbt3vq4m6lg0 size=102169018
time=2026-08-21T20:34:26.109+02:00 level=INFO msg="starting text extraction for asset" id=da3gedeqbbt3vq4m6lp0 filename=da3gedeqbbt3vq4m6lp0-referate_lang-pdf
time=2026-08-21T20:34:26.217+02:00 level=INFO msg="text extraction completed successfully" id=da3gedeqbbt3vq4m6lp0 text_length=122228 engine=pdf-textlayer
time=2026-08-21T20:34:26.228+02:00 level=INFO msg="No subscribers to send message" pubsub_uuid=qpR6TkaxuNGkfAGwcnmX4e message_uuid=ba23a08b-033e-4295-a36e-393930385d0c topic=message.EventAssetOCRCompleted
time=2026-08-21T20:34:26.230+02:00 level=INFO msg="starting text extraction for asset" id=da3gedeqbbt3vq4m6m30 filename=da3gedeqbbt3vq4m6m30-themen-pro-schmidt-pdf
time=2026-08-21T20:34:26.278+02:00 level=INFO msg="text extraction completed successfully" id=da3gedeqbbt3vq4m6m30 text_length=6361 engine=pdf-textlayer
time=2026-08-21T20:34:26.284+02:00 level=INFO msg="No subscribers to send message" pubsub_uuid=qpR6TkaxuNGkfAGwcnmX4e message_uuid=23e33557-3260-4c72-b8ac-3b6910e352a0 topic=message.EventAssetOCRCompleted
time=2026-08-21T20:34:26.305+02:00 level=INFO msg="starting text extraction for asset" id=da3gedeqbbt3vq4m6me0 filename=da3gedeqbbt3vq4m6me0-pharma-mustroph-pdf
time=2026-08-21T20:34:27.000+02:00 level=INFO msg="text extraction completed successfully" id=da3gedeqbbt3vq4m6me0 text_length=198277 engine=pdf-textlayer
time=2026-08-21T20:34:27.022+02:00 level=INFO msg="No subscribers to send message" pubsub_uuid=qpR6TkaxuNGkfAGwcnmX4e message_uuid=6c3328a7-6441-4d01-b775-73e0b631fb92 topic=message.EventAssetOCRCompleted
time=2026-08-21T20:34:27.023+02:00 level=WARN msg="skipping OCR processing because file exceeds size limit" id=da3gedeqbbt3vq4m6ml0 size=142639357
time=2026-08-21T20:34:27.034+02:00 level=INFO msg="starting text extraction for asset" id=da3gedeqbbt3vq4m6mt0 filename=da3gedeqbbt3vq4m6mt0-allgemeine-anatomie-skript-pdf
time=2026-08-21T20:34:27.044+02:00 level=INFO msg="text extraction completed successfully" id=da3gedeqbbt3vq4m6mt0 text_length=28070 engine=pdf-textlayer
time=2026-08-21T20:34:27.049+02:00 level=INFO msg="No subscribers to send message" pubsub_uuid=qpR6TkaxuNGkfAGwcnmX4e message_uuid=2512924f-05a7-4330-a422-9bfb788f3bae topic=message.EventAssetOCRCompleted
time=2026-08-21T20:34:27.052+02:00 level=INFO msg="starting text extraction for asset" id=da3gedeqbbt3vq4m6n40 filename=da3gedeqbbt3vq4m6n40-allgemeine-anatomie-pdf
time=2026-08-21T20:34:27.092+02:00 level=INFO msg="text extraction completed successfully" id=da3gedeqbbt3vq4m6n40 text_length=42422 engine=pdf-textlayer
time=2026-08-21T20:34:27.099+02:00 level=INFO msg="No subscribers to send message" pubsub_uuid=qpR6TkaxuNGkfAGwcnmX4e message_uuid=c5d8f85e-77ff-418a-80a3-d29e1aff9acc topic=message.EventAssetOCRCompleted
time=2026-08-21T20:34:27.103+02:00 level=INFO msg="starting text extraction for asset" id=da3gedmqbbt3vq4m6nc0 filename=da3gedmqbbt3vq4m6nc0-anatomie-skript-wrobel-pdf
time=2026-08-21T20:34:27.187+02:00 level=INFO msg="text extraction completed successfully" id=da3gedmqbbt3vq4m6nc0 text_length=200000 engine=pdf-textlayer
time=2026-08-21T20:34:27.202+02:00 level=INFO msg="No subscribers to send message" pubsub_uuid=qpR6TkaxuNGkfAGwcnmX4e message_uuid=51a7cb62-4ba2-47f8-9718-572791c894e5 topic=message.EventAssetOCRCompleted
time=2026-08-21T20:34:27.204+02:00 level=INFO msg="starting text extraction for asset" id=da3gedmqbbt3vq4m6nl0 filename=da3gedmqbbt3vq4m6nl0-anatomische-begriffe-pdf
time=2026-08-21T20:34:27.207+02:00 level=INFO msg="text extraction completed successfully" id=da3gedmqbbt3vq4m6nl0 text_length=641 engine=pdf-textlayer
time=2026-08-21T20:34:27.210+02:00 level=INFO msg="No subscribers to send message" pubsub_uuid=qpR6TkaxuNGkfAGwcnmX4e topic=message.EventAssetOCRCompleted message_uuid=9fba3349-06a0-4854-a84e-d56f496e4e8c
time=2026-08-21T20:34:27.255+02:00 level=INFO msg="starting text extraction for asset" id=da3gedmqbbt3vq4m6nv0 filename=da3gedmqbbt3vq4m6nv0-medilearn-bildband-der-anatomie-pdf
time=2026-08-21T20:34:30.341+02:00 level=INFO msg="text extraction completed successfully" id=da3gedmqbbt3vq4m6nv0 text_length=50225 engine=pdf-textlayer-weak
time=2026-08-21T20:34:30.348+02:00 level=INFO msg="No subscribers to send message" pubsub_uuid=qpR6TkaxuNGkfAGwcnmX4e message_uuid=c09b0a92-98a6-4b19-83d5-c3ef46f85b73 topic=message.EventAssetOCRCompleted
time=2026-08-21T20:34:30.362+02:00 level=INFO msg="starting text extraction for asset" id=da3gedmqbbt3vq4m6oa0 filename=da3gedmqbbt3vq4m6oa0-bauchfell-oesophagus-fuchshofer-pdf
time=2026-08-21T20:34:30.373+02:00 level=INFO msg="text extraction completed successfully" id=da3gedmqbbt3vq4m6oa0 text_length=8676 engine=pdf-textlayer
time=2026-08-21T20:34:30.379+02:00 level=INFO msg="No subscribers to send message" pubsub_uuid=qpR6TkaxuNGkfAGwcnmX4e message_uuid=64ef36b8-8d89-4af8-86ad-7d50c3c539a1 topic=message.EventAssetOCRCompleted
time=2026-08-21T20:34:30.385+02:00 level=INFO msg="starting text extraction for asset" id=da3gedmqbbt3vq4m6om0 filename=da3gedmqbbt3vq4m6om0-herz-blutkreislauf-fuchshofer-pdf
time=2026-08-21T20:34:30.414+02:00 level=INFO msg="text extraction completed successfully" id=da3gedmqbbt3vq4m6om0 text_length=15341 engine=pdf-textlayer
time=2026-08-21T20:34:30.420+02:00 level=INFO msg="No subscribers to send message" pubsub_uuid=qpR6TkaxuNGkfAGwcnmX4e message_uuid=4913e877-5687-47fd-a282-3cc06f43eaad topic=message.EventAssetOCRCompleted
time=2026-08-21T20:34:30.425+02:00 level=INFO msg="starting text extraction for asset" id=da3gedmqbbt3vq4m6p30 filename=da3gedmqbbt3vq4m6p30-kopf-hals-braunger1-pdf
time=2026-08-21T20:34:30.447+02:00 level=INFO msg="text extraction completed successfully" id=da3gedmqbbt3vq4m6p30 text_length=19513 engine=pdf-textlayer
time=2026-08-21T20:34:30.452+02:00 level=INFO msg="No subscribers to send message" pubsub_uuid=qpR6TkaxuNGkfAGwcnmX4e message_uuid=cacac8ae-3484-4cce-a3ad-e8294cafa84e topic=message.EventAssetOCRCompleted
time=2026-08-21T20:34:30.456+02:00 level=INFO msg="starting text extraction for asset" id=da3gedmqbbt3vq4m6ph0 filename=da3gedmqbbt3vq4m6ph0-kopf-hals-braunger2-pdf
time=2026-08-21T20:34:30.468+02:00 level=INFO msg="text extraction completed successfully" id=da3gedmqbbt3vq4m6ph0 text_length=9618 engine=pdf-textlayer
time=2026-08-21T20:34:30.473+02:00 level=INFO msg="No subscribers to send message" pubsub_uuid=qpR6TkaxuNGkfAGwcnmX4e message_uuid=d8395bf0-2674-407a-bfab-1fadf60a39ca topic=message.EventAssetOCRCompleted
time=2026-08-21T20:34:30.483+02:00 level=INFO msg="starting text extraction for asset" id=da3gedmqbbt3vq4m6q00 filename=da3gedmqbbt3vq4m6q00-mimische-muskulatur-koch-pdf
time=2026-08-21T20:34:30.534+02:00 level=INFO msg="text extraction completed successfully" id=da3gedmqbbt3vq4m6q00 text_length=26372 engine=pdf-textlayer
time=2026-08-21T20:34:30.540+02:00 level=INFO msg="No subscribers to send message" pubsub_uuid=qpR6TkaxuNGkfAGwcnmX4e message_uuid=677a24c3-2202-477b-9a43-3c6993f99383 topic=message.EventAssetOCRCompleted
time=2026-08-21T20:34:30.548+02:00 level=INFO msg="starting text extraction for asset" id=da3gedmqbbt3vq4m6qg0 filename=da3gedmqbbt3vq4m6qg0-oberbauch-pdf
time=2026-08-21T20:34:30.562+02:00 level=INFO msg="text extraction completed successfully" id=da3gedmqbbt3vq4m6qg0 text_length=7647 engine=pdf-textlayer
time=2026-08-21T20:34:30.567+02:00 level=INFO msg="No subscribers to send message" pubsub_uuid=qpR6TkaxuNGkfAGwcnmX4e message_uuid=9b49e23f-c243-46d7-a14e-f6be01571548 topic=message.EventAssetOCRCompleted
time=2026-08-21T20:34:30.576+02:00 level=INFO msg="starting text extraction for asset" id=da3gedmqbbt3vq4m6r10 filename=da3gedmqbbt3vq4m6r10-orbita-ohlmann-pdf
time=2026-08-21T20:34:30.598+02:00 level=INFO msg="text extraction completed successfully" id=da3gedmqbbt3vq4m6r10 text_length=11861 engine=pdf-textlayer
time=2026-08-21T20:34:30.603+02:00 level=INFO msg="No subscribers to send message" pubsub_uuid=qpR6TkaxuNGkfAGwcnmX4e message_uuid=f1a9fdd5-5c56-4879-bf6d-94749dbab3df topic=message.EventAssetOCRCompleted
time=2026-08-21T20:34:30.615+02:00 level=INFO msg="starting text extraction for asset" id=da3gedmqbbt3vq4m6rj0 filename=da3gedmqbbt3vq4m6rj0-trachea-koch-pdf
time=2026-08-21T20:34:30.673+02:00 level=INFO msg="text extraction completed successfully" id=da3gedmqbbt3vq4m6rj0 text_length=28822 engine=pdf-textlayer
time=2026-08-21T20:34:30.684+02:00 level=INFO msg="No subscribers to send message" pubsub_uuid=qpR6TkaxuNGkfAGwcnmX4e topic=message.EventAssetOCRCompleted message_uuid=cbd42714-c0ae-41d4-b240-016df63fe6ec
time=2026-08-21T20:34:30.686+02:00 level=INFO msg="starting text extraction for asset" id=da3gedmqbbt3vq4m6s60 filename=da3gedmqbbt3vq4m6s60-testat_kopf-pdf
time=2026-08-21T20:34:30.692+02:00 level=INFO msg="text extraction completed successfully" id=da3gedmqbbt3vq4m6s60 text_length=11826 engine=pdf-textlayer
time=2026-08-21T20:34:30.696+02:00 level=INFO msg="No subscribers to send message" pubsub_uuid=qpR6TkaxuNGkfAGwcnmX4e message_uuid=9ef89c1a-a4ed-4911-bdf6-450c5c73c18a topic=message.EventAssetOCRCompleted
time=2026-08-21T20:34:30.697+02:00 level=INFO msg="starting text extraction for asset" id=da3gedmqbbt3vq4m6sq0 filename=da3gedmqbbt3vq4m6sq0-testat_retrositus-pdf
time=2026-08-21T20:34:30.703+02:00 level=INFO msg="text extraction completed successfully" id=da3gedmqbbt3vq4m6sq0 text_length=11792 engine=pdf-textlayer
time=2026-08-21T20:34:30.707+02:00 level=INFO msg="No subscribers to send message" pubsub_uuid=qpR6TkaxuNGkfAGwcnmX4e message_uuid=aa9d5f7f-e3f2-43a6-96ba-08968c11c46e topic=message.EventAssetOCRCompleted
time=2026-08-21T20:34:30.709+02:00 level=INFO msg="starting text extraction for asset" id=da3gedmqbbt3vq4m6tf0 filename=da3gedmqbbt3vq4m6tf0-testat_rumpf-pdf
time=2026-08-21T20:34:30.715+02:00 level=INFO msg="text extraction completed successfully" id=da3gedmqbbt3vq4m6tf0 text_length=13960 engine=pdf-textlayer
time=2026-08-21T20:34:30.719+02:00 level=INFO msg="No subscribers to send message" pubsub_uuid=qpR6TkaxuNGkfAGwcnmX4e message_uuid=7a75c8ab-c786-4b32-b54b-15b74bd26bea topic=message.EventAssetOCRCompleted
time=2026-08-21T20:34:30.720+02:00 level=INFO msg="starting text extraction for asset" id=da3gedmqbbt3vq4m6u50 filename=da3gedmqbbt3vq4m6u50-testat_situs-pdf
time=2026-08-21T20:34:30.727+02:00 level=INFO msg="text extraction completed successfully" id=da3gedmqbbt3vq4m6u50 text_length=12750 engine=pdf-textlayer
time=2026-08-21T20:34:30.731+02:00 level=INFO msg="No subscribers to send message" pubsub_uuid=qpR6TkaxuNGkfAGwcnmX4e message_uuid=e319cb5f-8247-4e83-9a42-0bbe7c58b0b7 topic=message.EventAssetOCRCompleted
time=2026-08-21T20:34:30.745+02:00 level=INFO msg="starting text extraction for asset" id=da3gedmqbbt3vq4m6us0 filename=da3gedmqbbt3vq4m6us0-wirbelsäule-pdf
time=2026-08-21T20:34:30.751+02:00 level=INFO msg="text extraction completed successfully" id=da3gedmqbbt3vq4m6us0 text_length=686 engine=pdf-textlayer
time=2026-08-21T20:34:30.754+02:00 level=INFO msg="No subscribers to send message" pubsub_uuid=qpR6TkaxuNGkfAGwcnmX4e message_uuid=3fdd9683-d47e-4e22-b9d7-670f214f4e51 topic=message.EventAssetOCRCompleted
time=2026-08-21T20:34:30.805+02:00 level=INFO msg="starting text extraction for asset" id=da3gedmqbbt3vq4m6vk0 filename=da3gedmqbbt3vq4m6vk0-biochemie-praktikumsprotokoll-pdf
time=2026-08-21T20:34:41.431+02:00 level=WARN msg="OCR engine unavailable, skipping asset" id=da3gedmqbbt3vq4m6vk0
time=2026-08-21T20:34:41.453+02:00 level=INFO msg="starting text extraction for asset" id=da3gedmqbbt3vq4m6vr0 filename=da3gedmqbbt3vq4m6vr0-fit-in-biochemie-1-pdf
time=2026-08-21T20:34:41.474+02:00 level=INFO msg="text extraction completed successfully" id=da3gedmqbbt3vq4m6vr0 text_length=115758 engine=pdf-textlayer
time=2026-08-21T20:34:41.482+02:00 level=INFO msg="No subscribers to send message" pubsub_uuid=qpR6TkaxuNGkfAGwcnmX4e message_uuid=9d50fef3-318f-451d-84da-608d131a11ce topic=message.EventAssetOCRCompleted
time=2026-08-21T20:34:41.485+02:00 level=INFO msg="starting text extraction for asset" id=da3gedmqbbt3vq4m7030 filename=da3gedmqbbt3vq4m7030-fit-in-biochemie-10-pdf
time=2026-08-21T20:34:41.496+02:00 level=INFO msg="text extraction completed successfully" id=da3gedmqbbt3vq4m7030 text_length=23273 engine=pdf-textlayer
time=2026-08-21T20:34:41.502+02:00 level=INFO msg="No subscribers to send message" pubsub_uuid=qpR6TkaxuNGkfAGwcnmX4e message_uuid=c17b2bb9-c787-4cfc-8f5f-d57dcaad1bc9 topic=message.EventAssetOCRCompleted
time=2026-08-21T20:34:41.505+02:00 level=INFO msg="starting text extraction for asset" id=da3gedmqbbt3vq4m70c0 filename=da3gedmqbbt3vq4m70c0-fit-in-biochemie-11-pdf
time=2026-08-21T20:34:41.578+02:00 level=INFO msg="text extraction completed successfully" id=da3gedmqbbt3vq4m70c0 text_length=169708 engine=pdf-textlayer
time=2026-08-21T20:34:41.596+02:00 level=INFO msg="No subscribers to send message" pubsub_uuid=qpR6TkaxuNGkfAGwcnmX4e message_uuid=5d2c1c3b-9c56-4928-99f6-bc7c1c87decb topic=message.EventAssetOCRCompleted
time=2026-08-21T20:34:41.600+02:00 level=INFO msg="starting text extraction for asset" id=da3gedmqbbt3vq4m70m0 filename=da3gedmqbbt3vq4m70m0-fit-in-biochemie-12-pdf
time=2026-08-21T20:34:41.631+02:00 level=INFO msg="text extraction completed successfully" id=da3gedmqbbt3vq4m70m0 text_length=89804 engine=pdf-textlayer
time=2026-08-21T20:34:41.641+02:00 level=INFO msg="No subscribers to send message" pubsub_uuid=qpR6TkaxuNGkfAGwcnmX4e message_uuid=a5d6940e-1cec-4445-8875-0683ca382492 topic=message.EventAssetOCRCompleted
time=2026-08-21T20:34:41.643+02:00 level=INFO msg="starting text extraction for asset" id=da3gedmqbbt3vq4m7110 filename=da3gedmqbbt3vq4m7110-fit-in-biochemie-13-pdf
time=2026-08-21T20:34:41.670+02:00 level=INFO msg="text extraction completed successfully" id=da3gedmqbbt3vq4m7110 text_length=97921 engine=pdf-textlayer
time=2026-08-21T20:34:41.679+02:00 level=INFO msg="No subscribers to send message" pubsub_uuid=qpR6TkaxuNGkfAGwcnmX4e message_uuid=c4ff383f-0557-40d6-ab77-a5bae50b1e83 topic=message.EventAssetOCRCompleted
time=2026-08-21T20:34:41.682+02:00 level=INFO msg="starting text extraction for asset" id=da3gedmqbbt3vq4m71d0 filename=da3gedmqbbt3vq4m71d0-fit-in-biochemie-14-pdf
time=2026-08-21T20:34:41.726+02:00 level=INFO msg="text extraction completed successfully" id=da3gedmqbbt3vq4m71d0 text_length=167490 engine=pdf-textlayer
time=2026-08-21T20:34:41.739+02:00 level=INFO msg="No subscribers to send message" pubsub_uuid=qpR6TkaxuNGkfAGwcnmX4e message_uuid=5bfb1aba-6f8b-4979-ac38-93bbc9fb199b topic=message.EventAssetOCRCompleted
time=2026-08-21T20:34:41.741+02:00 level=INFO msg="starting text extraction for asset" id=da3geduqbbt3vq4m71q0 filename=da3geduqbbt3vq4m71q0-fit-in-biochemie-2-pdf
time=2026-08-21T20:34:41.755+02:00 level=INFO msg="text extraction completed successfully" id=da3geduqbbt3vq4m71q0 text_length=44094 engine=pdf-textlayer
time=2026-08-21T20:34:41.760+02:00 level=INFO msg="No subscribers to send message" pubsub_uuid=qpR6TkaxuNGkfAGwcnmX4e message_uuid=56961460-c101-454d-b843-5f7afa1afa6e topic=message.EventAssetOCRCompleted
time=2026-08-21T20:34:41.763+02:00 level=INFO msg="starting text extraction for asset" id=da3geduqbbt3vq4m7280 filename=da3geduqbbt3vq4m7280-fit-in-biochemie-3-pdf
time=2026-08-21T20:34:41.769+02:00 level=INFO msg="text extraction completed successfully" id=da3geduqbbt3vq4m7280 text_length=14164 engine=pdf-textlayer
time=2026-08-21T20:34:41.773+02:00 level=INFO msg="No subscribers to send message" pubsub_uuid=qpR6TkaxuNGkfAGwcnmX4e message_uuid=74c58c4e-64be-42ae-a3d6-ddbff9424e87 topic=message.EventAssetOCRCompleted
time=2026-08-21T20:34:41.775+02:00 level=INFO msg="starting text extraction for asset" id=da3geduqbbt3vq4m72n0 filename=da3geduqbbt3vq4m72n0-fit-in-biochemie-4-pdf
time=2026-08-21T20:34:41.790+02:00 level=INFO msg="text extraction completed successfully" id=da3geduqbbt3vq4m72n0 text_length=58050 engine=pdf-textlayer
time=2026-08-21T20:34:41.796+02:00 level=INFO msg="No subscribers to send message" pubsub_uuid=qpR6TkaxuNGkfAGwcnmX4e message_uuid=6740d518-e454-43f2-84ce-a7166ccf656f topic=message.EventAssetOCRCompleted
time=2026-08-21T20:34:41.798+02:00 level=INFO msg="starting text extraction for asset" id=da3geduqbbt3vq4m7370 filename=da3geduqbbt3vq4m7370-fit-in-biochemie-5-pdf
time=2026-08-21T20:34:41.808+02:00 level=INFO msg="text extraction completed successfully" id=da3geduqbbt3vq4m7370 text_length=37855 engine=pdf-textlayer
time=2026-08-21T20:34:41.813+02:00 level=INFO msg="No subscribers to send message" pubsub_uuid=qpR6TkaxuNGkfAGwcnmX4e message_uuid=6c06d962-960b-4b36-9bd3-8e3f9f31cd0e topic=message.EventAssetOCRCompleted
time=2026-08-21T20:34:41.815+02:00 level=INFO msg="starting text extraction for asset" id=da3geduqbbt3vq4m73o0 filename=da3geduqbbt3vq4m73o0-fit-in-biochemie-6-pdf
time=2026-08-21T20:34:41.828+02:00 level=INFO msg="text extraction completed successfully" id=da3geduqbbt3vq4m73o0 text_length=35376 engine=pdf-textlayer
time=2026-08-21T20:34:41.834+02:00 level=INFO msg="No subscribers to send message" pubsub_uuid=qpR6TkaxuNGkfAGwcnmX4e message_uuid=84706187-833d-4b88-86d5-fbdbc6149d08 topic=message.EventAssetOCRCompleted
time=2026-08-21T20:34:41.836+02:00 level=INFO msg="starting text extraction for asset" id=da3geduqbbt3vq4m74a0 filename=da3geduqbbt3vq4m74a0-fit-in-biochemie-7-pdf
time=2026-08-21T20:34:41.849+02:00 level=INFO msg="text extraction completed successfully" id=da3geduqbbt3vq4m74a0 text_length=60172 engine=pdf-textlayer
time=2026-08-21T20:34:41.958+02:00 level=INFO msg="No subscribers to send message" pubsub_uuid=qpR6TkaxuNGkfAGwcnmX4e topic=message.EventAssetOCRCompleted message_uuid=a08a45bd-1b80-478e-b56c-248b6cc97f28
time=2026-08-21T20:34:41.961+02:00 level=INFO msg="starting text extraction for asset" id=da3geduqbbt3vq4m74t0 filename=da3geduqbbt3vq4m74t0-fit-in-biochemie-8-pdf
time=2026-08-21T20:34:42.009+02:00 level=INFO msg="text extraction completed successfully" id=da3geduqbbt3vq4m74t0 text_length=200000 engine=pdf-textlayer
time=2026-08-21T20:34:42.025+02:00 level=INFO msg="No subscribers to send message" pubsub_uuid=qpR6TkaxuNGkfAGwcnmX4e message_uuid=b504e972-8a4f-4a31-9262-cb8db117152f topic=message.EventAssetOCRCompleted
time=2026-08-21T20:34:42.028+02:00 level=INFO msg="starting text extraction for asset" id=da3geduqbbt3vq4m75h0 filename=da3geduqbbt3vq4m75h0-fit-in-biochemie-9-pdf
time=2026-08-21T20:34:42.060+02:00 level=INFO msg="text extraction completed successfully" id=da3geduqbbt3vq4m75h0 text_length=87628 engine=pdf-textlayer
time=2026-08-21T20:34:42.069+02:00 level=INFO msg="No subscribers to send message" pubsub_uuid=qpR6TkaxuNGkfAGwcnmX4e message_uuid=0483772c-3218-4132-a958-f7943762915d topic=message.EventAssetOCRCompleted
time=2026-08-21T20:34:42.070+02:00 level=WARN msg="skipping OCR processing because file exceeds size limit" id=da3geduqbbt3vq4m7660 size=73020602
time=2026-08-21T20:34:42.075+02:00 level=INFO msg="starting text extraction for asset" id=da3geduqbbt3vq4m76s0 filename=da3geduqbbt3vq4m76s0-aminosäureabbau-pdf
time=2026-08-21T20:34:42.091+02:00 level=INFO msg="text extraction completed successfully" id=da3geduqbbt3vq4m76s0 text_length=16773 engine=pdf-textlayer
time=2026-08-21T20:34:42.096+02:00 level=INFO msg="No subscribers to send message" pubsub_uuid=qpR6TkaxuNGkfAGwcnmX4e message_uuid=561b9da0-bb96-4de0-b9bd-543796d4de74 topic=message.EventAssetOCRCompleted
time=2026-08-21T20:34:42.099+02:00 level=INFO msg="starting text extraction for asset" id=da3geduqbbt3vq4m77j0 filename=da3geduqbbt3vq4m77j0-citrat_cyclus-pdf
time=2026-08-21T20:34:42.109+02:00 level=INFO msg="text extraction completed successfully" id=da3geduqbbt3vq4m77j0 text_length=16463 engine=pdf-textlayer
time=2026-08-21T20:34:42.113+02:00 level=INFO msg="No subscribers to send message" pubsub_uuid=qpR6TkaxuNGkfAGwcnmX4e message_uuid=27912938-cfd1-4bfc-bff2-5cb3001ec7a8 topic=message.EventAssetOCRCompleted
time=2026-08-21T20:34:42.116+02:00 level=INFO msg="starting text extraction for asset" id=da3geduqbbt3vq4m78b0 filename=da3geduqbbt3vq4m78b0-dna-pdf
time=2026-08-21T20:34:42.126+02:00 level=INFO msg="text extraction completed successfully" id=da3geduqbbt3vq4m78b0 text_length=16402 engine=pdf-textlayer
time=2026-08-21T20:34:42.131+02:00 level=INFO msg="No subscribers to send message" pubsub_uuid=qpR6TkaxuNGkfAGwcnmX4e message_uuid=0b569544-42ca-4b9a-8832-f17583af201c topic=message.EventAssetOCRCompleted
time=2026-08-21T20:34:42.133+02:00 level=INFO msg="starting text extraction for asset" id=da3geduqbbt3vq4m7940 filename=da3geduqbbt3vq4m7940-enzyme-pdf
time=2026-08-21T20:34:42.142+02:00 level=INFO msg="text extraction completed successfully" id=da3geduqbbt3vq4m7940 text_length=12124 engine=pdf-textlayer
time=2026-08-21T20:34:42.147+02:00 level=INFO msg="No subscribers to send message" pubsub_uuid=qpR6TkaxuNGkfAGwcnmX4e message_uuid=0b6b51d3-6d08-425b-a4cf-0235b51b235d topic=message.EventAssetOCRCompleted
time=2026-08-21T20:34:42.150+02:00 level=INFO msg="starting text extraction for asset" id=da3geduqbbt3vq4m79u0 filename=da3geduqbbt3vq4m79u0-enzyminhibition-pdf
time=2026-08-21T20:34:42.159+02:00 level=INFO msg="text extraction completed successfully" id=da3geduqbbt3vq4m79u0 text_length=11890 engine=pdf-textlayer
time=2026-08-21T20:34:42.163+02:00 level=INFO msg="No subscribers to send message" pubsub_uuid=qpR6TkaxuNGkfAGwcnmX4e message_uuid=b510a51c-ef0c-4e0f-a2b6-841572460823 topic=message.EventAssetOCRCompleted
time=2026-08-21T20:34:42.166+02:00 level=INFO msg="starting text extraction for asset" id=da3geduqbbt3vq4m7ap0 filename=da3geduqbbt3vq4m7ap0-fette-pdf
time=2026-08-21T20:34:42.192+02:00 level=INFO msg="text extraction completed successfully" id=da3geduqbbt3vq4m7ap0 text_length=39605 engine=pdf-textlayer
time=2026-08-21T20:34:42.199+02:00 level=INFO msg="No subscribers to send message" pubsub_uuid=qpR6TkaxuNGkfAGwcnmX4e message_uuid=0688e9e4-e527-4c2e-98c1-7104643f3670 topic=message.EventAssetOCRCompleted
time=2026-08-21T20:34:42.202+02:00 level=INFO msg="starting text extraction for asset" id=da3geduqbbt3vq4m7bl0 filename=da3geduqbbt3vq4m7bl0-gluconeogenese-pdf
time=2026-08-21T20:34:42.208+02:00 level=INFO msg="text extraction completed successfully" id=da3geduqbbt3vq4m7bl0 text_length=5931 engine=pdf-textlayer
time=2026-08-21T20:34:42.211+02:00 level=INFO msg="No subscribers to send message" pubsub_uuid=qpR6TkaxuNGkfAGwcnmX4e message_uuid=075ee6fc-e8de-40b1-b014-4f650eab41b8 topic=message.EventAssetOCRCompleted
time=2026-08-21T20:34:42.214+02:00 level=INFO msg="starting text extraction for asset" id=da3geduqbbt3vq4m7ci0 filename=da3geduqbbt3vq4m7ci0-glycogen-pdf
time=2026-08-21T20:34:42.224+02:00 level=INFO msg="text extraction completed successfully" id=da3geduqbbt3vq4m7ci0 text_length=11604 engine=pdf-textlayer
time=2026-08-21T20:34:42.228+02:00 level=INFO msg="No subscribers to send message" pubsub_uuid=qpR6TkaxuNGkfAGwcnmX4e message_uuid=24ba60a7-a005-4fac-bb8b-c175d2a62eb6 topic=message.EventAssetOCRCompleted
time=2026-08-21T20:34:42.231+02:00 level=INFO msg="starting text extraction for asset" id=da3geduqbbt3vq4m7dg0 filename=da3geduqbbt3vq4m7dg0-glykolyse-pdf
time=2026-08-21T20:34:42.247+02:00 level=INFO msg="text extraction completed successfully" id=da3geduqbbt3vq4m7dg0 text_length=20286 engine=pdf-textlayer
time=2026-08-21T20:34:42.253+02:00 level=INFO msg="No subscribers to send message" pubsub_uuid=qpR6TkaxuNGkfAGwcnmX4e message_uuid=2c30e8b3-6d22-4f77-bf86-51851c93c86c topic=message.EventAssetOCRCompleted
time=2026-08-21T20:34:42.256+02:00 level=INFO msg="starting text extraction for asset" id=da3geduqbbt3vq4m7ef0 filename=da3geduqbbt3vq4m7ef0-oxidatphosphorylierung-pdf
time=2026-08-21T20:34:42.270+02:00 level=INFO msg="text extraction completed successfully" id=da3geduqbbt3vq4m7ef0 text_length=25008 engine=pdf-textlayer
time=2026-08-21T20:34:42.275+02:00 level=INFO msg="No subscribers to send message" pubsub_uuid=qpR6TkaxuNGkfAGwcnmX4e message_uuid=e4cfe4b0-92e7-4fc7-91e2-5b99f54b525a topic=message.EventAssetOCRCompleted
time=2026-08-21T20:34:42.277+02:00 level=INFO msg="starting text extraction for asset" id=da3geduqbbt3vq4m7ff0 filename=da3geduqbbt3vq4m7ff0-pentosephosphatweg-pdf
time=2026-08-21T20:34:42.285+02:00 level=INFO msg="text extraction completed successfully" id=da3geduqbbt3vq4m7ff0 text_length=9712 engine=pdf-textlayer
time=2026-08-21T20:34:42.288+02:00 level=INFO msg="No subscribers to send message" pubsub_uuid=qpR6TkaxuNGkfAGwcnmX4e message_uuid=4f25f6c0-e205-4d1e-bd67-3c579595b292 topic=message.EventAssetOCRCompleted
time=2026-08-21T20:34:42.291+02:00 level=INFO msg="starting text extraction for asset" id=da3geduqbbt3vq4m7gg0 filename=da3geduqbbt3vq4m7gg0-prinzipien_metabolismus-pdf
time=2026-08-21T20:34:42.302+02:00 level=INFO msg="text extraction completed successfully" id=da3geduqbbt3vq4m7gg0 text_length=12841 engine=pdf-textlayer
time=2026-08-21T20:34:42.307+02:00 level=INFO msg="No subscribers to send message" pubsub_uuid=qpR6TkaxuNGkfAGwcnmX4e message_uuid=e2212419-c671-45c1-bef1-de416cb24006 topic=message.EventAssetOCRCompleted
time=2026-08-21T20:34:42.309+02:00 level=INFO msg="starting text extraction for asset" id=da3geduqbbt3vq4m7hi0 filename=da3geduqbbt3vq4m7hi0-proteine-pdf
time=2026-08-21T20:34:42.319+02:00 level=INFO msg="text extraction completed successfully" id=da3geduqbbt3vq4m7hi0 text_length=14568 engine=pdf-textlayer
time=2026-08-21T20:34:42.323+02:00 level=INFO msg="No subscribers to send message" pubsub_uuid=qpR6TkaxuNGkfAGwcnmX4e message_uuid=be1eb75f-5ec2-4520-99d3-1f531ea8ff89 topic=message.EventAssetOCRCompleted
time=2026-08-21T20:34:42.328+02:00 level=INFO msg="starting text extraction for asset" id=da3geduqbbt3vq4m7il0 filename=da3geduqbbt3vq4m7il0-reinigung-von-proteinen-pdf
time=2026-08-21T20:34:42.337+02:00 level=INFO msg="text extraction completed successfully" id=da3geduqbbt3vq4m7il0 text_length=8645 engine=pdf-textlayer
time=2026-08-21T20:34:42.341+02:00 level=INFO msg="No subscribers to send message" pubsub_uuid=qpR6TkaxuNGkfAGwcnmX4e topic=message.EventAssetOCRCompleted message_uuid=2b7184c8-6cdf-465f-89eb-c0735860127c
time=2026-08-21T20:34:42.348+02:00 level=INFO msg="starting text extraction for asset" id=da3geduqbbt3vq4m7jp0 filename=da3geduqbbt3vq4m7jp0-v2-protein-einfuehrung-ss2020-pdf
time=2026-08-21T20:34:42.368+02:00 level=INFO msg="text extraction completed successfully" id=da3geduqbbt3vq4m7jp0 text_length=13432 engine=pdf-textlayer
time=2026-08-21T20:34:42.374+02:00 level=INFO msg="No subscribers to send message" pubsub_uuid=qpR6TkaxuNGkfAGwcnmX4e message_uuid=3642888a-5bb5-4502-899d-af22bbb710f4 topic=message.EventAssetOCRCompleted
time=2026-08-21T20:34:42.382+02:00 level=INFO msg="starting text extraction for asset" id=da3gee6qbbt3vq4m7ku0 filename=da3gee6qbbt3vq4m7ku0-v2-protein-versuch-pdf
time=2026-08-21T20:34:42.429+02:00 level=INFO msg="text extraction completed successfully" id=da3gee6qbbt3vq4m7ku0 text_length=5855 engine=pdf-textlayer
time=2026-08-21T20:34:42.434+02:00 level=INFO msg="No subscribers to send message" pubsub_uuid=qpR6TkaxuNGkfAGwcnmX4e message_uuid=abd795c2-f347-4cf9-89d9-5e534720df35 topic=message.EventAssetOCRCompleted
time=2026-08-21T20:34:42.447+02:00 level=INFO msg="starting text extraction for asset" id=da3gee6qbbt3vq4m7m40 filename=da3gee6qbbt3vq4m7m40-v3-immunologie_einfuehrung_ss2020-pdf
time=2026-08-21T20:34:42.483+02:00 level=INFO msg="text extraction completed successfully" id=da3gee6qbbt3vq4m7m40 text_length=29618 engine=pdf-textlayer
time=2026-08-21T20:34:42.490+02:00 level=INFO msg="No subscribers to send message" pubsub_uuid=qpR6TkaxuNGkfAGwcnmX4e message_uuid=55683462-6bb9-4758-bb76-223b2dd6e745 topic=message.EventAssetOCRCompleted
time=2026-08-21T20:34:42.503+02:00 level=INFO msg="starting text extraction for asset" id=da3gee6qbbt3vq4m7nb0 filename=da3gee6qbbt3vq4m7nb0-v4-einführung-versuch-bioenergetik-pdf
time=2026-08-21T20:34:42.539+02:00 level=INFO msg="text extraction completed successfully" id=da3gee6qbbt3vq4m7nb0 text_length=14680 engine=pdf-textlayer
time=2026-08-21T20:34:42.545+02:00 level=INFO msg="No subscribers to send message" pubsub_uuid=qpR6TkaxuNGkfAGwcnmX4e message_uuid=e18dc949-76ee-4855-8c3f-057d44231504 topic=message.EventAssetOCRCompleted
time=2026-08-21T20:34:42.557+02:00 level=INFO msg="starting text extraction for asset" id=da3gee6qbbt3vq4m7oj0 filename=da3gee6qbbt3vq4m7oj0-v4-versuchsvorbesprechung-bioenergetik-pdf
time=2026-08-21T20:34:42.597+02:00 level=INFO msg="text extraction completed successfully" id=da3gee6qbbt3vq4m7oj0 text_length=8751 engine=pdf-textlayer
time=2026-08-21T20:34:42.603+02:00 level=INFO msg="No subscribers to send message" pubsub_uuid=qpR6TkaxuNGkfAGwcnmX4e message_uuid=1068d6a8-344f-424d-90c8-a1fa5ac133cf topic=message.EventAssetOCRCompleted
time=2026-08-21T20:34:42.606+02:00 level=INFO msg="starting text extraction for asset" id=da3gee6qbbt3vq4m7ps0 filename=da3gee6qbbt3vq4m7ps0-v6-antibiotika-transformation-3-20-pdf
time=2026-08-21T20:34:42.639+02:00 level=INFO msg="text extraction completed successfully" id=da3gee6qbbt3vq4m7ps0 text_length=52549 engine=pdf-textlayer
time=2026-08-21T20:34:42.646+02:00 level=INFO msg="No subscribers to send message" pubsub_uuid=qpR6TkaxuNGkfAGwcnmX4e message_uuid=efa1323f-3cbb-4740-9cc2-2c3e92e27497 topic=message.EventAssetOCRCompleted
time=2026-08-21T20:34:42.650+02:00 level=INFO msg="starting text extraction for asset" id=da3gee6qbbt3vq4m7r60 filename=da3gee6qbbt3vq4m7r60-v6-dna-replikation-pdf
time=2026-08-21T20:34:42.673+02:00 level=INFO msg="text extraction completed successfully" id=da3gee6qbbt3vq4m7r60 text_length=37558 engine=pdf-textlayer
time=2026-08-21T20:34:42.680+02:00 level=INFO msg="No subscribers to send message" pubsub_uuid=qpR6TkaxuNGkfAGwcnmX4e message_uuid=fcce6876-8f72-4d10-a4fd-1f4c6430f578 topic=message.EventAssetOCRCompleted
time=2026-08-21T20:34:42.683+02:00 level=INFO msg="starting text extraction for asset" id=da3gee6qbbt3vq4m7sh0 filename=da3gee6qbbt3vq4m7sh0-v6-humanes-genom-4-20-pdf
time=2026-08-21T20:34:42.701+02:00 level=INFO msg="text extraction completed successfully" id=da3gee6qbbt3vq4m7sh0 text_length=45565 engine=pdf-textlayer
time=2026-08-21T20:34:42.708+02:00 level=INFO msg="No subscribers to send message" pubsub_uuid=qpR6TkaxuNGkfAGwcnmX4e topic=message.EventAssetOCRCompleted message_uuid=daaac9d8-7af8-4df4-b399-2150cdf52ab4
time=2026-08-21T20:34:42.711+02:00 level=INFO msg="starting text extraction for asset" id=da3gee6qbbt3vq4m7tt0 filename=da3gee6qbbt3vq4m7tt0-v6-restriktionsenzyme-pdf
time=2026-08-21T20:34:42.720+02:00 level=INFO msg="text extraction completed successfully" id=da3gee6qbbt3vq4m7tt0 text_length=11612 engine=pdf-textlayer
time=2026-08-21T20:34:42.725+02:00 level=INFO msg="No subscribers to send message" pubsub_uuid=qpR6TkaxuNGkfAGwcnmX4e message_uuid=131e2e04-d405-4600-a065-be6cccc6a55c topic=message.EventAssetOCRCompleted
time=2026-08-21T20:34:42.726+02:00 level=INFO msg="starting text extraction for asset" id=da3gee6qbbt3vq4m7va0 filename=da3gee6qbbt3vq4m7va0-v7-antworten-pdf
time=2026-08-21T20:34:42.733+02:00 level=INFO msg="text extraction completed successfully" id=da3gee6qbbt3vq4m7va0 text_length=15349 engine=pdf-textlayer
time=2026-08-21T20:34:42.738+02:00 level=INFO msg="No subscribers to send message" pubsub_uuid=qpR6TkaxuNGkfAGwcnmX4e message_uuid=76193170-d812-4dee-8175-cab4311b6fc0 topic=message.EventAssetOCRCompleted
time=2026-08-21T20:34:42.741+02:00 level=INFO msg="starting text extraction for asset" id=da3gee6qbbt3vq4m80o0 filename=da3gee6qbbt3vq4m80o0-v8-seminar-harnstoffsynthese-pdf
time=2026-08-21T20:34:42.756+02:00 level=INFO msg="text extraction completed successfully" id=da3gee6qbbt3vq4m80o0 text_length=19600 engine=pdf-textlayer
time=2026-08-21T20:34:42.761+02:00 level=INFO msg="No subscribers to send message" pubsub_uuid=qpR6TkaxuNGkfAGwcnmX4e message_uuid=b10546e8-232a-4f7c-991f-91cb523d9e1a topic=message.EventAssetOCRCompleted
time=2026-08-21T20:34:42.763+02:00 level=INFO msg="starting text extraction for asset" id=da3gee6qbbt3vq4m8270 filename=da3gee6qbbt3vq4m8270-v8-uebersicht-harnstoffsynthese-pdf
time=2026-08-21T20:34:42.769+02:00 level=INFO msg="text extraction completed successfully" id=da3gee6qbbt3vq4m8270 text_length=4179 engine=pdf-textlayer
time=2026-08-21T20:34:42.772+02:00 level=INFO msg="No subscribers to send message" pubsub_uuid=qpR6TkaxuNGkfAGwcnmX4e message_uuid=1e5f991d-160d-4042-905e-56160af39682 topic=message.EventAssetOCRCompleted
time=2026-08-21T20:34:42.775+02:00 level=INFO msg="starting text extraction for asset" id=da3gee6qbbt3vq4m83n0 filename=da3gee6qbbt3vq4m83n0-bioenergetik-pdf
time=2026-08-21T20:34:45.637+02:00 level=WARN msg="OCR engine unavailable, skipping asset" id=da3gee6qbbt3vq4m83n0
time=2026-08-21T20:34:45.663+02:00 level=INFO msg="starting text extraction for asset" id=da3gee6qbbt3vq4m8580 filename=da3gee6qbbt3vq4m8580-dna-2-pdf
time=2026-08-21T20:34:52.872+02:00 level=WARN msg="OCR engine unavailable, skipping asset" id=da3gee6qbbt3vq4m8580
time=2026-08-21T20:34:52.894+02:00 level=INFO msg="starting text extraction for asset" id=da3gee6qbbt3vq4m86q0 filename=da3gee6qbbt3vq4m86q0-enzyme-2-pdf
time=2026-08-21T20:35:00.562+02:00 level=WARN msg="OCR engine unavailable, skipping asset" id=da3gee6qbbt3vq4m86q0
time=2026-08-21T20:35:00.588+02:00 level=INFO msg="starting text extraction for asset" id=da3gee6qbbt3vq4m88d0 filename=da3gee6qbbt3vq4m88d0-harnstoff-pdf
time=2026-08-21T20:35:08.272+02:00 level=WARN msg="OCR engine unavailable, skipping asset" id=da3gee6qbbt3vq4m88d0
time=2026-08-21T20:35:08.291+02:00 level=INFO msg="starting text extraction for asset" id=da3gee6qbbt3vq4m8a10 filename=da3gee6qbbt3vq4m8a10-immunologie-pdf
time=2026-08-21T20:35:13.172+02:00 level=WARN msg="OCR engine unavailable, skipping asset" id=da3gee6qbbt3vq4m8a10
time=2026-08-21T20:35:13.202+02:00 level=INFO msg="starting text extraction for asset" id=da3gee6qbbt3vq4m8bm0 filename=da3gee6qbbt3vq4m8bm0-lipid-und-glykogenstoffwechsel-pdf
time=2026-08-21T20:35:18.688+02:00 level=WARN msg="OCR engine unavailable, skipping asset" id=da3gee6qbbt3vq4m8bm0
time=2026-08-21T20:35:18.715+02:00 level=INFO msg="starting text extraction for asset" id=da3gee6qbbt3vq4m8dc0 filename=da3gee6qbbt3vq4m8dc0-proteine-2-pdf
time=2026-08-21T20:35:21.690+02:00 level=WARN msg="OCR engine unavailable, skipping asset" id=da3gee6qbbt3vq4m8dc0
time=2026-08-21T20:35:21.707+02:00 level=INFO msg="starting text extraction for asset" id=da3gee6qbbt3vq4m8f30 filename=da3gee6qbbt3vq4m8f30-ohne-bezeichnung-pdf
time=2026-08-21T20:35:24.859+02:00 level=WARN msg="OCR engine unavailable, skipping asset" id=da3gee6qbbt3vq4m8f30
time=2026-08-21T20:35:24.878+02:00 level=INFO msg="starting text extraction for asset" id=da3gee6qbbt3vq4m8gr0 filename=da3gee6qbbt3vq4m8gr0-biochemie-skirpt-lipid-und-glykogenstoffwechsel-pdf
time=2026-08-21T20:35:24.898+02:00 level=INFO msg="text extraction completed successfully" id=da3gee6qbbt3vq4m8gr0 text_length=30669 engine=pdf-textlayer
time=2026-08-21T20:35:24.905+02:00 level=INFO msg="No subscribers to send message" pubsub_uuid=qpR6TkaxuNGkfAGwcnmX4e message_uuid=dc2bbaad-d5e8-445c-8ba9-53904edc8657 topic=message.EventAssetOCRCompleted
time=2026-08-21T20:35:24.907+02:00 level=INFO msg="starting text extraction for asset" id=da3gee6qbbt3vq4m8ik0 filename=da3gee6qbbt3vq4m8ik0-biochemie-skript-sterner-pdf
time=2026-08-21T20:35:44.911+02:00 level=ERROR msg="text extraction exceeded time budget, abandoning asset to bound memory use" id=da3gee6qbbt3vq4m8ik0 filename=da3gee6qbbt3vq4m8ik0-biochemie-skript-sterner-pdf timeout=20s
extracted text from 136 assets
one asset exceeded its extraction time budget and was skipped; stopping this run to release its memory. Re-run --phase ocr to continue.
time=2026-08-21T20:35:44.920+02:00 level=INFO msg="configured plugin runtime provider" provider=local
time=2026-08-21T20:35:44.920+02:00 level=INFO msg="configured plugin runtime server url" server_url=http://localhost:8000
=== run 16 Fri Aug 21 20:35:46     2026 ===
time=2026-08-21T20:35:49.302+02:00 level=INFO msg="starting text extraction for asset" id=da3gdpuqbbt3vq4gqa20 filename=da3gdpuqbbt3vq4gqa20-tempbond-pdf
time=2026-08-21T20:35:49.548+02:00 level=INFO msg="text extraction completed successfully" id=da3gdpuqbbt3vq4gqa20 text_length=163005 engine=pdf-textlayer
time=2026-08-21T20:35:49.556+02:00 level=WARN msg="failed to process asset for text extraction" id=da3gdpuqbbt3vq4gqa20 error="ERROR: invalid byte sequence for encoding \"UTF8\": 0x00 (SQLSTATE 22021)"
time=2026-08-21T20:35:49.562+02:00 level=INFO msg="starting text extraction for asset" id=da3gdpuqbbt3vq4gqd40 filename=da3gdpuqbbt3vq4gqd40-tetric-evoceram-pdf
time=2026-08-21T20:35:49.969+02:00 level=INFO msg="text extraction completed successfully" id=da3gdpuqbbt3vq4gqd40 text_length=199999 engine=pdf-textlayer
time=2026-08-21T20:35:49.977+02:00 level=WARN msg="failed to process asset for text extraction" id=da3gdpuqbbt3vq4gqd40 error="ERROR: invalid byte sequence for encoding \"UTF8\": 0x00 (SQLSTATE 22021)"
time=2026-08-21T20:35:50.002+02:00 level=INFO msg="starting text extraction for asset" id=da3ge3eqbbt3vq4jaor0 filename=da3ge3eqbbt3vq4jaor0-7-halszysten_tbc_sinusitis-pdf
time=2026-08-21T20:35:50.007+02:00 level=WARN msg="pdf text layer extraction failed, will try rasterisation fallback" error="encrypted PDF: invalid password"
time=2026-08-21T20:35:50.093+02:00 level=ERROR msg="text extraction failed for asset" id=da3ge3eqbbt3vq4jaor0 error="pdftoppm execution failed: exit status 1"
time=2026-08-21T20:35:50.102+02:00 level=WARN msg="failed to process asset for text extraction" id=da3ge3eqbbt3vq4jaor0 error="pdftoppm execution failed: exit status 1"
time=2026-08-21T20:35:50.106+02:00 level=INFO msg="starting text extraction for asset" id=da3ge3eqbbt3vq4japc0 filename=da3ge3eqbbt3vq4japc0-entzündungspathologie_i-pdf
time=2026-08-21T20:35:50.112+02:00 level=WARN msg="pdf text layer extraction failed, will try rasterisation fallback" error="encrypted PDF: invalid password"
time=2026-08-21T20:35:50.164+02:00 level=ERROR msg="text extraction failed for asset" id=da3ge3eqbbt3vq4japc0 error="pdftoppm execution failed: exit status 1"
time=2026-08-21T20:35:50.170+02:00 level=WARN msg="failed to process asset for text extraction" id=da3ge3eqbbt3vq4japc0 error="pdftoppm execution failed: exit status 1"
time=2026-08-21T20:35:50.173+02:00 level=INFO msg="starting text extraction for asset" id=da3ge3eqbbt3vq4japm0 filename=da3ge3eqbbt3vq4japm0-haut-pdf
time=2026-08-21T20:35:50.178+02:00 level=WARN msg="pdf text layer extraction failed, will try rasterisation fallback" error="encrypted PDF: invalid password"
time=2026-08-21T20:35:50.227+02:00 level=ERROR msg="text extraction failed for asset" id=da3ge3eqbbt3vq4japm0 error="pdftoppm execution failed: exit status 1"
time=2026-08-21T20:35:50.234+02:00 level=WARN msg="failed to process asset for text extraction" id=da3ge3eqbbt3vq4japm0 error="pdftoppm execution failed: exit status 1"
time=2026-08-21T20:35:50.240+02:00 level=INFO msg="starting text extraction for asset" id=da3ge3eqbbt3vq4jaq10 filename=da3ge3eqbbt3vq4jaq10-herz_kreislauf_i_und_ii-pdf
time=2026-08-21T20:35:50.244+02:00 level=WARN msg="pdf text layer extraction failed, will try rasterisation fallback" error="encrypted PDF: invalid password"
time=2026-08-21T20:35:50.295+02:00 level=ERROR msg="text extraction failed for asset" id=da3ge3eqbbt3vq4jaq10 error="pdftoppm execution failed: exit status 1"
time=2026-08-21T20:35:50.301+02:00 level=WARN msg="failed to process asset for text extraction" id=da3ge3eqbbt3vq4jaq10 error="pdftoppm execution failed: exit status 1"
time=2026-08-21T20:35:50.303+02:00 level=INFO msg="starting text extraction for asset" id=da3ge3eqbbt3vq4jaqd0 filename=da3ge3eqbbt3vq4jaqd0-immunpathologie-pdf
time=2026-08-21T20:35:50.308+02:00 level=WARN msg="pdf text layer extraction failed, will try rasterisation fallback" error="encrypted PDF: invalid password"
time=2026-08-21T20:35:50.358+02:00 level=ERROR msg="text extraction failed for asset" id=da3ge3eqbbt3vq4jaqd0 error="pdftoppm execution failed: exit status 1"
time=2026-08-21T20:35:50.364+02:00 level=WARN msg="failed to process asset for text extraction" id=da3ge3eqbbt3vq4jaqd0 error="pdftoppm execution failed: exit status 1"
time=2026-08-21T20:35:50.366+02:00 level=INFO msg="starting text extraction for asset" id=da3ge3eqbbt3vq4jaqq0 filename=da3ge3eqbbt3vq4jaqq0-oralpathologie-i-pdf-passwort-patho1213-pdf
time=2026-08-21T20:35:50.370+02:00 level=WARN msg="pdf text layer extraction failed, will try rasterisation fallback" error="encrypted PDF: invalid password"
time=2026-08-21T20:35:50.419+02:00 level=ERROR msg="text extraction failed for asset" id=da3ge3eqbbt3vq4jaqq0 error="pdftoppm execution failed: exit status 1"
time=2026-08-21T20:35:50.426+02:00 level=WARN msg="failed to process asset for text extraction" id=da3ge3eqbbt3vq4jaqq0 error="pdftoppm execution failed: exit status 1"
time=2026-08-21T20:35:50.434+02:00 level=INFO msg="starting text extraction for asset" id=da3ge3eqbbt3vq4jar80 filename=da3ge3eqbbt3vq4jar80-oralpathologie-ii-pdf
time=2026-08-21T20:35:50.439+02:00 level=WARN msg="pdf text layer extraction failed, will try rasterisation fallback" error="encrypted PDF: invalid password"
time=2026-08-21T20:35:50.492+02:00 level=ERROR msg="text extraction failed for asset" id=da3ge3eqbbt3vq4jar80 error="pdftoppm execution failed: exit status 1"
time=2026-08-21T20:35:50.498+02:00 level=WARN msg="failed to process asset for text extraction" id=da3ge3eqbbt3vq4jar80 error="pdftoppm execution failed: exit status 1"
time=2026-08-21T20:35:50.502+02:00 level=INFO msg="starting text extraction for asset" id=da3ge3eqbbt3vq4jarn0 filename=da3ge3eqbbt3vq4jarn0-oralpathologie-iii-pdf
time=2026-08-21T20:35:50.507+02:00 level=WARN msg="pdf text layer extraction failed, will try rasterisation fallback" error="encrypted PDF: invalid password"
time=2026-08-21T20:35:50.667+02:00 level=ERROR msg="text extraction failed for asset" id=da3ge3eqbbt3vq4jarn0 error="pdftoppm execution failed: exit status 1"
time=2026-08-21T20:35:50.675+02:00 level=WARN msg="failed to process asset for text extraction" id=da3ge3eqbbt3vq4jarn0 error="pdftoppm execution failed: exit status 1"
time=2026-08-21T20:35:50.679+02:00 level=INFO msg="starting text extraction for asset" id=da3ge3mqbbt3vq4jb0j0 filename=da3ge3mqbbt3vq4jb0j0-pathologie_der_speicheldrüsen-pdf
time=2026-08-21T20:35:50.684+02:00 level=WARN msg="pdf text layer extraction failed, will try rasterisation fallback" error="encrypted PDF: invalid password"
time=2026-08-21T20:35:50.735+02:00 level=ERROR msg="text extraction failed for asset" id=da3ge3mqbbt3vq4jb0j0 error="pdftoppm execution failed: exit status 1"
time=2026-08-21T20:35:50.743+02:00 level=WARN msg="failed to process asset for text extraction" id=da3ge3mqbbt3vq4jb0j0 error="pdftoppm execution failed: exit status 1"
time=2026-08-21T20:35:50.744+02:00 level=INFO msg="starting text extraction for asset" id=da3ge3mqbbt3vq4jb1b0 filename=da3ge3mqbbt3vq4jb1b0-pathologie_der_verdauung-pdf
time=2026-08-21T20:35:50.748+02:00 level=WARN msg="pdf text layer extraction failed, will try rasterisation fallback" error="encrypted PDF: invalid password"
time=2026-08-21T20:35:50.797+02:00 level=ERROR msg="text extraction failed for asset" id=da3ge3mqbbt3vq4jb1b0 error="pdftoppm execution failed: exit status 1"
time=2026-08-21T20:35:50.803+02:00 level=WARN msg="failed to process asset for text extraction" id=da3ge3mqbbt3vq4jb1b0 error="pdftoppm execution failed: exit status 1"
time=2026-08-21T20:35:50.806+02:00 level=INFO msg="starting text extraction for asset" id=da3ge3mqbbt3vq4jb240 filename=da3ge3mqbbt3vq4jb240-schilddrüsenpathologie-pdf
time=2026-08-21T20:35:50.810+02:00 level=WARN msg="pdf text layer extraction failed, will try rasterisation fallback" error="encrypted PDF: invalid password"
time=2026-08-21T20:35:50.859+02:00 level=ERROR msg="text extraction failed for asset" id=da3ge3mqbbt3vq4jb240 error="pdftoppm execution failed: exit status 1"
time=2026-08-21T20:35:50.866+02:00 level=WARN msg="failed to process asset for text extraction" id=da3ge3mqbbt3vq4jb240 error="pdftoppm execution failed: exit status 1"
time=2026-08-21T20:35:50.870+02:00 level=INFO msg="starting text extraction for asset" id=da3ge3mqbbt3vq4jb2u0 filename=da3ge3mqbbt3vq4jb2u0-tonsillen-pdf
time=2026-08-21T20:35:50.875+02:00 level=WARN msg="pdf text layer extraction failed, will try rasterisation fallback" error="encrypted PDF: invalid password"
time=2026-08-21T20:35:50.926+02:00 level=ERROR msg="text extraction failed for asset" id=da3ge3mqbbt3vq4jb2u0 error="pdftoppm execution failed: exit status 1"
time=2026-08-21T20:35:50.932+02:00 level=WARN msg="failed to process asset for text extraction" id=da3ge3mqbbt3vq4jb2u0 error="pdftoppm execution failed: exit status 1"
time=2026-08-21T20:35:50.965+02:00 level=INFO msg="starting text extraction for asset" id=da3ge3mqbbt3vq4jb3p0 filename=da3ge3mqbbt3vq4jb3p0-tumorpathologie-pdf
time=2026-08-21T20:35:50.975+02:00 level=WARN msg="pdf text layer extraction failed, will try rasterisation fallback" error="encrypted PDF: invalid password"
time=2026-08-21T20:35:51.071+02:00 level=ERROR msg="text extraction failed for asset" id=da3ge3mqbbt3vq4jb3p0 error="pdftoppm execution failed: exit status 1"
time=2026-08-21T20:35:51.078+02:00 level=WARN msg="failed to process asset for text extraction" id=da3ge3mqbbt3vq4jb3p0 error="pdftoppm execution failed: exit status 1"
time=2026-08-21T20:35:51.082+02:00 level=INFO msg="starting text extraction for asset" id=da3ge3mqbbt3vq4jb4l0 filename=da3ge3mqbbt3vq4jb4l0-tumorursachen_klassifikation-pdf
time=2026-08-21T20:35:51.090+02:00 level=WARN msg="pdf text layer extraction failed, will try rasterisation fallback" error="encrypted PDF: invalid password"
time=2026-08-21T20:35:51.147+02:00 level=ERROR msg="text extraction failed for asset" id=da3ge3mqbbt3vq4jb4l0 error="pdftoppm execution failed: exit status 1"
time=2026-08-21T20:35:51.153+02:00 level=WARN msg="failed to process asset for text extraction" id=da3ge3mqbbt3vq4jb4l0 error="pdftoppm execution failed: exit status 1"
time=2026-08-21T20:35:51.164+02:00 level=INFO msg="starting text extraction for asset" id=da3gee6qbbt3vq4m8ke0 filename=da3gee6qbbt3vq4m8ke0-histologie-i-skript-pdf
time=2026-08-21T20:35:51.177+02:00 level=INFO msg="text extraction completed successfully" id=da3gee6qbbt3vq4m8ke0 text_length=50711 engine=pdf-textlayer
time=2026-08-21T20:35:51.186+02:00 level=INFO msg="No subscribers to send message" pubsub_uuid=YX9tabvHZJCzkgVXpmXZq8 message_uuid=09f85835-32cb-4b2f-adea-69810c2c84f3 topic=message.EventAssetOCRCompleted
time=2026-08-21T20:35:51.189+02:00 level=INFO msg="starting text extraction for asset" id=da3gee6qbbt3vq4m8kl0 filename=da3gee6qbbt3vq4m8kl0-histologie-i-übungen-lösung-pdf
time=2026-08-21T20:35:51.194+02:00 level=INFO msg="text extraction completed successfully" id=da3gee6qbbt3vq4m8kl0 text_length=1197 engine=pdf-textlayer
time=2026-08-21T20:35:51.199+02:00 level=INFO msg="No subscribers to send message" pubsub_uuid=YX9tabvHZJCzkgVXpmXZq8 message_uuid=16aabab3-7c33-498e-89ef-60ddd734cd0b topic=message.EventAssetOCRCompleted
time=2026-08-21T20:35:51.200+02:00 level=INFO msg="starting text extraction for asset" id=da3gee6qbbt3vq4m8kt0 filename=da3gee6qbbt3vq4m8kt0-histologie-i-übungen-pdf
time=2026-08-21T20:35:51.215+02:00 level=INFO msg="text extraction completed successfully" id=da3gee6qbbt3vq4m8kt0 text_length=39748 engine=pdf-textlayer
time=2026-08-21T20:35:51.222+02:00 level=INFO msg="No subscribers to send message" pubsub_uuid=YX9tabvHZJCzkgVXpmXZq8 message_uuid=a231f15e-d4aa-4b74-8546-b839bee08aba topic=message.EventAssetOCRCompleted
time=2026-08-21T20:35:51.227+02:00 level=INFO msg="starting text extraction for asset" id=da3geeeqbbt3vq4m8l60 filename=da3geeeqbbt3vq4m8l60-bindegewebe_09-pdf
time=2026-08-21T20:35:51.243+02:00 level=INFO msg="text extraction completed successfully" id=da3geeeqbbt3vq4m8l60 text_length=20293 engine=pdf-textlayer
time=2026-08-21T20:35:51.249+02:00 level=INFO msg="No subscribers to send message" pubsub_uuid=YX9tabvHZJCzkgVXpmXZq8 topic=message.EventAssetOCRCompleted message_uuid=09aee254-7214-458b-960d-ec62091ec118
time=2026-08-21T20:35:51.254+02:00 level=INFO msg="starting text extraction for asset" id=da3geeeqbbt3vq4m8lg0 filename=da3geeeqbbt3vq4m8lg0-epithel_09-pdf
time=2026-08-21T20:35:51.269+02:00 level=INFO msg="text extraction completed successfully" id=da3geeeqbbt3vq4m8lg0 text_length=12505 engine=pdf-textlayer
time=2026-08-21T20:35:51.275+02:00 level=INFO msg="No subscribers to send message" pubsub_uuid=YX9tabvHZJCzkgVXpmXZq8 message_uuid=bb05e644-cf55-4ffe-a694-5d8b745fac41 topic=message.EventAssetOCRCompleted
time=2026-08-21T20:35:51.279+02:00 level=INFO msg="starting text extraction for asset" id=da3geeeqbbt3vq4m8lr0 filename=da3geeeqbbt3vq4m8lr0-muskulatur_09-pdf
time=2026-08-21T20:35:51.295+02:00 level=INFO msg="text extraction completed successfully" id=da3geeeqbbt3vq4m8lr0 text_length=11355 engine=pdf-textlayer
time=2026-08-21T20:35:51.301+02:00 level=INFO msg="No subscribers to send message" pubsub_uuid=YX9tabvHZJCzkgVXpmXZq8 message_uuid=3ac89d29-dd71-41f4-9d7b-2fcd0f38a715 topic=message.EventAssetOCRCompleted
time=2026-08-21T20:35:51.311+02:00 level=INFO msg="starting text extraction for asset" id=da3geeeqbbt3vq4m8m70 filename=da3geeeqbbt3vq4m8m70-zellbiologie_09-pdf
time=2026-08-21T20:35:51.364+02:00 level=INFO msg="text extraction completed successfully" id=da3geeeqbbt3vq4m8m70 text_length=41558 engine=pdf-textlayer
time=2026-08-21T20:35:51.370+02:00 level=WARN msg="failed to process asset for text extraction" id=da3geeeqbbt3vq4m8m70 error="ERROR: invalid byte sequence for encoding \"UTF8\": 0x00 (SQLSTATE 22021)"
time=2026-08-21T20:35:51.378+02:00 level=INFO msg="starting text extraction for asset" id=da3geeeqbbt3vq4m8mk0 filename=da3geeeqbbt3vq4m8mk0-histoii-kurstag1-pdf
time=2026-08-21T20:36:11.382+02:00 level=ERROR msg="text extraction exceeded time budget, abandoning asset to bound memory use" id=da3geeeqbbt3vq4m8mk0 filename=da3geeeqbbt3vq4m8mk0-histoii-kurstag1-pdf timeout=20s
extracted text from 6 assets
one asset exceeded its extraction time budget and was skipped; stopping this run to release its memory. Re-run --phase ocr to continue.
time=2026-08-21T20:36:11.397+02:00 level=INFO msg="configured plugin runtime provider" provider=local
time=2026-08-21T20:36:11.397+02:00 level=INFO msg="configured plugin runtime server url" server_url=http://localhost:8000
=== run 17 Fri Aug 21 20:36:11     2026 ===
time=2026-08-21T20:36:13.629+02:00 level=INFO msg="starting text extraction for asset" id=da3ge3eqbbt3vq4jaor0 filename=da3ge3eqbbt3vq4jaor0-7-halszysten_tbc_sinusitis-pdf
time=2026-08-21T20:36:13.689+02:00 level=WARN msg="pdf text layer extraction failed, will try rasterisation fallback" error="encrypted PDF: invalid password"
time=2026-08-21T20:36:13.739+02:00 level=ERROR msg="text extraction failed for asset" id=da3ge3eqbbt3vq4jaor0 error="pdftoppm execution failed: exit status 1"
time=2026-08-21T20:36:13.747+02:00 level=WARN msg="failed to process asset for text extraction" id=da3ge3eqbbt3vq4jaor0 error="pdftoppm execution failed: exit status 1"
time=2026-08-21T20:36:13.749+02:00 level=INFO msg="starting text extraction for asset" id=da3ge3eqbbt3vq4japc0 filename=da3ge3eqbbt3vq4japc0-entzündungspathologie_i-pdf
time=2026-08-21T20:36:13.754+02:00 level=WARN msg="pdf text layer extraction failed, will try rasterisation fallback" error="encrypted PDF: invalid password"
time=2026-08-21T20:36:13.798+02:00 level=ERROR msg="text extraction failed for asset" id=da3ge3eqbbt3vq4japc0 error="pdftoppm execution failed: exit status 1"
time=2026-08-21T20:36:13.804+02:00 level=WARN msg="failed to process asset for text extraction" id=da3ge3eqbbt3vq4japc0 error="pdftoppm execution failed: exit status 1"
time=2026-08-21T20:36:13.810+02:00 level=INFO msg="starting text extraction for asset" id=da3ge3eqbbt3vq4japm0 filename=da3ge3eqbbt3vq4japm0-haut-pdf
time=2026-08-21T20:36:13.815+02:00 level=WARN msg="pdf text layer extraction failed, will try rasterisation fallback" error="encrypted PDF: invalid password"
time=2026-08-21T20:36:13.861+02:00 level=ERROR msg="text extraction failed for asset" id=da3ge3eqbbt3vq4japm0 error="pdftoppm execution failed: exit status 1"
time=2026-08-21T20:36:13.867+02:00 level=WARN msg="failed to process asset for text extraction" id=da3ge3eqbbt3vq4japm0 error="pdftoppm execution failed: exit status 1"
time=2026-08-21T20:36:13.875+02:00 level=INFO msg="starting text extraction for asset" id=da3ge3eqbbt3vq4jaq10 filename=da3ge3eqbbt3vq4jaq10-herz_kreislauf_i_und_ii-pdf
time=2026-08-21T20:36:13.880+02:00 level=WARN msg="pdf text layer extraction failed, will try rasterisation fallback" error="encrypted PDF: invalid password"
time=2026-08-21T20:36:13.929+02:00 level=ERROR msg="text extraction failed for asset" id=da3ge3eqbbt3vq4jaq10 error="pdftoppm execution failed: exit status 1"
time=2026-08-21T20:36:13.933+02:00 level=WARN msg="failed to process asset for text extraction" id=da3ge3eqbbt3vq4jaq10 error="pdftoppm execution failed: exit status 1"
time=2026-08-21T20:36:13.939+02:00 level=INFO msg="starting text extraction for asset" id=da3ge3eqbbt3vq4jaqd0 filename=da3ge3eqbbt3vq4jaqd0-immunpathologie-pdf
time=2026-08-21T20:36:13.945+02:00 level=WARN msg="pdf text layer extraction failed, will try rasterisation fallback" error="encrypted PDF: invalid password"
time=2026-08-21T20:36:13.992+02:00 level=ERROR msg="text extraction failed for asset" id=da3ge3eqbbt3vq4jaqd0 error="pdftoppm execution failed: exit status 1"
time=2026-08-21T20:36:13.998+02:00 level=WARN msg="failed to process asset for text extraction" id=da3ge3eqbbt3vq4jaqd0 error="pdftoppm execution failed: exit status 1"
time=2026-08-21T20:36:13.999+02:00 level=INFO msg="starting text extraction for asset" id=da3ge3eqbbt3vq4jaqq0 filename=da3ge3eqbbt3vq4jaqq0-oralpathologie-i-pdf-passwort-patho1213-pdf
time=2026-08-21T20:36:14.004+02:00 level=WARN msg="pdf text layer extraction failed, will try rasterisation fallback" error="encrypted PDF: invalid password"
time=2026-08-21T20:36:14.051+02:00 level=ERROR msg="text extraction failed for asset" id=da3ge3eqbbt3vq4jaqq0 error="pdftoppm execution failed: exit status 1"
time=2026-08-21T20:36:14.057+02:00 level=WARN msg="failed to process asset for text extraction" id=da3ge3eqbbt3vq4jaqq0 error="pdftoppm execution failed: exit status 1"
time=2026-08-21T20:36:14.060+02:00 level=INFO msg="starting text extraction for asset" id=da3ge3eqbbt3vq4jar80 filename=da3ge3eqbbt3vq4jar80-oralpathologie-ii-pdf
time=2026-08-21T20:36:14.064+02:00 level=WARN msg="pdf text layer extraction failed, will try rasterisation fallback" error="encrypted PDF: invalid password"
time=2026-08-21T20:36:14.114+02:00 level=ERROR msg="text extraction failed for asset" id=da3ge3eqbbt3vq4jar80 error="pdftoppm execution failed: exit status 1"
time=2026-08-21T20:36:14.121+02:00 level=WARN msg="failed to process asset for text extraction" id=da3ge3eqbbt3vq4jar80 error="pdftoppm execution failed: exit status 1"
time=2026-08-21T20:36:14.127+02:00 level=INFO msg="starting text extraction for asset" id=da3ge3eqbbt3vq4jarn0 filename=da3ge3eqbbt3vq4jarn0-oralpathologie-iii-pdf
time=2026-08-21T20:36:14.131+02:00 level=WARN msg="pdf text layer extraction failed, will try rasterisation fallback" error="encrypted PDF: invalid password"
time=2026-08-21T20:36:14.197+02:00 level=ERROR msg="text extraction failed for asset" id=da3ge3eqbbt3vq4jarn0 error="pdftoppm execution failed: exit status 1"
time=2026-08-21T20:36:14.202+02:00 level=WARN msg="failed to process asset for text extraction" id=da3ge3eqbbt3vq4jarn0 error="pdftoppm execution failed: exit status 1"
time=2026-08-21T20:36:14.208+02:00 level=INFO msg="starting text extraction for asset" id=da3ge3mqbbt3vq4jb0j0 filename=da3ge3mqbbt3vq4jb0j0-pathologie_der_speicheldrüsen-pdf
time=2026-08-21T20:36:14.213+02:00 level=WARN msg="pdf text layer extraction failed, will try rasterisation fallback" error="encrypted PDF: invalid password"
time=2026-08-21T20:36:14.264+02:00 level=ERROR msg="text extraction failed for asset" id=da3ge3mqbbt3vq4jb0j0 error="pdftoppm execution failed: exit status 1"
time=2026-08-21T20:36:14.269+02:00 level=WARN msg="failed to process asset for text extraction" id=da3ge3mqbbt3vq4jb0j0 error="pdftoppm execution failed: exit status 1"
time=2026-08-21T20:36:14.271+02:00 level=INFO msg="starting text extraction for asset" id=da3ge3mqbbt3vq4jb1b0 filename=da3ge3mqbbt3vq4jb1b0-pathologie_der_verdauung-pdf
time=2026-08-21T20:36:14.275+02:00 level=WARN msg="pdf text layer extraction failed, will try rasterisation fallback" error="encrypted PDF: invalid password"
time=2026-08-21T20:36:14.323+02:00 level=ERROR msg="text extraction failed for asset" id=da3ge3mqbbt3vq4jb1b0 error="pdftoppm execution failed: exit status 1"
time=2026-08-21T20:36:14.329+02:00 level=WARN msg="failed to process asset for text extraction" id=da3ge3mqbbt3vq4jb1b0 error="pdftoppm execution failed: exit status 1"
time=2026-08-21T20:36:14.332+02:00 level=INFO msg="starting text extraction for asset" id=da3ge3mqbbt3vq4jb240 filename=da3ge3mqbbt3vq4jb240-schilddrüsenpathologie-pdf
time=2026-08-21T20:36:14.336+02:00 level=WARN msg="pdf text layer extraction failed, will try rasterisation fallback" error="encrypted PDF: invalid password"
time=2026-08-21T20:36:14.386+02:00 level=ERROR msg="text extraction failed for asset" id=da3ge3mqbbt3vq4jb240 error="pdftoppm execution failed: exit status 1"
time=2026-08-21T20:36:14.393+02:00 level=WARN msg="failed to process asset for text extraction" id=da3ge3mqbbt3vq4jb240 error="pdftoppm execution failed: exit status 1"
time=2026-08-21T20:36:14.400+02:00 level=INFO msg="starting text extraction for asset" id=da3ge3mqbbt3vq4jb2u0 filename=da3ge3mqbbt3vq4jb2u0-tonsillen-pdf
time=2026-08-21T20:36:14.406+02:00 level=WARN msg="pdf text layer extraction failed, will try rasterisation fallback" error="encrypted PDF: invalid password"
time=2026-08-21T20:36:14.456+02:00 level=ERROR msg="text extraction failed for asset" id=da3ge3mqbbt3vq4jb2u0 error="pdftoppm execution failed: exit status 1"
time=2026-08-21T20:36:14.461+02:00 level=WARN msg="failed to process asset for text extraction" id=da3ge3mqbbt3vq4jb2u0 error="pdftoppm execution failed: exit status 1"
time=2026-08-21T20:36:14.499+02:00 level=INFO msg="starting text extraction for asset" id=da3ge3mqbbt3vq4jb3p0 filename=da3ge3mqbbt3vq4jb3p0-tumorpathologie-pdf
time=2026-08-21T20:36:14.506+02:00 level=WARN msg="pdf text layer extraction failed, will try rasterisation fallback" error="encrypted PDF: invalid password"
time=2026-08-21T20:36:14.588+02:00 level=ERROR msg="text extraction failed for asset" id=da3ge3mqbbt3vq4jb3p0 error="pdftoppm execution failed: exit status 1"
time=2026-08-21T20:36:14.594+02:00 level=WARN msg="failed to process asset for text extraction" id=da3ge3mqbbt3vq4jb3p0 error="pdftoppm execution failed: exit status 1"
time=2026-08-21T20:36:14.597+02:00 level=INFO msg="starting text extraction for asset" id=da3ge3mqbbt3vq4jb4l0 filename=da3ge3mqbbt3vq4jb4l0-tumorursachen_klassifikation-pdf
time=2026-08-21T20:36:14.601+02:00 level=WARN msg="pdf text layer extraction failed, will try rasterisation fallback" error="encrypted PDF: invalid password"
time=2026-08-21T20:36:14.649+02:00 level=ERROR msg="text extraction failed for asset" id=da3ge3mqbbt3vq4jb4l0 error="pdftoppm execution failed: exit status 1"
time=2026-08-21T20:36:14.654+02:00 level=WARN msg="failed to process asset for text extraction" id=da3ge3mqbbt3vq4jb4l0 error="pdftoppm execution failed: exit status 1"
time=2026-08-21T20:36:14.662+02:00 level=INFO msg="starting text extraction for asset" id=da3geeeqbbt3vq4m8n20 filename=da3geeeqbbt3vq4m8n20-histoii-kurstag2-pdf
time=2026-08-21T20:36:32.778+02:00 level=WARN msg="OCR engine unavailable, skipping asset" id=da3geeeqbbt3vq4m8n20
time=2026-08-21T20:36:32.795+02:00 level=INFO msg="starting text extraction for asset" id=da3geeeqbbt3vq4m8nh0 filename=da3geeeqbbt3vq4m8nh0-histoii-kurstag3-pdf
time=2026-08-21T20:36:52.801+02:00 level=ERROR msg="text extraction exceeded time budget, abandoning asset to bound memory use" id=da3geeeqbbt3vq4m8nh0 filename=da3geeeqbbt3vq4m8nh0-histoii-kurstag3-pdf timeout=20s
extracted text from 1 assets
one asset exceeded its extraction time budget and was skipped; stopping this run to release its memory. Re-run --phase ocr to continue.
time=2026-08-21T20:36:52.810+02:00 level=INFO msg="configured plugin runtime provider" provider=local
time=2026-08-21T20:36:52.810+02:00 level=INFO msg="configured plugin runtime server url" server_url=http://localhost:8000
=== run 18 Fri Aug 21 20:36:53     2026 ===
time=2026-08-21T20:36:55.032+02:00 level=INFO msg="starting text extraction for asset" id=da3ge3eqbbt3vq4jaor0 filename=da3ge3eqbbt3vq4jaor0-7-halszysten_tbc_sinusitis-pdf
time=2026-08-21T20:36:55.089+02:00 level=WARN msg="pdf text layer extraction failed, will try rasterisation fallback" error="encrypted PDF: invalid password"
time=2026-08-21T20:36:55.141+02:00 level=ERROR msg="text extraction failed for asset" id=da3ge3eqbbt3vq4jaor0 error="pdftoppm execution failed: exit status 1"
time=2026-08-21T20:36:55.150+02:00 level=WARN msg="failed to process asset for text extraction" id=da3ge3eqbbt3vq4jaor0 error="pdftoppm execution failed: exit status 1"
time=2026-08-21T20:36:55.153+02:00 level=INFO msg="starting text extraction for asset" id=da3ge3eqbbt3vq4japc0 filename=da3ge3eqbbt3vq4japc0-entzündungspathologie_i-pdf
time=2026-08-21T20:36:55.158+02:00 level=WARN msg="pdf text layer extraction failed, will try rasterisation fallback" error="encrypted PDF: invalid password"
time=2026-08-21T20:36:55.204+02:00 level=ERROR msg="text extraction failed for asset" id=da3ge3eqbbt3vq4japc0 error="pdftoppm execution failed: exit status 1"
time=2026-08-21T20:36:55.210+02:00 level=WARN msg="failed to process asset for text extraction" id=da3ge3eqbbt3vq4japc0 error="pdftoppm execution failed: exit status 1"
time=2026-08-21T20:36:55.216+02:00 level=INFO msg="starting text extraction for asset" id=da3ge3eqbbt3vq4japm0 filename=da3ge3eqbbt3vq4japm0-haut-pdf
time=2026-08-21T20:36:55.221+02:00 level=WARN msg="pdf text layer extraction failed, will try rasterisation fallback" error="encrypted PDF: invalid password"
time=2026-08-21T20:36:55.266+02:00 level=ERROR msg="text extraction failed for asset" id=da3ge3eqbbt3vq4japm0 error="pdftoppm execution failed: exit status 1"
time=2026-08-21T20:36:55.272+02:00 level=WARN msg="failed to process asset for text extraction" id=da3ge3eqbbt3vq4japm0 error="pdftoppm execution failed: exit status 1"
time=2026-08-21T20:36:55.280+02:00 level=INFO msg="starting text extraction for asset" id=da3ge3eqbbt3vq4jaq10 filename=da3ge3eqbbt3vq4jaq10-herz_kreislauf_i_und_ii-pdf
time=2026-08-21T20:36:55.284+02:00 level=WARN msg="pdf text layer extraction failed, will try rasterisation fallback" error="encrypted PDF: invalid password"
time=2026-08-21T20:36:55.333+02:00 level=ERROR msg="text extraction failed for asset" id=da3ge3eqbbt3vq4jaq10 error="pdftoppm execution failed: exit status 1"
time=2026-08-21T20:36:55.338+02:00 level=WARN msg="failed to process asset for text extraction" id=da3ge3eqbbt3vq4jaq10 error="pdftoppm execution failed: exit status 1"
time=2026-08-21T20:36:55.345+02:00 level=INFO msg="starting text extraction for asset" id=da3ge3eqbbt3vq4jaqd0 filename=da3ge3eqbbt3vq4jaqd0-immunpathologie-pdf
time=2026-08-21T20:36:55.350+02:00 level=WARN msg="pdf text layer extraction failed, will try rasterisation fallback" error="encrypted PDF: invalid password"
time=2026-08-21T20:36:55.399+02:00 level=ERROR msg="text extraction failed for asset" id=da3ge3eqbbt3vq4jaqd0 error="pdftoppm execution failed: exit status 1"
time=2026-08-21T20:36:55.404+02:00 level=WARN msg="failed to process asset for text extraction" id=da3ge3eqbbt3vq4jaqd0 error="pdftoppm execution failed: exit status 1"
time=2026-08-21T20:36:55.406+02:00 level=INFO msg="starting text extraction for asset" id=da3ge3eqbbt3vq4jaqq0 filename=da3ge3eqbbt3vq4jaqq0-oralpathologie-i-pdf-passwort-patho1213-pdf
time=2026-08-21T20:36:55.409+02:00 level=WARN msg="pdf text layer extraction failed, will try rasterisation fallback" error="encrypted PDF: invalid password"
time=2026-08-21T20:36:55.463+02:00 level=ERROR msg="text extraction failed for asset" id=da3ge3eqbbt3vq4jaqq0 error="pdftoppm execution failed: exit status 1"
time=2026-08-21T20:36:55.470+02:00 level=WARN msg="failed to process asset for text extraction" id=da3ge3eqbbt3vq4jaqq0 error="pdftoppm execution failed: exit status 1"
time=2026-08-21T20:36:55.473+02:00 level=INFO msg="starting text extraction for asset" id=da3ge3eqbbt3vq4jar80 filename=da3ge3eqbbt3vq4jar80-oralpathologie-ii-pdf
time=2026-08-21T20:36:55.478+02:00 level=WARN msg="pdf text layer extraction failed, will try rasterisation fallback" error="encrypted PDF: invalid password"
time=2026-08-21T20:36:55.528+02:00 level=ERROR msg="text extraction failed for asset" id=da3ge3eqbbt3vq4jar80 error="pdftoppm execution failed: exit status 1"
time=2026-08-21T20:36:55.533+02:00 level=WARN msg="failed to process asset for text extraction" id=da3ge3eqbbt3vq4jar80 error="pdftoppm execution failed: exit status 1"
time=2026-08-21T20:36:55.536+02:00 level=INFO msg="starting text extraction for asset" id=da3ge3eqbbt3vq4jarn0 filename=da3ge3eqbbt3vq4jarn0-oralpathologie-iii-pdf
time=2026-08-21T20:36:55.541+02:00 level=WARN msg="pdf text layer extraction failed, will try rasterisation fallback" error="encrypted PDF: invalid password"
time=2026-08-21T20:36:55.589+02:00 level=ERROR msg="text extraction failed for asset" id=da3ge3eqbbt3vq4jarn0 error="pdftoppm execution failed: exit status 1"
time=2026-08-21T20:36:55.594+02:00 level=WARN msg="failed to process asset for text extraction" id=da3ge3eqbbt3vq4jarn0 error="pdftoppm execution failed: exit status 1"
time=2026-08-21T20:36:55.599+02:00 level=INFO msg="starting text extraction for asset" id=da3ge3mqbbt3vq4jb0j0 filename=da3ge3mqbbt3vq4jb0j0-pathologie_der_speicheldrüsen-pdf
time=2026-08-21T20:36:55.603+02:00 level=WARN msg="pdf text layer extraction failed, will try rasterisation fallback" error="encrypted PDF: invalid password"
time=2026-08-21T20:36:55.649+02:00 level=ERROR msg="text extraction failed for asset" id=da3ge3mqbbt3vq4jb0j0 error="pdftoppm execution failed: exit status 1"
time=2026-08-21T20:36:55.654+02:00 level=WARN msg="failed to process asset for text extraction" id=da3ge3mqbbt3vq4jb0j0 error="pdftoppm execution failed: exit status 1"
time=2026-08-21T20:36:55.656+02:00 level=INFO msg="starting text extraction for asset" id=da3ge3mqbbt3vq4jb1b0 filename=da3ge3mqbbt3vq4jb1b0-pathologie_der_verdauung-pdf
time=2026-08-21T20:36:55.659+02:00 level=WARN msg="pdf text layer extraction failed, will try rasterisation fallback" error="encrypted PDF: invalid password"
time=2026-08-21T20:36:55.709+02:00 level=ERROR msg="text extraction failed for asset" id=da3ge3mqbbt3vq4jb1b0 error="pdftoppm execution failed: exit status 1"
time=2026-08-21T20:36:55.715+02:00 level=WARN msg="failed to process asset for text extraction" id=da3ge3mqbbt3vq4jb1b0 error="pdftoppm execution failed: exit status 1"
time=2026-08-21T20:36:55.719+02:00 level=INFO msg="starting text extraction for asset" id=da3ge3mqbbt3vq4jb240 filename=da3ge3mqbbt3vq4jb240-schilddrüsenpathologie-pdf
time=2026-08-21T20:36:55.724+02:00 level=WARN msg="pdf text layer extraction failed, will try rasterisation fallback" error="encrypted PDF: invalid password"
time=2026-08-21T20:36:55.780+02:00 level=ERROR msg="text extraction failed for asset" id=da3ge3mqbbt3vq4jb240 error="pdftoppm execution failed: exit status 1"
time=2026-08-21T20:36:55.787+02:00 level=WARN msg="failed to process asset for text extraction" id=da3ge3mqbbt3vq4jb240 error="pdftoppm execution failed: exit status 1"
time=2026-08-21T20:36:55.790+02:00 level=INFO msg="starting text extraction for asset" id=da3ge3mqbbt3vq4jb2u0 filename=da3ge3mqbbt3vq4jb2u0-tonsillen-pdf
time=2026-08-21T20:36:55.795+02:00 level=WARN msg="pdf text layer extraction failed, will try rasterisation fallback" error="encrypted PDF: invalid password"
time=2026-08-21T20:36:55.846+02:00 level=ERROR msg="text extraction failed for asset" id=da3ge3mqbbt3vq4jb2u0 error="pdftoppm execution failed: exit status 1"
time=2026-08-21T20:36:55.852+02:00 level=WARN msg="failed to process asset for text extraction" id=da3ge3mqbbt3vq4jb2u0 error="pdftoppm execution failed: exit status 1"
time=2026-08-21T20:36:55.890+02:00 level=INFO msg="starting text extraction for asset" id=da3ge3mqbbt3vq4jb3p0 filename=da3ge3mqbbt3vq4jb3p0-tumorpathologie-pdf
time=2026-08-21T20:36:55.898+02:00 level=WARN msg="pdf text layer extraction failed, will try rasterisation fallback" error="encrypted PDF: invalid password"
time=2026-08-21T20:36:55.985+02:00 level=ERROR msg="text extraction failed for asset" id=da3ge3mqbbt3vq4jb3p0 error="pdftoppm execution failed: exit status 1"
time=2026-08-21T20:36:55.990+02:00 level=WARN msg="failed to process asset for text extraction" id=da3ge3mqbbt3vq4jb3p0 error="pdftoppm execution failed: exit status 1"
time=2026-08-21T20:36:55.992+02:00 level=INFO msg="starting text extraction for asset" id=da3ge3mqbbt3vq4jb4l0 filename=da3ge3mqbbt3vq4jb4l0-tumorursachen_klassifikation-pdf
time=2026-08-21T20:36:55.997+02:00 level=WARN msg="pdf text layer extraction failed, will try rasterisation fallback" error="encrypted PDF: invalid password"
time=2026-08-21T20:36:56.047+02:00 level=ERROR msg="text extraction failed for asset" id=da3ge3mqbbt3vq4jb4l0 error="pdftoppm execution failed: exit status 1"
time=2026-08-21T20:36:56.053+02:00 level=WARN msg="failed to process asset for text extraction" id=da3ge3mqbbt3vq4jb4l0 error="pdftoppm execution failed: exit status 1"
time=2026-08-21T20:36:56.065+02:00 level=INFO msg="starting text extraction for asset" id=da3geeeqbbt3vq4m8o10 filename=da3geeeqbbt3vq4m8o10-histoii-kurstag4-pdf
time=2026-08-21T20:37:16.068+02:00 level=ERROR msg="text extraction exceeded time budget, abandoning asset to bound memory use" id=da3geeeqbbt3vq4m8o10 filename=da3geeeqbbt3vq4m8o10-histoii-kurstag4-pdf timeout=20s
extracted text from 0 assets
one asset exceeded its extraction time budget and was skipped; stopping this run to release its memory. Re-run --phase ocr to continue.
time=2026-08-21T20:37:16.077+02:00 level=INFO msg="configured plugin runtime provider" provider=local
time=2026-08-21T20:37:16.077+02:00 level=INFO msg="configured plugin runtime server url" server_url=http://localhost:8000
=== run 19 Fri Aug 21 20:37:16     2026 ===
time=2026-08-21T20:37:18.392+02:00 level=INFO msg="starting text extraction for asset" id=da3ge3eqbbt3vq4jaor0 filename=da3ge3eqbbt3vq4jaor0-7-halszysten_tbc_sinusitis-pdf
time=2026-08-21T20:37:18.463+02:00 level=WARN msg="pdf text layer extraction failed, will try rasterisation fallback" error="encrypted PDF: invalid password"
time=2026-08-21T20:37:18.514+02:00 level=ERROR msg="text extraction failed for asset" id=da3ge3eqbbt3vq4jaor0 error="pdftoppm execution failed: exit status 1"
time=2026-08-21T20:37:18.521+02:00 level=WARN msg="failed to process asset for text extraction" id=da3ge3eqbbt3vq4jaor0 error="pdftoppm execution failed: exit status 1"
time=2026-08-21T20:37:18.524+02:00 level=INFO msg="starting text extraction for asset" id=da3ge3eqbbt3vq4japc0 filename=da3ge3eqbbt3vq4japc0-entzündungspathologie_i-pdf
time=2026-08-21T20:37:18.527+02:00 level=WARN msg="pdf text layer extraction failed, will try rasterisation fallback" error="encrypted PDF: invalid password"
time=2026-08-21T20:37:18.679+02:00 level=ERROR msg="text extraction failed for asset" id=da3ge3eqbbt3vq4japc0 error="pdftoppm execution failed: exit status 1"
time=2026-08-21T20:37:18.685+02:00 level=WARN msg="failed to process asset for text extraction" id=da3ge3eqbbt3vq4japc0 error="pdftoppm execution failed: exit status 1"
time=2026-08-21T20:37:18.692+02:00 level=INFO msg="starting text extraction for asset" id=da3ge3eqbbt3vq4japm0 filename=da3ge3eqbbt3vq4japm0-haut-pdf
time=2026-08-21T20:37:18.698+02:00 level=WARN msg="pdf text layer extraction failed, will try rasterisation fallback" error="encrypted PDF: invalid password"
time=2026-08-21T20:37:18.749+02:00 level=ERROR msg="text extraction failed for asset" id=da3ge3eqbbt3vq4japm0 error="pdftoppm execution failed: exit status 1"
time=2026-08-21T20:37:18.754+02:00 level=WARN msg="failed to process asset for text extraction" id=da3ge3eqbbt3vq4japm0 error="pdftoppm execution failed: exit status 1"
time=2026-08-21T20:37:18.762+02:00 level=INFO msg="starting text extraction for asset" id=da3ge3eqbbt3vq4jaq10 filename=da3ge3eqbbt3vq4jaq10-herz_kreislauf_i_und_ii-pdf
time=2026-08-21T20:37:18.767+02:00 level=WARN msg="pdf text layer extraction failed, will try rasterisation fallback" error="encrypted PDF: invalid password"
time=2026-08-21T20:37:18.813+02:00 level=ERROR msg="text extraction failed for asset" id=da3ge3eqbbt3vq4jaq10 error="pdftoppm execution failed: exit status 1"
time=2026-08-21T20:37:18.818+02:00 level=WARN msg="failed to process asset for text extraction" id=da3ge3eqbbt3vq4jaq10 error="pdftoppm execution failed: exit status 1"
time=2026-08-21T20:37:18.824+02:00 level=INFO msg="starting text extraction for asset" id=da3ge3eqbbt3vq4jaqd0 filename=da3ge3eqbbt3vq4jaqd0-immunpathologie-pdf
time=2026-08-21T20:37:18.829+02:00 level=WARN msg="pdf text layer extraction failed, will try rasterisation fallback" error="encrypted PDF: invalid password"
time=2026-08-21T20:37:18.873+02:00 level=ERROR msg="text extraction failed for asset" id=da3ge3eqbbt3vq4jaqd0 error="pdftoppm execution failed: exit status 1"
time=2026-08-21T20:37:18.879+02:00 level=WARN msg="failed to process asset for text extraction" id=da3ge3eqbbt3vq4jaqd0 error="pdftoppm execution failed: exit status 1"
time=2026-08-21T20:37:18.880+02:00 level=INFO msg="starting text extraction for asset" id=da3ge3eqbbt3vq4jaqq0 filename=da3ge3eqbbt3vq4jaqq0-oralpathologie-i-pdf-passwort-patho1213-pdf
time=2026-08-21T20:37:18.885+02:00 level=WARN msg="pdf text layer extraction failed, will try rasterisation fallback" error="encrypted PDF: invalid password"
time=2026-08-21T20:37:18.933+02:00 level=ERROR msg="text extraction failed for asset" id=da3ge3eqbbt3vq4jaqq0 error="pdftoppm execution failed: exit status 1"
time=2026-08-21T20:37:18.939+02:00 level=WARN msg="failed to process asset for text extraction" id=da3ge3eqbbt3vq4jaqq0 error="pdftoppm execution failed: exit status 1"
time=2026-08-21T20:37:18.942+02:00 level=INFO msg="starting text extraction for asset" id=da3ge3eqbbt3vq4jar80 filename=da3ge3eqbbt3vq4jar80-oralpathologie-ii-pdf
time=2026-08-21T20:37:18.946+02:00 level=WARN msg="pdf text layer extraction failed, will try rasterisation fallback" error="encrypted PDF: invalid password"
time=2026-08-21T20:37:18.997+02:00 level=ERROR msg="text extraction failed for asset" id=da3ge3eqbbt3vq4jar80 error="pdftoppm execution failed: exit status 1"
time=2026-08-21T20:37:19.002+02:00 level=WARN msg="failed to process asset for text extraction" id=da3ge3eqbbt3vq4jar80 error="pdftoppm execution failed: exit status 1"
time=2026-08-21T20:37:19.006+02:00 level=INFO msg="starting text extraction for asset" id=da3ge3eqbbt3vq4jarn0 filename=da3ge3eqbbt3vq4jarn0-oralpathologie-iii-pdf
time=2026-08-21T20:37:19.011+02:00 level=WARN msg="pdf text layer extraction failed, will try rasterisation fallback" error="encrypted PDF: invalid password"
time=2026-08-21T20:37:19.058+02:00 level=ERROR msg="text extraction failed for asset" id=da3ge3eqbbt3vq4jarn0 error="pdftoppm execution failed: exit status 1"
time=2026-08-21T20:37:19.063+02:00 level=WARN msg="failed to process asset for text extraction" id=da3ge3eqbbt3vq4jarn0 error="pdftoppm execution failed: exit status 1"
time=2026-08-21T20:37:19.068+02:00 level=INFO msg="starting text extraction for asset" id=da3ge3mqbbt3vq4jb0j0 filename=da3ge3mqbbt3vq4jb0j0-pathologie_der_speicheldrüsen-pdf
time=2026-08-21T20:37:19.072+02:00 level=WARN msg="pdf text layer extraction failed, will try rasterisation fallback" error="encrypted PDF: invalid password"
time=2026-08-21T20:37:19.122+02:00 level=ERROR msg="text extraction failed for asset" id=da3ge3mqbbt3vq4jb0j0 error="pdftoppm execution failed: exit status 1"
time=2026-08-21T20:37:19.127+02:00 level=WARN msg="failed to process asset for text extraction" id=da3ge3mqbbt3vq4jb0j0 error="pdftoppm execution failed: exit status 1"
time=2026-08-21T20:37:19.128+02:00 level=INFO msg="starting text extraction for asset" id=da3ge3mqbbt3vq4jb1b0 filename=da3ge3mqbbt3vq4jb1b0-pathologie_der_verdauung-pdf
time=2026-08-21T20:37:19.132+02:00 level=WARN msg="pdf text layer extraction failed, will try rasterisation fallback" error="encrypted PDF: invalid password"
time=2026-08-21T20:37:19.177+02:00 level=ERROR msg="text extraction failed for asset" id=da3ge3mqbbt3vq4jb1b0 error="pdftoppm execution failed: exit status 1"
time=2026-08-21T20:37:19.183+02:00 level=WARN msg="failed to process asset for text extraction" id=da3ge3mqbbt3vq4jb1b0 error="pdftoppm execution failed: exit status 1"
time=2026-08-21T20:37:19.185+02:00 level=INFO msg="starting text extraction for asset" id=da3ge3mqbbt3vq4jb240 filename=da3ge3mqbbt3vq4jb240-schilddrüsenpathologie-pdf
time=2026-08-21T20:37:19.189+02:00 level=WARN msg="pdf text layer extraction failed, will try rasterisation fallback" error="encrypted PDF: invalid password"
time=2026-08-21T20:37:19.236+02:00 level=ERROR msg="text extraction failed for asset" id=da3ge3mqbbt3vq4jb240 error="pdftoppm execution failed: exit status 1"
time=2026-08-21T20:37:19.245+02:00 level=WARN msg="failed to process asset for text extraction" id=da3ge3mqbbt3vq4jb240 error="pdftoppm execution failed: exit status 1"
time=2026-08-21T20:37:19.247+02:00 level=INFO msg="starting text extraction for asset" id=da3ge3mqbbt3vq4jb2u0 filename=da3ge3mqbbt3vq4jb2u0-tonsillen-pdf
time=2026-08-21T20:37:19.251+02:00 level=WARN msg="pdf text layer extraction failed, will try rasterisation fallback" error="encrypted PDF: invalid password"
time=2026-08-21T20:37:19.296+02:00 level=ERROR msg="text extraction failed for asset" id=da3ge3mqbbt3vq4jb2u0 error="pdftoppm execution failed: exit status 1"
time=2026-08-21T20:37:19.302+02:00 level=WARN msg="failed to process asset for text extraction" id=da3ge3mqbbt3vq4jb2u0 error="pdftoppm execution failed: exit status 1"
time=2026-08-21T20:37:19.337+02:00 level=INFO msg="starting text extraction for asset" id=da3ge3mqbbt3vq4jb3p0 filename=da3ge3mqbbt3vq4jb3p0-tumorpathologie-pdf
time=2026-08-21T20:37:19.345+02:00 level=WARN msg="pdf text layer extraction failed, will try rasterisation fallback" error="encrypted PDF: invalid password"
time=2026-08-21T20:37:19.423+02:00 level=ERROR msg="text extraction failed for asset" id=da3ge3mqbbt3vq4jb3p0 error="pdftoppm execution failed: exit status 1"
time=2026-08-21T20:37:19.429+02:00 level=WARN msg="failed to process asset for text extraction" id=da3ge3mqbbt3vq4jb3p0 error="pdftoppm execution failed: exit status 1"
time=2026-08-21T20:37:19.431+02:00 level=INFO msg="starting text extraction for asset" id=da3ge3mqbbt3vq4jb4l0 filename=da3ge3mqbbt3vq4jb4l0-tumorursachen_klassifikation-pdf
time=2026-08-21T20:37:19.435+02:00 level=WARN msg="pdf text layer extraction failed, will try rasterisation fallback" error="encrypted PDF: invalid password"
time=2026-08-21T20:37:19.482+02:00 level=ERROR msg="text extraction failed for asset" id=da3ge3mqbbt3vq4jb4l0 error="pdftoppm execution failed: exit status 1"
time=2026-08-21T20:37:19.486+02:00 level=WARN msg="failed to process asset for text extraction" id=da3ge3mqbbt3vq4jb4l0 error="pdftoppm execution failed: exit status 1"
time=2026-08-21T20:37:19.498+02:00 level=INFO msg="starting text extraction for asset" id=da3geeeqbbt3vq4m8oi0 filename=da3geeeqbbt3vq4m8oi0-histoii-kurstag5-pdf
time=2026-08-21T20:37:39.503+02:00 level=ERROR msg="text extraction exceeded time budget, abandoning asset to bound memory use" id=da3geeeqbbt3vq4m8oi0 filename=da3geeeqbbt3vq4m8oi0-histoii-kurstag5-pdf timeout=20s
extracted text from 0 assets
one asset exceeded its extraction time budget and was skipped; stopping this run to release its memory. Re-run --phase ocr to continue.
time=2026-08-21T20:37:39.517+02:00 level=INFO msg="configured plugin runtime provider" provider=local
time=2026-08-21T20:37:39.517+02:00 level=INFO msg="configured plugin runtime server url" server_url=http://localhost:8000
=== run 20 Fri Aug 21 20:37:39     2026 ===
time=2026-08-21T20:37:41.817+02:00 level=INFO msg="starting text extraction for asset" id=da3ge3eqbbt3vq4jaor0 filename=da3ge3eqbbt3vq4jaor0-7-halszysten_tbc_sinusitis-pdf
time=2026-08-21T20:37:41.885+02:00 level=WARN msg="pdf text layer extraction failed, will try rasterisation fallback" error="encrypted PDF: invalid password"
time=2026-08-21T20:37:41.936+02:00 level=ERROR msg="text extraction failed for asset" id=da3ge3eqbbt3vq4jaor0 error="pdftoppm execution failed: exit status 1"
time=2026-08-21T20:37:41.943+02:00 level=WARN msg="failed to process asset for text extraction" id=da3ge3eqbbt3vq4jaor0 error="pdftoppm execution failed: exit status 1"
time=2026-08-21T20:37:41.946+02:00 level=INFO msg="starting text extraction for asset" id=da3ge3eqbbt3vq4japc0 filename=da3ge3eqbbt3vq4japc0-entzündungspathologie_i-pdf
time=2026-08-21T20:37:41.949+02:00 level=WARN msg="pdf text layer extraction failed, will try rasterisation fallback" error="encrypted PDF: invalid password"
time=2026-08-21T20:37:41.994+02:00 level=ERROR msg="text extraction failed for asset" id=da3ge3eqbbt3vq4japc0 error="pdftoppm execution failed: exit status 1"
time=2026-08-21T20:37:41.999+02:00 level=WARN msg="failed to process asset for text extraction" id=da3ge3eqbbt3vq4japc0 error="pdftoppm execution failed: exit status 1"
time=2026-08-21T20:37:42.005+02:00 level=INFO msg="starting text extraction for asset" id=da3ge3eqbbt3vq4japm0 filename=da3ge3eqbbt3vq4japm0-haut-pdf
time=2026-08-21T20:37:42.011+02:00 level=WARN msg="pdf text layer extraction failed, will try rasterisation fallback" error="encrypted PDF: invalid password"
time=2026-08-21T20:37:42.057+02:00 level=ERROR msg="text extraction failed for asset" id=da3ge3eqbbt3vq4japm0 error="pdftoppm execution failed: exit status 1"
time=2026-08-21T20:37:42.062+02:00 level=WARN msg="failed to process asset for text extraction" id=da3ge3eqbbt3vq4japm0 error="pdftoppm execution failed: exit status 1"
time=2026-08-21T20:37:42.069+02:00 level=INFO msg="starting text extraction for asset" id=da3ge3eqbbt3vq4jaq10 filename=da3ge3eqbbt3vq4jaq10-herz_kreislauf_i_und_ii-pdf
time=2026-08-21T20:37:42.074+02:00 level=WARN msg="pdf text layer extraction failed, will try rasterisation fallback" error="encrypted PDF: invalid password"
time=2026-08-21T20:37:42.136+02:00 level=ERROR msg="text extraction failed for asset" id=da3ge3eqbbt3vq4jaq10 error="pdftoppm execution failed: exit status 1"
time=2026-08-21T20:37:42.140+02:00 level=WARN msg="failed to process asset for text extraction" id=da3ge3eqbbt3vq4jaq10 error="pdftoppm execution failed: exit status 1"
time=2026-08-21T20:37:42.145+02:00 level=INFO msg="starting text extraction for asset" id=da3ge3eqbbt3vq4jaqd0 filename=da3ge3eqbbt3vq4jaqd0-immunpathologie-pdf
time=2026-08-21T20:37:42.150+02:00 level=WARN msg="pdf text layer extraction failed, will try rasterisation fallback" error="encrypted PDF: invalid password"
time=2026-08-21T20:37:42.197+02:00 level=ERROR msg="text extraction failed for asset" id=da3ge3eqbbt3vq4jaqd0 error="pdftoppm execution failed: exit status 1"
time=2026-08-21T20:37:42.202+02:00 level=WARN msg="failed to process asset for text extraction" id=da3ge3eqbbt3vq4jaqd0 error="pdftoppm execution failed: exit status 1"
time=2026-08-21T20:37:42.204+02:00 level=INFO msg="starting text extraction for asset" id=da3ge3eqbbt3vq4jaqq0 filename=da3ge3eqbbt3vq4jaqq0-oralpathologie-i-pdf-passwort-patho1213-pdf
time=2026-08-21T20:37:42.208+02:00 level=WARN msg="pdf text layer extraction failed, will try rasterisation fallback" error="encrypted PDF: invalid password"
time=2026-08-21T20:37:42.246+02:00 level=ERROR msg="text extraction failed for asset" id=da3ge3eqbbt3vq4jaqq0 error="pdftoppm execution failed: exit status 1"
time=2026-08-21T20:37:42.262+02:00 level=WARN msg="failed to process asset for text extraction" id=da3ge3eqbbt3vq4jaqq0 error="pdftoppm execution failed: exit status 1"
time=2026-08-21T20:37:42.266+02:00 level=INFO msg="starting text extraction for asset" id=da3ge3eqbbt3vq4jar80 filename=da3ge3eqbbt3vq4jar80-oralpathologie-ii-pdf
time=2026-08-21T20:37:42.270+02:00 level=WARN msg="pdf text layer extraction failed, will try rasterisation fallback" error="encrypted PDF: invalid password"
time=2026-08-21T20:37:42.316+02:00 level=ERROR msg="text extraction failed for asset" id=da3ge3eqbbt3vq4jar80 error="pdftoppm execution failed: exit status 1"
time=2026-08-21T20:37:42.322+02:00 level=WARN msg="failed to process asset for text extraction" id=da3ge3eqbbt3vq4jar80 error="pdftoppm execution failed: exit status 1"
time=2026-08-21T20:37:42.325+02:00 level=INFO msg="starting text extraction for asset" id=da3ge3eqbbt3vq4jarn0 filename=da3ge3eqbbt3vq4jarn0-oralpathologie-iii-pdf
time=2026-08-21T20:37:42.330+02:00 level=WARN msg="pdf text layer extraction failed, will try rasterisation fallback" error="encrypted PDF: invalid password"
time=2026-08-21T20:37:42.377+02:00 level=ERROR msg="text extraction failed for asset" id=da3ge3eqbbt3vq4jarn0 error="pdftoppm execution failed: exit status 1"
time=2026-08-21T20:37:42.383+02:00 level=WARN msg="failed to process asset for text extraction" id=da3ge3eqbbt3vq4jarn0 error="pdftoppm execution failed: exit status 1"
time=2026-08-21T20:37:42.388+02:00 level=INFO msg="starting text extraction for asset" id=da3ge3mqbbt3vq4jb0j0 filename=da3ge3mqbbt3vq4jb0j0-pathologie_der_speicheldrüsen-pdf
time=2026-08-21T20:37:42.394+02:00 level=WARN msg="pdf text layer extraction failed, will try rasterisation fallback" error="encrypted PDF: invalid password"
time=2026-08-21T20:37:42.444+02:00 level=ERROR msg="text extraction failed for asset" id=da3ge3mqbbt3vq4jb0j0 error="pdftoppm execution failed: exit status 1"
time=2026-08-21T20:37:42.448+02:00 level=WARN msg="failed to process asset for text extraction" id=da3ge3mqbbt3vq4jb0j0 error="pdftoppm execution failed: exit status 1"
time=2026-08-21T20:37:42.449+02:00 level=INFO msg="starting text extraction for asset" id=da3ge3mqbbt3vq4jb1b0 filename=da3ge3mqbbt3vq4jb1b0-pathologie_der_verdauung-pdf
time=2026-08-21T20:37:42.453+02:00 level=WARN msg="pdf text layer extraction failed, will try rasterisation fallback" error="encrypted PDF: invalid password"
time=2026-08-21T20:37:42.497+02:00 level=ERROR msg="text extraction failed for asset" id=da3ge3mqbbt3vq4jb1b0 error="pdftoppm execution failed: exit status 1"
time=2026-08-21T20:37:42.501+02:00 level=WARN msg="failed to process asset for text extraction" id=da3ge3mqbbt3vq4jb1b0 error="pdftoppm execution failed: exit status 1"
time=2026-08-21T20:37:42.504+02:00 level=INFO msg="starting text extraction for asset" id=da3ge3mqbbt3vq4jb240 filename=da3ge3mqbbt3vq4jb240-schilddrüsenpathologie-pdf
time=2026-08-21T20:37:42.508+02:00 level=WARN msg="pdf text layer extraction failed, will try rasterisation fallback" error="encrypted PDF: invalid password"
time=2026-08-21T20:37:42.553+02:00 level=ERROR msg="text extraction failed for asset" id=da3ge3mqbbt3vq4jb240 error="pdftoppm execution failed: exit status 1"
time=2026-08-21T20:37:42.559+02:00 level=WARN msg="failed to process asset for text extraction" id=da3ge3mqbbt3vq4jb240 error="pdftoppm execution failed: exit status 1"
time=2026-08-21T20:37:42.562+02:00 level=INFO msg="starting text extraction for asset" id=da3ge3mqbbt3vq4jb2u0 filename=da3ge3mqbbt3vq4jb2u0-tonsillen-pdf
time=2026-08-21T20:37:42.566+02:00 level=WARN msg="pdf text layer extraction failed, will try rasterisation fallback" error="encrypted PDF: invalid password"
time=2026-08-21T20:37:42.613+02:00 level=ERROR msg="text extraction failed for asset" id=da3ge3mqbbt3vq4jb2u0 error="pdftoppm execution failed: exit status 1"
time=2026-08-21T20:37:42.618+02:00 level=WARN msg="failed to process asset for text extraction" id=da3ge3mqbbt3vq4jb2u0 error="pdftoppm execution failed: exit status 1"
time=2026-08-21T20:37:42.652+02:00 level=INFO msg="starting text extraction for asset" id=da3ge3mqbbt3vq4jb3p0 filename=da3ge3mqbbt3vq4jb3p0-tumorpathologie-pdf
time=2026-08-21T20:37:42.661+02:00 level=WARN msg="pdf text layer extraction failed, will try rasterisation fallback" error="encrypted PDF: invalid password"
time=2026-08-21T20:37:42.740+02:00 level=ERROR msg="text extraction failed for asset" id=da3ge3mqbbt3vq4jb3p0 error="pdftoppm execution failed: exit status 1"
time=2026-08-21T20:37:42.745+02:00 level=WARN msg="failed to process asset for text extraction" id=da3ge3mqbbt3vq4jb3p0 error="pdftoppm execution failed: exit status 1"
time=2026-08-21T20:37:42.747+02:00 level=INFO msg="starting text extraction for asset" id=da3ge3mqbbt3vq4jb4l0 filename=da3ge3mqbbt3vq4jb4l0-tumorursachen_klassifikation-pdf
time=2026-08-21T20:37:42.750+02:00 level=WARN msg="pdf text layer extraction failed, will try rasterisation fallback" error="encrypted PDF: invalid password"
time=2026-08-21T20:37:42.898+02:00 level=ERROR msg="text extraction failed for asset" id=da3ge3mqbbt3vq4jb4l0 error="pdftoppm execution failed: exit status 1"
time=2026-08-21T20:37:42.905+02:00 level=WARN msg="failed to process asset for text extraction" id=da3ge3mqbbt3vq4jb4l0 error="pdftoppm execution failed: exit status 1"
time=2026-08-21T20:37:42.914+02:00 level=INFO msg="starting text extraction for asset" id=da3geeeqbbt3vq4m8p40 filename=da3geeeqbbt3vq4m8p40-histoii-kurstag6-pdf
time=2026-08-21T20:38:02.919+02:00 level=ERROR msg="text extraction exceeded time budget, abandoning asset to bound memory use" id=da3geeeqbbt3vq4m8p40 filename=da3geeeqbbt3vq4m8p40-histoii-kurstag6-pdf timeout=20s
extracted text from 0 assets
one asset exceeded its extraction time budget and was skipped; stopping this run to release its memory. Re-run --phase ocr to continue.
time=2026-08-21T20:38:02.927+02:00 level=INFO msg="configured plugin runtime provider" provider=local
time=2026-08-21T20:38:02.927+02:00 level=INFO msg="configured plugin runtime server url" server_url=http://localhost:8000
=== run 21 Fri Aug 21 20:38:03     2026 ===
time=2026-08-21T20:38:05.232+02:00 level=INFO msg="starting text extraction for asset" id=da3ge3eqbbt3vq4jaor0 filename=da3ge3eqbbt3vq4jaor0-7-halszysten_tbc_sinusitis-pdf
time=2026-08-21T20:38:05.302+02:00 level=WARN msg="pdf text layer extraction failed, will try rasterisation fallback" error="encrypted PDF: invalid password"
time=2026-08-21T20:38:05.356+02:00 level=ERROR msg="text extraction failed for asset" id=da3ge3eqbbt3vq4jaor0 error="pdftoppm execution failed: exit status 1"
time=2026-08-21T20:38:05.362+02:00 level=WARN msg="failed to process asset for text extraction" id=da3ge3eqbbt3vq4jaor0 error="pdftoppm execution failed: exit status 1"
time=2026-08-21T20:38:05.365+02:00 level=INFO msg="starting text extraction for asset" id=da3ge3eqbbt3vq4japc0 filename=da3ge3eqbbt3vq4japc0-entzündungspathologie_i-pdf
time=2026-08-21T20:38:05.369+02:00 level=WARN msg="pdf text layer extraction failed, will try rasterisation fallback" error="encrypted PDF: invalid password"
time=2026-08-21T20:38:05.421+02:00 level=ERROR msg="text extraction failed for asset" id=da3ge3eqbbt3vq4japc0 error="pdftoppm execution failed: exit status 1"
time=2026-08-21T20:38:05.426+02:00 level=WARN msg="failed to process asset for text extraction" id=da3ge3eqbbt3vq4japc0 error="pdftoppm execution failed: exit status 1"
time=2026-08-21T20:38:05.431+02:00 level=INFO msg="starting text extraction for asset" id=da3ge3eqbbt3vq4japm0 filename=da3ge3eqbbt3vq4japm0-haut-pdf
time=2026-08-21T20:38:05.435+02:00 level=WARN msg="pdf text layer extraction failed, will try rasterisation fallback" error="encrypted PDF: invalid password"
time=2026-08-21T20:38:05.482+02:00 level=ERROR msg="text extraction failed for asset" id=da3ge3eqbbt3vq4japm0 error="pdftoppm execution failed: exit status 1"
time=2026-08-21T20:38:05.487+02:00 level=WARN msg="failed to process asset for text extraction" id=da3ge3eqbbt3vq4japm0 error="pdftoppm execution failed: exit status 1"
time=2026-08-21T20:38:05.495+02:00 level=INFO msg="starting text extraction for asset" id=da3ge3eqbbt3vq4jaq10 filename=da3ge3eqbbt3vq4jaq10-herz_kreislauf_i_und_ii-pdf
time=2026-08-21T20:38:05.500+02:00 level=WARN msg="pdf text layer extraction failed, will try rasterisation fallback" error="encrypted PDF: invalid password"
time=2026-08-21T20:38:05.547+02:00 level=ERROR msg="text extraction failed for asset" id=da3ge3eqbbt3vq4jaq10 error="pdftoppm execution failed: exit status 1"
time=2026-08-21T20:38:05.552+02:00 level=WARN msg="failed to process asset for text extraction" id=da3ge3eqbbt3vq4jaq10 error="pdftoppm execution failed: exit status 1"
time=2026-08-21T20:38:05.558+02:00 level=INFO msg="starting text extraction for asset" id=da3ge3eqbbt3vq4jaqd0 filename=da3ge3eqbbt3vq4jaqd0-immunpathologie-pdf
time=2026-08-21T20:38:05.563+02:00 level=WARN msg="pdf text layer extraction failed, will try rasterisation fallback" error="encrypted PDF: invalid password"
time=2026-08-21T20:38:05.610+02:00 level=ERROR msg="text extraction failed for asset" id=da3ge3eqbbt3vq4jaqd0 error="pdftoppm execution failed: exit status 1"
time=2026-08-21T20:38:05.615+02:00 level=WARN msg="failed to process asset for text extraction" id=da3ge3eqbbt3vq4jaqd0 error="pdftoppm execution failed: exit status 1"
time=2026-08-21T20:38:05.617+02:00 level=INFO msg="starting text extraction for asset" id=da3ge3eqbbt3vq4jaqq0 filename=da3ge3eqbbt3vq4jaqq0-oralpathologie-i-pdf-passwort-patho1213-pdf
time=2026-08-21T20:38:05.622+02:00 level=WARN msg="pdf text layer extraction failed, will try rasterisation fallback" error="encrypted PDF: invalid password"
time=2026-08-21T20:38:05.667+02:00 level=ERROR msg="text extraction failed for asset" id=da3ge3eqbbt3vq4jaqq0 error="pdftoppm execution failed: exit status 1"
time=2026-08-21T20:38:05.673+02:00 level=WARN msg="failed to process asset for text extraction" id=da3ge3eqbbt3vq4jaqq0 error="pdftoppm execution failed: exit status 1"
time=2026-08-21T20:38:05.677+02:00 level=INFO msg="starting text extraction for asset" id=da3ge3eqbbt3vq4jar80 filename=da3ge3eqbbt3vq4jar80-oralpathologie-ii-pdf
time=2026-08-21T20:38:05.681+02:00 level=WARN msg="pdf text layer extraction failed, will try rasterisation fallback" error="encrypted PDF: invalid password"
time=2026-08-21T20:38:05.728+02:00 level=ERROR msg="text extraction failed for asset" id=da3ge3eqbbt3vq4jar80 error="pdftoppm execution failed: exit status 1"
time=2026-08-21T20:38:05.733+02:00 level=WARN msg="failed to process asset for text extraction" id=da3ge3eqbbt3vq4jar80 error="pdftoppm execution failed: exit status 1"
time=2026-08-21T20:38:05.736+02:00 level=INFO msg="starting text extraction for asset" id=da3ge3eqbbt3vq4jarn0 filename=da3ge3eqbbt3vq4jarn0-oralpathologie-iii-pdf
time=2026-08-21T20:38:05.742+02:00 level=WARN msg="pdf text layer extraction failed, will try rasterisation fallback" error="encrypted PDF: invalid password"
time=2026-08-21T20:38:05.791+02:00 level=ERROR msg="text extraction failed for asset" id=da3ge3eqbbt3vq4jarn0 error="pdftoppm execution failed: exit status 1"
time=2026-08-21T20:38:05.796+02:00 level=WARN msg="failed to process asset for text extraction" id=da3ge3eqbbt3vq4jarn0 error="pdftoppm execution failed: exit status 1"
time=2026-08-21T20:38:05.800+02:00 level=INFO msg="starting text extraction for asset" id=da3ge3mqbbt3vq4jb0j0 filename=da3ge3mqbbt3vq4jb0j0-pathologie_der_speicheldrüsen-pdf
time=2026-08-21T20:38:05.804+02:00 level=WARN msg="pdf text layer extraction failed, will try rasterisation fallback" error="encrypted PDF: invalid password"
time=2026-08-21T20:38:05.851+02:00 level=ERROR msg="text extraction failed for asset" id=da3ge3mqbbt3vq4jb0j0 error="pdftoppm execution failed: exit status 1"
time=2026-08-21T20:38:05.857+02:00 level=WARN msg="failed to process asset for text extraction" id=da3ge3mqbbt3vq4jb0j0 error="pdftoppm execution failed: exit status 1"
time=2026-08-21T20:38:05.858+02:00 level=INFO msg="starting text extraction for asset" id=da3ge3mqbbt3vq4jb1b0 filename=da3ge3mqbbt3vq4jb1b0-pathologie_der_verdauung-pdf
time=2026-08-21T20:38:05.861+02:00 level=WARN msg="pdf text layer extraction failed, will try rasterisation fallback" error="encrypted PDF: invalid password"
time=2026-08-21T20:38:05.910+02:00 level=ERROR msg="text extraction failed for asset" id=da3ge3mqbbt3vq4jb1b0 error="pdftoppm execution failed: exit status 1"
time=2026-08-21T20:38:05.915+02:00 level=WARN msg="failed to process asset for text extraction" id=da3ge3mqbbt3vq4jb1b0 error="pdftoppm execution failed: exit status 1"
time=2026-08-21T20:38:05.918+02:00 level=INFO msg="starting text extraction for asset" id=da3ge3mqbbt3vq4jb240 filename=da3ge3mqbbt3vq4jb240-schilddrüsenpathologie-pdf
time=2026-08-21T20:38:05.922+02:00 level=WARN msg="pdf text layer extraction failed, will try rasterisation fallback" error="encrypted PDF: invalid password"
time=2026-08-21T20:38:06.088+02:00 level=ERROR msg="text extraction failed for asset" id=da3ge3mqbbt3vq4jb240 error="pdftoppm execution failed: exit status 1"
time=2026-08-21T20:38:06.094+02:00 level=WARN msg="failed to process asset for text extraction" id=da3ge3mqbbt3vq4jb240 error="pdftoppm execution failed: exit status 1"
time=2026-08-21T20:38:06.097+02:00 level=INFO msg="starting text extraction for asset" id=da3ge3mqbbt3vq4jb2u0 filename=da3ge3mqbbt3vq4jb2u0-tonsillen-pdf
time=2026-08-21T20:38:06.101+02:00 level=WARN msg="pdf text layer extraction failed, will try rasterisation fallback" error="encrypted PDF: invalid password"
time=2026-08-21T20:38:06.147+02:00 level=ERROR msg="text extraction failed for asset" id=da3ge3mqbbt3vq4jb2u0 error="pdftoppm execution failed: exit status 1"
time=2026-08-21T20:38:06.152+02:00 level=WARN msg="failed to process asset for text extraction" id=da3ge3mqbbt3vq4jb2u0 error="pdftoppm execution failed: exit status 1"
time=2026-08-21T20:38:06.187+02:00 level=INFO msg="starting text extraction for asset" id=da3ge3mqbbt3vq4jb3p0 filename=da3ge3mqbbt3vq4jb3p0-tumorpathologie-pdf
time=2026-08-21T20:38:06.195+02:00 level=WARN msg="pdf text layer extraction failed, will try rasterisation fallback" error="encrypted PDF: invalid password"
time=2026-08-21T20:38:06.272+02:00 level=ERROR msg="text extraction failed for asset" id=da3ge3mqbbt3vq4jb3p0 error="pdftoppm execution failed: exit status 1"
time=2026-08-21T20:38:06.277+02:00 level=WARN msg="failed to process asset for text extraction" id=da3ge3mqbbt3vq4jb3p0 error="pdftoppm execution failed: exit status 1"
time=2026-08-21T20:38:06.279+02:00 level=INFO msg="starting text extraction for asset" id=da3ge3mqbbt3vq4jb4l0 filename=da3ge3mqbbt3vq4jb4l0-tumorursachen_klassifikation-pdf
time=2026-08-21T20:38:06.283+02:00 level=WARN msg="pdf text layer extraction failed, will try rasterisation fallback" error="encrypted PDF: invalid password"
time=2026-08-21T20:38:06.326+02:00 level=ERROR msg="text extraction failed for asset" id=da3ge3mqbbt3vq4jb4l0 error="pdftoppm execution failed: exit status 1"
time=2026-08-21T20:38:06.332+02:00 level=WARN msg="failed to process asset for text extraction" id=da3ge3mqbbt3vq4jb4l0 error="pdftoppm execution failed: exit status 1"
time=2026-08-21T20:38:06.342+02:00 level=INFO msg="starting text extraction for asset" id=da3geeeqbbt3vq4m8pn0 filename=da3geeeqbbt3vq4m8pn0-histoii-kurstag7-pdf
time=2026-08-21T20:38:06.349+02:00 level=INFO msg="text extraction completed successfully" id=da3geeeqbbt3vq4m8pn0 text_length=6527 engine=pdf-textlayer
time=2026-08-21T20:38:06.353+02:00 level=INFO msg="No subscribers to send message" pubsub_uuid=L2QKTyueW7ootXcPC7BSQL message_uuid=a1ac6383-cd7c-4f89-b2b6-30bdf12cacf1 topic=message.EventAssetOCRCompleted
time=2026-08-21T20:38:06.360+02:00 level=INFO msg="starting text extraction for asset" id=da3geeeqbbt3vq4m8qb0 filename=da3geeeqbbt3vq4m8qb0-immunologie-ws11-witzgall-pdf
time=2026-08-21T20:38:06.383+02:00 level=INFO msg="text extraction completed successfully" id=da3geeeqbbt3vq4m8qb0 text_length=32892 engine=pdf-textlayer
time=2026-08-21T20:38:06.390+02:00 level=INFO msg="No subscribers to send message" pubsub_uuid=L2QKTyueW7ootXcPC7BSQL topic=message.EventAssetOCRCompleted message_uuid=7a01fd98-0c2e-43a7-91ab-3086e612cd04
time=2026-08-21T20:38:06.402+02:00 level=INFO msg="starting text extraction for asset" id=da3geeeqbbt3vq4m8r00 filename=da3geeeqbbt3vq4m8r00-respirationstrakt-ws11-witzgall-pdf
time=2026-08-21T20:38:06.411+02:00 level=INFO msg="text extraction completed successfully" id=da3geeeqbbt3vq4m8r00 text_length=10845 engine=pdf-textlayer
time=2026-08-21T20:38:06.415+02:00 level=INFO msg="No subscribers to send message" pubsub_uuid=L2QKTyueW7ootXcPC7BSQL message_uuid=a391ecd2-214b-4df8-b3c2-f55bf64835aa topic=message.EventAssetOCRCompleted
time=2026-08-21T20:38:06.443+02:00 level=INFO msg="starting text extraction for asset" id=da3geeeqbbt3vq4m8rm0 filename=da3geeeqbbt3vq4m8rm0-verdauungstrakt-ws11-witzgall-pdf
time=2026-08-21T20:38:06.481+02:00 level=INFO msg="text extraction completed successfully" id=da3geeeqbbt3vq4m8rm0 text_length=46668 engine=pdf-textlayer
time=2026-08-21T20:38:06.490+02:00 level=INFO msg="No subscribers to send message" pubsub_uuid=L2QKTyueW7ootXcPC7BSQL message_uuid=9dbcc48c-247a-4bad-9c05-b9c466aac39e topic=message.EventAssetOCRCompleted
time=2026-08-21T20:38:06.491+02:00 level=WARN msg="skipping OCR processing because file exceeds size limit" id=da3geeeqbbt3vq4m8sd0 size=211676911
time=2026-08-21T20:38:06.504+02:00 level=INFO msg="starting text extraction for asset" id=da3geemqbbt3vq4m8tu0 filename=da3geemqbbt3vq4m8tu0-medilearn-histologie-ergänzungen-pdf
time=2026-08-21T20:38:06.511+02:00 level=INFO msg="text extraction completed successfully" id=da3geemqbbt3vq4m8tu0 text_length=10219 engine=pdf-textlayer
time=2026-08-21T20:38:06.515+02:00 level=INFO msg="No subscribers to send message" pubsub_uuid=L2QKTyueW7ootXcPC7BSQL message_uuid=030a1d76-3856-4be9-bdb2-8a15ead9ef23 topic=message.EventAssetOCRCompleted
time=2026-08-21T20:38:06.530+02:00 level=INFO msg="starting text extraction for asset" id=da3geemqbbt3vq4m8uo0 filename=da3geemqbbt3vq4m8uo0-medilearn-histologie-1-pdf
time=2026-08-21T20:38:06.588+02:00 level=INFO msg="text extraction completed successfully" id=da3geemqbbt3vq4m8uo0 text_length=100443 engine=pdf-textlayer
time=2026-08-21T20:38:06.599+02:00 level=INFO msg="No subscribers to send message" pubsub_uuid=L2QKTyueW7ootXcPC7BSQL message_uuid=ff65ea45-bb74-4f39-b585-d79bac0a3d90 topic=message.EventAssetOCRCompleted
time=2026-08-21T20:38:06.614+02:00 level=INFO msg="starting text extraction for asset" id=da3geemqbbt3vq4m8vj0 filename=da3geemqbbt3vq4m8vj0-medilearn-histologie-2-pdf
time=2026-08-21T20:38:06.690+02:00 level=INFO msg="text extraction completed successfully" id=da3geemqbbt3vq4m8vj0 text_length=149421 engine=pdf-textlayer
time=2026-08-21T20:38:06.708+02:00 level=INFO msg="No subscribers to send message" pubsub_uuid=L2QKTyueW7ootXcPC7BSQL topic=message.EventAssetOCRCompleted message_uuid=4461d2a1-7515-4645-adde-86b6d3b58a64
time=2026-08-21T20:38:06.725+02:00 level=INFO msg="starting text extraction for asset" id=da3geemqbbt3vq4m90f0 filename=da3geemqbbt3vq4m90f0-biologie-pdf
time=2026-08-21T20:38:06.880+02:00 level=INFO msg="text extraction completed successfully" id=da3geemqbbt3vq4m90f0 text_length=189574 engine=pdf-textlayer
time=2026-08-21T20:38:06.894+02:00 level=INFO msg="No subscribers to send message" pubsub_uuid=L2QKTyueW7ootXcPC7BSQL message_uuid=e1301abd-4b93-4494-ae57-0d0b21539a28 topic=message.EventAssetOCRCompleted
time=2026-08-21T20:38:06.900+02:00 level=INFO msg="starting text extraction for asset" id=da3geemqbbt3vq4m90m0 filename=da3geemqbbt3vq4m90m0-chemie-pdf
time=2026-08-21T20:38:06.993+02:00 level=INFO msg="text extraction completed successfully" id=da3geemqbbt3vq4m90m0 text_length=109898 engine=pdf-textlayer
time=2026-08-21T20:38:07.005+02:00 level=INFO msg="No subscribers to send message" pubsub_uuid=L2QKTyueW7ootXcPC7BSQL message_uuid=e2022a8f-2524-44f2-b29b-20674a941035 topic=message.EventAssetOCRCompleted
time=2026-08-21T20:38:07.011+02:00 level=INFO msg="starting text extraction for asset" id=da3geemqbbt3vq4m90u0 filename=da3geemqbbt3vq4m90u0-physik-pdf
time=2026-08-21T20:38:07.086+02:00 level=INFO msg="text extraction completed successfully" id=da3geemqbbt3vq4m90u0 text_length=95956 engine=pdf-textlayer
time=2026-08-21T20:38:07.097+02:00 level=INFO msg="No subscribers to send message" pubsub_uuid=L2QKTyueW7ootXcPC7BSQL message_uuid=af3677a0-3c90-4c27-bb5d-2d3015e9321f topic=message.EventAssetOCRCompleted
time=2026-08-21T20:38:07.202+02:00 level=INFO msg="starting text extraction for asset" id=da3geemqbbt3vq4m9170 filename=da3geemqbbt3vq4m9170-neuroanatomie-zusammenfassung-pdf
time=2026-08-21T20:38:13.123+02:00 level=WARN msg="OCR engine unavailable, skipping asset" id=da3geemqbbt3vq4m9170
time=2026-08-21T20:38:13.162+02:00 level=INFO msg="starting text extraction for asset" id=da3geemqbbt3vq4m91l0 filename=da3geemqbbt3vq4m91l0-kleines-handbuch-dr-kirschneck-pdf
time=2026-08-21T20:38:13.257+02:00 level=INFO msg="text extraction completed successfully" id=da3geemqbbt3vq4m91l0 text_length=87900 engine=pdf-textlayer
time=2026-08-21T20:38:13.273+02:00 level=INFO msg="No subscribers to send message" pubsub_uuid=L2QKTyueW7ootXcPC7BSQL message_uuid=10ec2821-50d5-4e24-a766-37635f4d7461 topic=message.EventAssetOCRCompleted
time=2026-08-21T20:38:13.277+02:00 level=INFO msg="starting text extraction for asset" id=da3geemqbbt3vq4m91t0 filename=da3geemqbbt3vq4m91t0-materialliste-pdf
time=2026-08-21T20:38:13.281+02:00 level=INFO msg="text extraction completed successfully" id=da3geemqbbt3vq4m91t0 text_length=286 engine=pdf-textlayer
time=2026-08-21T20:38:13.284+02:00 level=INFO msg="No subscribers to send message" pubsub_uuid=L2QKTyueW7ootXcPC7BSQL message_uuid=aa37da30-f64a-4a9d-898f-2aee065cf3a1 topic=message.EventAssetOCRCompleted
time=2026-08-21T20:38:13.291+02:00 level=INFO msg="starting text extraction for asset" id=da3geemqbbt3vq4m9260 filename=da3geemqbbt3vq4m9260-blendgold_03-pdf
time=2026-08-21T20:38:20.850+02:00 level=WARN msg="OCR engine unavailable, skipping asset" id=da3geemqbbt3vq4m9260
time=2026-08-21T20:38:20.867+02:00 level=INFO msg="starting text extraction for asset" id=da3geemqbbt3vq4m92g0 filename=da3geemqbbt3vq4m92g0-das_1x1_der_modernen_fraestechnik_03-pdf
time=2026-08-21T20:38:27.953+02:00 level=WARN msg="OCR engine unavailable, skipping asset" id=da3geemqbbt3vq4m92g0
time=2026-08-21T20:38:27.985+02:00 level=INFO msg="starting text extraction for asset" id=da3geemqbbt3vq4m92r0 filename=da3geemqbbt3vq4m92r0-das_heraeus_modellguss-system_03-pdf
time=2026-08-21T20:38:34.721+02:00 level=WARN msg="OCR engine unavailable, skipping asset" id=da3geemqbbt3vq4m92r0
time=2026-08-21T20:38:34.755+02:00 level=INFO msg="starting text extraction for asset" id=da3geemqbbt3vq4m9370 filename=da3geemqbbt3vq4m9370-der_passgenaue_dentalguss_03-pdf
time=2026-08-21T20:38:41.845+02:00 level=WARN msg="OCR engine unavailable, skipping asset" id=da3geemqbbt3vq4m9370
time=2026-08-21T20:38:41.867+02:00 level=INFO msg="starting text extraction for asset" id=da3geemqbbt3vq4m93k0 filename=da3geemqbbt3vq4m93k0-edelmetall-aufbrennlegierung_legierungen_03-pdf
time=2026-08-21T20:38:48.493+02:00 level=WARN msg="OCR engine unavailable, skipping asset" id=da3geemqbbt3vq4m93k0
time=2026-08-21T20:38:48.519+02:00 level=INFO msg="starting text extraction for asset" id=da3geemqbbt3vq4m9420 filename=da3geemqbbt3vq4m9420-edelmetall_scheidung_03-pdf
time=2026-08-21T20:38:58.454+02:00 level=WARN msg="OCR engine unavailable, skipping asset" id=da3geemqbbt3vq4m9420
time=2026-08-21T20:38:58.484+02:00 level=INFO msg="starting text extraction for asset" id=da3geemqbbt3vq4m94h0 filename=da3geemqbbt3vq4m94h0-edelmetalldentallegierungen_03-pdf
time=2026-08-21T20:39:07.046+02:00 level=WARN msg="OCR engine unavailable, skipping asset" id=da3geemqbbt3vq4m94h0
time=2026-08-21T20:39:07.072+02:00 level=INFO msg="starting text extraction for asset" id=da3geemqbbt3vq4m9510 filename=da3geemqbbt3vq4m9510-einfuehrung_die_fraestechnik_03-pdf
time=2026-08-21T20:39:15.444+02:00 level=WARN msg="OCR engine unavailable, skipping asset" id=da3geemqbbt3vq4m9510
time=2026-08-21T20:39:15.468+02:00 level=INFO msg="starting text extraction for asset" id=da3geemqbbt3vq4m95i0 filename=da3geemqbbt3vq4m95i0-einfuehrung_in_die_aufwachstechnik_von_1986_03-pdf
time=2026-08-21T20:39:22.264+02:00 level=WARN msg="OCR engine unavailable, skipping asset" id=da3geemqbbt3vq4m95i0
time=2026-08-21T20:39:22.295+02:00 level=INFO msg="starting text extraction for asset" id=da3geemqbbt3vq4m9640 filename=da3geemqbbt3vq4m9640-einfuehrung_in_die_aufwachstechnik_von_1995_02-pdf
time=2026-08-21T20:39:29.743+02:00 level=WARN msg="OCR engine unavailable, skipping asset" id=da3geemqbbt3vq4m9640
time=2026-08-21T20:39:29.768+02:00 level=INFO msg="starting text extraction for asset" id=da3geeuqbbt3vq4m96n0 filename=da3geeuqbbt3vq4m96n0-giessen_in_der_zahntechnik-_ein_gussfehleratlas_03-pdf
time=2026-08-21T20:39:35.041+02:00 level=WARN msg="OCR engine unavailable, skipping asset" id=da3geeuqbbt3vq4m96n0
time=2026-08-21T20:39:35.061+02:00 level=INFO msg="starting text extraction for asset" id=da3geeuqbbt3vq4m97b0 filename=da3geeuqbbt3vq4m97b0-heraeus_ankersystem_03-pdf
time=2026-08-21T20:39:43.468+02:00 level=WARN msg="OCR engine unavailable, skipping asset" id=da3geeuqbbt3vq4m97b0
time=2026-08-21T20:39:43.497+02:00 level=INFO msg="starting text extraction for asset" id=da3geeuqbbt3vq4m9800 filename=da3geeuqbbt3vq4m9800-inlay-onlay_technik_03-pdf
time=2026-08-21T20:39:50.765+02:00 level=WARN msg="OCR engine unavailable, skipping asset" id=da3geeuqbbt3vq4m9800
time=2026-08-21T20:39:50.793+02:00 level=INFO msg="starting text extraction for asset" id=da3geeuqbbt3vq4m98m0 filename=da3geeuqbbt3vq4m98m0-loeten_03-pdf
time=2026-08-21T20:39:58.085+02:00 level=WARN msg="OCR engine unavailable, skipping asset" id=da3geeuqbbt3vq4m98m0
time=2026-08-21T20:39:58.118+02:00 level=INFO msg="starting text extraction for asset" id=da3geeuqbbt3vq4m99d0 filename=da3geeuqbbt3vq4m99d0-modellherstellung_03-pdf
time=2026-08-21T20:40:04.534+02:00 level=WARN msg="OCR engine unavailable, skipping asset" id=da3geeuqbbt3vq4m99d0
time=2026-08-21T20:40:04.563+02:00 level=INFO msg="starting text extraction for asset" id=da3geeuqbbt3vq4m9a50 filename=da3geeuqbbt3vq4m9a50-naturgemaesse_aufwachstechnik_03-pdf
time=2026-08-21T20:40:10.614+02:00 level=WARN msg="OCR engine unavailable, skipping asset" id=da3geeuqbbt3vq4m9a50
time=2026-08-21T20:40:10.631+02:00 level=INFO msg="starting text extraction for asset" id=da3geeuqbbt3vq4m9au0 filename=da3geeuqbbt3vq4m9au0-schwenkriegel-drehriegel_bausatz_03-pdf
time=2026-08-21T20:40:20.247+02:00 level=WARN msg="OCR engine unavailable, skipping asset" id=da3geeuqbbt3vq4m9au0
time=2026-08-21T20:40:20.275+02:00 level=INFO msg="starting text extraction for asset" id=da3geeuqbbt3vq4m9bo0 filename=da3geeuqbbt3vq4m9bo0-verarbeitungsfehler_erkennen_und_vermeiden_03-pdf
time=2026-08-21T20:40:28.258+02:00 level=WARN msg="OCR engine unavailable, skipping asset" id=da3geeuqbbt3vq4m9bo0
time=2026-08-21T20:40:28.291+02:00 level=INFO msg="starting text extraction for asset" id=da3geeuqbbt3vq4m9cj0 filename=da3geeuqbbt3vq4m9cj0-verbindungstechniken_03-pdf
time=2026-08-21T20:40:35.350+02:00 level=WARN msg="OCR engine unavailable, skipping asset" id=da3geeuqbbt3vq4m9cj0
time=2026-08-21T20:40:35.369+02:00 level=INFO msg="starting text extraction for asset" id=da3geeuqbbt3vq4m9df0 filename=da3geeuqbbt3vq4m9df0-tpk-aufwachsfiebel-pdf
time=2026-08-21T20:40:38.026+02:00 level=INFO msg="text extraction completed successfully" id=da3geeuqbbt3vq4m9df0 text_length=40246 engine=pdf-textlayer-weak
time=2026-08-21T20:40:38.035+02:00 level=INFO msg="No subscribers to send message" pubsub_uuid=L2QKTyueW7ootXcPC7BSQL message_uuid=829d498b-67d1-4dce-8ec7-a9530a9dae4e topic=message.EventAssetOCRCompleted
time=2026-08-21T20:40:38.124+02:00 level=INFO msg="starting text extraction for asset" id=da3geeuqbbt3vq4m9fa0 filename=da3geeuqbbt3vq4m9fa0-tpk-skript-dr-zeiser-pdf
time=2026-08-21T20:40:38.141+02:00 level=INFO msg="text extraction completed successfully" id=da3geeuqbbt3vq4m9fa0 text_length=43681 engine=pdf-textlayer
time=2026-08-21T20:40:38.146+02:00 level=INFO msg="No subscribers to send message" pubsub_uuid=L2QKTyueW7ootXcPC7BSQL message_uuid=bf5f1813-6ea1-4023-b832-b34c420c3236 topic=message.EventAssetOCRCompleted
time=2026-08-21T20:40:38.151+02:00 level=INFO msg="starting text extraction for asset" id=da3geeuqbbt3vq4m9g90 filename=da3geeuqbbt3vq4m9g90-tpk-zusammenfassung-2016-pdf
time=2026-08-21T20:40:38.220+02:00 level=INFO msg="text extraction completed successfully" id=da3geeuqbbt3vq4m9g90 text_length=78141 engine=pdf-textlayer
time=2026-08-21T20:40:38.229+02:00 level=INFO msg="No subscribers to send message" pubsub_uuid=L2QKTyueW7ootXcPC7BSQL message_uuid=83314ac0-63ed-4b07-a083-bc632c6630c5 topic=message.EventAssetOCRCompleted
time=2026-08-21T20:40:38.235+02:00 level=INFO msg="starting text extraction for asset" id=da3geeuqbbt3vq4m9ia0 filename=da3geeuqbbt3vq4m9ia0-ccf06052008_00000-jpg
time=2026-08-21T20:40:38.238+02:00 level=WARN msg="OCR engine unavailable, skipping asset" id=da3geeuqbbt3vq4m9ia0
time=2026-08-21T20:40:38.243+02:00 level=INFO msg="starting text extraction for asset" id=da3geeuqbbt3vq4m9jc0 filename=da3geeuqbbt3vq4m9jc0-ccf06052008_00001-jpg
time=2026-08-21T20:40:38.246+02:00 level=WARN msg="OCR engine unavailable, skipping asset" id=da3geeuqbbt3vq4m9jc0
time=2026-08-21T20:40:38.251+02:00 level=INFO msg="starting text extraction for asset" id=da3geeuqbbt3vq4m9kf0 filename=da3geeuqbbt3vq4m9kf0-ccf06052008_00002-jpg
time=2026-08-21T20:40:38.254+02:00 level=WARN msg="OCR engine unavailable, skipping asset" id=da3geeuqbbt3vq4m9kf0
time=2026-08-21T20:40:38.260+02:00 level=INFO msg="starting text extraction for asset" id=da3geeuqbbt3vq4m9lj0 filename=da3geeuqbbt3vq4m9lj0-ccf06052008_00003-jpg
time=2026-08-21T20:40:38.263+02:00 level=WARN msg="OCR engine unavailable, skipping asset" id=da3geeuqbbt3vq4m9lj0
time=2026-08-21T20:40:38.268+02:00 level=INFO msg="starting text extraction for asset" id=da3geeuqbbt3vq4m9mo0 filename=da3geeuqbbt3vq4m9mo0-zusammenfassung-tpk-überarbeitung-pdf
time=2026-08-21T20:40:38.294+02:00 level=INFO msg="text extraction completed successfully" id=da3geeuqbbt3vq4m9mo0 text_length=29571 engine=pdf-textlayer
time=2026-08-21T20:40:38.299+02:00 level=INFO msg="No subscribers to send message" pubsub_uuid=L2QKTyueW7ootXcPC7BSQL message_uuid=10bff33d-d363-4bc2-ab75-95beda019118 topic=message.EventAssetOCRCompleted
time=2026-08-21T20:40:38.301+02:00 level=INFO msg="starting text extraction for asset" id=da3geeuqbbt3vq4m9nu0 filename=da3geeuqbbt3vq4m9nu0-tipps-und-tricks-fürs-physikum-pdf
time=2026-08-21T20:40:39.776+02:00 level=WARN msg="OCR engine unavailable, skipping asset" id=da3geeuqbbt3vq4m9nu0
time=2026-08-21T20:40:39.791+02:00 level=INFO msg="starting text extraction for asset" id=da3geeuqbbt3vq4m9p50 filename=da3geeuqbbt3vq4m9p50-2022-zeitplan_-pdf
time=2026-08-21T20:40:39.823+02:00 level=INFO msg="text extraction completed successfully" id=da3geeuqbbt3vq4m9p50 text_length=5607 engine=pdf-textlayer
time=2026-08-21T20:40:39.826+02:00 level=INFO msg="No subscribers to send message" pubsub_uuid=L2QKTyueW7ootXcPC7BSQL message_uuid=a73252b5-8c68-4152-9a85-c9d437946543 topic=message.EventAssetOCRCompleted
time=2026-08-21T20:40:39.832+02:00 level=INFO msg="starting text extraction for asset" id=da3geeuqbbt3vq4m9qd0 filename=da3geeuqbbt3vq4m9qd0-plan-physikum-2021-pdf
time=2026-08-21T20:40:39.971+02:00 level=INFO msg="text extraction completed successfully" id=da3geeuqbbt3vq4m9qd0 text_length=4203 engine=pdf-textlayer
time=2026-08-21T20:40:39.979+02:00 level=INFO msg="No subscribers to send message" pubsub_uuid=L2QKTyueW7ootXcPC7BSQL message_uuid=cd5fb3c0-5179-4b36-a6eb-3a27aebc7d38 topic=message.EventAssetOCRCompleted
time=2026-08-21T20:40:39.995+02:00 level=INFO msg="starting text extraction for asset" id=da3gef6qbbt3vq4m9vn0 filename=da3gef6qbbt3vq4m9vn0-zeitplanphysikum-pdf
time=2026-08-21T20:40:49.554+02:00 level=WARN msg="OCR engine unavailable, skipping asset" id=da3gef6qbbt3vq4m9vn0
time=2026-08-21T20:40:49.568+02:00 level=WARN msg="skipping OCR processing because file exceeds size limit" id=da3gef6qbbt3vq4ma140 size=72922198
time=2026-08-21T20:40:49.597+02:00 level=INFO msg="starting text extraction for asset" id=da3gef6qbbt3vq4ma2i0 filename=da3gef6qbbt3vq4ma2i0-medilearn-physiologie-1-1-auflage-2007-pdf
time=2026-08-21T20:40:49.663+02:00 level=INFO msg="text extraction completed successfully" id=da3gef6qbbt3vq4ma2i0 text_length=121587 engine=pdf-textlayer
time=2026-08-21T20:40:49.674+02:00 level=INFO msg="No subscribers to send message" pubsub_uuid=L2QKTyueW7ootXcPC7BSQL message_uuid=6c50b8bb-a220-4837-b0d9-e779371435d0 topic=message.EventAssetOCRCompleted
time=2026-08-21T20:40:49.685+02:00 level=INFO msg="starting text extraction for asset" id=da3gef6qbbt3vq4ma2p0 filename=da3gef6qbbt3vq4ma2p0-medilearn-physiologie-2-1-auflage-2007-pdf
time=2026-08-21T20:40:49.741+02:00 level=INFO msg="text extraction completed successfully" id=da3gef6qbbt3vq4ma2p0 text_length=107414 engine=pdf-textlayer
time=2026-08-21T20:40:49.751+02:00 level=INFO msg="No subscribers to send message" pubsub_uuid=L2QKTyueW7ootXcPC7BSQL message_uuid=8e624110-8f5e-4414-a545-2596b25216f1 topic=message.EventAssetOCRCompleted
time=2026-08-21T20:40:49.770+02:00 level=INFO msg="starting text extraction for asset" id=da3gef6qbbt3vq4ma310 filename=da3gef6qbbt3vq4ma310-medilearn-physiologie-3-1-auflage-2007-pdf
time=2026-08-21T20:40:49.861+02:00 level=INFO msg="text extraction completed successfully" id=da3gef6qbbt3vq4ma310 text_length=177461 engine=pdf-textlayer
time=2026-08-21T20:40:49.876+02:00 level=INFO msg="No subscribers to send message" pubsub_uuid=L2QKTyueW7ootXcPC7BSQL message_uuid=8f8beb9d-7739-452b-b336-a7f04c017c5a topic=message.EventAssetOCRCompleted
time=2026-08-21T20:40:49.892+02:00 level=INFO msg="starting text extraction for asset" id=da3gef6qbbt3vq4ma3a0 filename=da3gef6qbbt3vq4ma3a0-medilearn-physiologie-4-1-auflage-2007-pdf
time=2026-08-21T20:40:49.971+02:00 level=INFO msg="text extraction completed successfully" id=da3gef6qbbt3vq4ma3a0 text_length=137384 engine=pdf-textlayer
time=2026-08-21T20:40:49.982+02:00 level=INFO msg="No subscribers to send message" pubsub_uuid=L2QKTyueW7ootXcPC7BSQL message_uuid=159e427c-2556-4ed6-8abc-7ec507ae1db8 topic=message.EventAssetOCRCompleted
time=2026-08-21T20:40:49.999+02:00 level=INFO msg="starting text extraction for asset" id=da3gef6qbbt3vq4ma3k0 filename=da3gef6qbbt3vq4ma3k0-medilearn-physiologie-5-1-auflage-2007-pdf
time=2026-08-21T20:40:50.118+02:00 level=INFO msg="text extraction completed successfully" id=da3gef6qbbt3vq4ma3k0 text_length=200000 engine=pdf-textlayer
time=2026-08-21T20:40:50.129+02:00 level=INFO msg="No subscribers to send message" pubsub_uuid=L2QKTyueW7ootXcPC7BSQL topic=message.EventAssetOCRCompleted message_uuid=3d6dff29-39e8-4b68-a16e-c575391ada8b
time=2026-08-21T20:40:50.145+02:00 level=INFO msg="starting text extraction for asset" id=da3gef6qbbt3vq4ma3v0 filename=da3gef6qbbt3vq4ma3v0-medilearn-physiologie-6-1-auflage-2007-pdf
time=2026-08-21T20:40:50.196+02:00 level=INFO msg="text extraction completed successfully" id=da3gef6qbbt3vq4ma3v0 text_length=104370 engine=pdf-textlayer
time=2026-08-21T20:40:50.207+02:00 level=INFO msg="No subscribers to send message" pubsub_uuid=L2QKTyueW7ootXcPC7BSQL message_uuid=f90e1708-cf5b-4a68-981d-d585173a0b6d topic=message.EventAssetOCRCompleted
time=2026-08-21T20:40:50.211+02:00 level=INFO msg="starting text extraction for asset" id=da3gef6qbbt3vq4ma4b0 filename=da3gef6qbbt3vq4ma4b0-lückengebisse-pdf
time=2026-08-21T20:40:52.824+02:00 level=WARN msg="OCR engine unavailable, skipping asset" id=da3gef6qbbt3vq4ma4b0
time=2026-08-21T20:40:52.850+02:00 level=INFO msg="starting text extraction for asset" id=da3gef6qbbt3vq4ma4i0 filename=da3gef6qbbt3vq4ma4i0-modellation-tangentialbrücke-mit-kunststoffverblendung-14-16-pdf
time=2026-08-21T20:40:52.999+02:00 level=INFO msg="text extraction completed successfully" id=da3gef6qbbt3vq4ma4i0 text_length=266 engine=pdf-textlayer
time=2026-08-21T20:40:53.006+02:00 level=INFO msg="No subscribers to send message" pubsub_uuid=L2QKTyueW7ootXcPC7BSQL topic=message.EventAssetOCRCompleted message_uuid=54bf5e36-f323-4eb8-9caa-bd70b26be27f
time=2026-08-21T20:40:53.009+02:00 level=INFO msg="starting text extraction for asset" id=da3gef6qbbt3vq4ma4q0 filename=da3gef6qbbt3vq4ma4q0-phantom-i-skript-dr-lang-anhang-verankerungen-pdf
time=2026-08-21T20:40:53.019+02:00 level=INFO msg="text extraction completed successfully" id=da3gef6qbbt3vq4ma4q0 text_length=25272 engine=pdf-textlayer
time=2026-08-21T20:40:53.027+02:00 level=INFO msg="No subscribers to send message" pubsub_uuid=L2QKTyueW7ootXcPC7BSQL message_uuid=b9ccf13c-8399-45f0-8e4e-0185dfe6b254 topic=message.EventAssetOCRCompleted
time=2026-08-21T20:40:53.030+02:00 level=INFO msg="starting text extraction for asset" id=da3gef6qbbt3vq4ma530 filename=da3gef6qbbt3vq4ma530-phantom-i-skript-dr-lang-präparation-von-zähnen-pdf
time=2026-08-21T20:40:53.036+02:00 level=INFO msg="text extraction completed successfully" id=da3gef6qbbt3vq4ma530 text_length=14863 engine=pdf-textlayer
time=2026-08-21T20:40:53.040+02:00 level=INFO msg="No subscribers to send message" pubsub_uuid=L2QKTyueW7ootXcPC7BSQL topic=message.EventAssetOCRCompleted message_uuid=bd5fc765-ba15-4ad0-aec1-ec89f72d730f
time=2026-08-21T20:40:53.046+02:00 level=INFO msg="starting text extraction for asset" id=da3gef6qbbt3vq4ma5d0 filename=da3gef6qbbt3vq4ma5d0-phantom-i-skript-dr-lang-tangentialbruecke-pdf
time=2026-08-21T20:40:53.054+02:00 level=INFO msg="text extraction completed successfully" id=da3gef6qbbt3vq4ma5d0 text_length=26392 engine=pdf-textlayer
time=2026-08-21T20:40:53.062+02:00 level=INFO msg="No subscribers to send message" pubsub_uuid=L2QKTyueW7ootXcPC7BSQL message_uuid=11c70595-c25a-49ba-b5ed-092737224800 topic=message.EventAssetOCRCompleted
time=2026-08-21T20:40:53.066+02:00 level=INFO msg="starting text extraction for asset" id=da3gef6qbbt3vq4ma5o0 filename=da3gef6qbbt3vq4ma5o0-phantom-i-skript-dr-lang-totale-prothese-pdf
time=2026-08-21T20:40:53.077+02:00 level=INFO msg="text extraction completed successfully" id=da3gef6qbbt3vq4ma5o0 text_length=37492 engine=pdf-textlayer
time=2026-08-21T20:40:53.083+02:00 level=INFO msg="No subscribers to send message" pubsub_uuid=L2QKTyueW7ootXcPC7BSQL topic=message.EventAssetOCRCompleted message_uuid=1c208e3e-6be3-4af8-a554-6bcd4eb130c5
time=2026-08-21T20:40:53.085+02:00 level=INFO msg="starting text extraction for asset" id=da3gef6qbbt3vq4ma640 filename=da3gef6qbbt3vq4ma640-splitcast-modelle-pdf
time=2026-08-21T20:40:53.092+02:00 level=INFO msg="text extraction completed successfully" id=da3gef6qbbt3vq4ma640 text_length=9332 engine=pdf-textlayer
time=2026-08-21T20:40:53.096+02:00 level=INFO msg="No subscribers to send message" pubsub_uuid=L2QKTyueW7ootXcPC7BSQL message_uuid=7dc23d66-d1bf-49b7-80f8-46970b8586c0 topic=message.EventAssetOCRCompleted
time=2026-08-21T20:40:53.100+02:00 level=INFO msg="starting text extraction for asset" id=da3gef6qbbt3vq4ma6h0 filename=da3gef6qbbt3vq4ma6h0-zusammenfassung-phantom-i-autor-unbekannt-pdf
time=2026-08-21T20:40:53.114+02:00 level=INFO msg="text extraction completed successfully" id=da3gef6qbbt3vq4ma6h0 text_length=64558 engine=pdf-textlayer
time=2026-08-21T20:40:53.120+02:00 level=INFO msg="No subscribers to send message" pubsub_uuid=L2QKTyueW7ootXcPC7BSQL topic=message.EventAssetOCRCompleted message_uuid=91b1c4c4-e7e5-49b4-b613-cfc2f1445558
time=2026-08-21T20:40:53.122+02:00 level=INFO msg="starting text extraction for asset" id=da3gef6qbbt3vq4ma6v0 filename=da3gef6qbbt3vq4ma6v0-zusammenfassung-phantom-i-jan-fürst-pdf
time=2026-08-21T20:40:53.219+02:00 level=INFO msg="text extraction completed successfully" id=da3gef6qbbt3vq4ma6v0 text_length=47575 engine=pdf-textlayer
time=2026-08-21T20:40:53.226+02:00 level=INFO msg="No subscribers to send message" pubsub_uuid=L2QKTyueW7ootXcPC7BSQL message_uuid=ed77b7c6-7048-45b8-b629-4e07451c31f5 topic=message.EventAssetOCRCompleted
time=2026-08-21T20:40:53.228+02:00 level=INFO msg="starting text extraction for asset" id=da3gef6qbbt3vq4ma7e0 filename=da3gef6qbbt3vq4ma7e0-ph-ii-arbeitsschritte-totalprothese-pdf
time=2026-08-21T20:40:53.235+02:00 level=INFO msg="text extraction completed successfully" id=da3gef6qbbt3vq4ma7e0 text_length=3820 engine=pdf-textlayer
time=2026-08-21T20:40:53.239+02:00 level=INFO msg="No subscribers to send message" pubsub_uuid=L2QKTyueW7ootXcPC7BSQL message_uuid=ef57c662-f0f8-44af-87f8-a0d471f8aba2 topic=message.EventAssetOCRCompleted
time=2026-08-21T20:40:53.241+02:00 level=INFO msg="starting text extraction for asset" id=da3gef6qbbt3vq4ma7u0 filename=da3gef6qbbt3vq4ma7u0-ph-ii-materialien-totalprothese-pdf
time=2026-08-21T20:40:53.248+02:00 level=INFO msg="text extraction completed successfully" id=da3gef6qbbt3vq4ma7u0 text_length=2992 engine=pdf-textlayer
time=2026-08-21T20:40:53.252+02:00 level=INFO msg="No subscribers to send message" pubsub_uuid=L2QKTyueW7ootXcPC7BSQL message_uuid=2d38c3dd-a7de-473d-8751-232aa052d216 topic=message.EventAssetOCRCompleted
time=2026-08-21T20:40:53.259+02:00 level=INFO msg="starting text extraction for asset" id=da3gef6qbbt3vq4ma8f0 filename=da3gef6qbbt3vq4ma8f0-ph-ii-skript-lang-totalprothese-ss-2019-pdf
time=2026-08-21T20:40:53.283+02:00 level=INFO msg="text extraction completed successfully" id=da3gef6qbbt3vq4ma8f0 text_length=41611 engine=pdf-textlayer
time=2026-08-21T20:40:53.289+02:00 level=INFO msg="No subscribers to send message" pubsub_uuid=L2QKTyueW7ootXcPC7BSQL message_uuid=f204411e-697e-4ece-a160-504798b23f24 topic=message.EventAssetOCRCompleted
time=2026-08-21T20:40:53.291+02:00 level=INFO msg="starting text extraction for asset" id=da3gef6qbbt3vq4ma910 filename=da3gef6qbbt3vq4ma910-ph-ii-skript-modellgussprothese-pdf
time=2026-08-21T20:40:53.300+02:00 level=INFO msg="text extraction completed successfully" id=da3gef6qbbt3vq4ma910 text_length=18376 engine=pdf-textlayer
time=2026-08-21T20:40:53.304+02:00 level=INFO msg="No subscribers to send message" pubsub_uuid=L2QKTyueW7ootXcPC7BSQL message_uuid=60f738a6-abdf-43c3-a296-88c3a6f57151 topic=message.EventAssetOCRCompleted
time=2026-08-21T20:40:53.307+02:00 level=INFO msg="starting text extraction for asset" id=da3gef6qbbt3vq4ma9k0 filename=da3gef6qbbt3vq4ma9k0-ph-ii-zahnaufstellung-totalprothese-pdf
time=2026-08-21T20:40:53.313+02:00 level=INFO msg="text extraction completed successfully" id=da3gef6qbbt3vq4ma9k0 text_length=2592 engine=pdf-textlayer
time=2026-08-21T20:40:53.316+02:00 level=INFO msg="No subscribers to send message" pubsub_uuid=L2QKTyueW7ootXcPC7BSQL message_uuid=6c084f1b-4164-4a5e-8db8-f41444e5ea58 topic=message.EventAssetOCRCompleted
time=2026-08-21T20:40:53.337+02:00 level=INFO msg="starting text extraction for asset" id=da3gef6qbbt3vq4maa80 filename=da3gef6qbbt3vq4maa80-phantom-ii-vorlesung-pdf
time=2026-08-21T20:40:56.703+02:00 level=INFO msg="text extraction completed successfully" id=da3gef6qbbt3vq4maa80 text_length=13963 engine=pdf-textlayer-weak
time=2026-08-21T20:40:56.717+02:00 level=INFO msg="No subscribers to send message" pubsub_uuid=L2QKTyueW7ootXcPC7BSQL message_uuid=44f37877-5745-45af-b0bd-e0f7d0cd98dc topic=message.EventAssetOCRCompleted
time=2026-08-21T20:40:56.729+02:00 level=INFO msg="starting text extraction for asset" id=da3gefeqbbt3vq4maat0 filename=da3gefeqbbt3vq4maat0-vorlesung-wsk-abformwerkstoffe-pdf
time=2026-08-21T20:40:56.744+02:00 level=INFO msg="text extraction completed successfully" id=da3gefeqbbt3vq4maat0 text_length=10208 engine=pdf-textlayer
time=2026-08-21T20:40:56.748+02:00 level=INFO msg="No subscribers to send message" pubsub_uuid=L2QKTyueW7ootXcPC7BSQL message_uuid=d7b7e40e-8c06-4785-88a3-b1b5d1f7337f topic=message.EventAssetOCRCompleted
time=2026-08-21T20:40:56.750+02:00 level=INFO msg="starting text extraction for asset" id=da3gefeqbbt3vq4mabj0 filename=da3gefeqbbt3vq4mabj0-vorlesung-wsk-biotop-mundhoehle-pdf
time=2026-08-21T20:40:56.754+02:00 level=INFO msg="text extraction completed successfully" id=da3gefeqbbt3vq4mabj0 text_length=2843 engine=pdf-textlayer
time=2026-08-21T20:40:56.758+02:00 level=INFO msg="No subscribers to send message" pubsub_uuid=L2QKTyueW7ootXcPC7BSQL message_uuid=2f52b4c0-9e72-4dac-9794-a22a215f7701 topic=message.EventAssetOCRCompleted
time=2026-08-21T20:40:56.764+02:00 level=INFO msg="starting text extraction for asset" id=da3gefeqbbt3vq4maca0 filename=da3gefeqbbt3vq4maca0-vorlesung-wsk-edelmetalle-pdf
time=2026-08-21T20:40:56.793+02:00 level=INFO msg="text extraction completed successfully" id=da3gefeqbbt3vq4maca0 text_length=7523 engine=pdf-textlayer
time=2026-08-21T20:40:56.799+02:00 level=INFO msg="No subscribers to send message" pubsub_uuid=L2QKTyueW7ootXcPC7BSQL topic=message.EventAssetOCRCompleted message_uuid=fb9ca532-4c54-45a9-9858-6fbbf81130ed
time=2026-08-21T20:40:56.807+02:00 level=INFO msg="starting text extraction for asset" id=da3gefeqbbt3vq4mad20 filename=da3gefeqbbt3vq4mad20-vorlesung-wsk-gussfehler-pdf
time=2026-08-21T20:40:56.836+02:00 level=INFO msg="text extraction completed successfully" id=da3gefeqbbt3vq4mad20 text_length=6728 engine=pdf-textlayer
time=2026-08-21T20:40:56.840+02:00 level=INFO msg="No subscribers to send message" pubsub_uuid=L2QKTyueW7ootXcPC7BSQL message_uuid=46068a99-a9bb-4912-8604-0492f45a033d topic=message.EventAssetOCRCompleted
time=2026-08-21T20:40:56.847+02:00 level=INFO msg="starting text extraction for asset" id=da3gefeqbbt3vq4madr0 filename=da3gefeqbbt3vq4madr0-vorlesung-wsk-keramik-pdf
time=2026-08-21T20:41:16.852+02:00 level=ERROR msg="text extraction exceeded time budget, abandoning asset to bound memory use" id=da3gefeqbbt3vq4madr0 filename=da3gefeqbbt3vq4madr0-vorlesung-wsk-keramik-pdf timeout=20s
extracted text from 78 assets
one asset exceeded its extraction time budget and was skipped; stopping this run to release its memory. Re-run --phase ocr to continue.
time=2026-08-21T20:41:16.867+02:00 level=INFO msg="configured plugin runtime provider" provider=local
time=2026-08-21T20:41:16.867+02:00 level=INFO msg="configured plugin runtime server url" server_url=http://localhost:8000
=== run 22 Fri Aug 21 20:41:17     2026 ===
time=2026-08-21T20:41:19.236+02:00 level=INFO msg="starting text extraction for asset" id=da3gdjuqbbt3vq4g74o0 filename=da3gdjuqbbt3vq4g74o0-ph2-altfragen-brücken-etc-pdf
time=2026-08-21T20:41:19.312+02:00 level=INFO msg="text extraction completed successfully" id=da3gdjuqbbt3vq4g74o0 text_length=8701 engine=pdf-textlayer
time=2026-08-21T20:41:19.317+02:00 level=WARN msg="failed to process asset for text extraction" id=da3gdjuqbbt3vq4g74o0 error="ERROR: invalid byte sequence for encoding \"UTF8\": 0x00 (SQLSTATE 22021)"
time=2026-08-21T20:41:19.327+02:00 level=INFO msg="starting text extraction for asset" id=da3gdjuqbbt3vq4g75f0 filename=da3gdjuqbbt3vq4g75f0-ph2-altfragen-sonstige-pdf
time=2026-08-21T20:41:19.340+02:00 level=INFO msg="text extraction completed successfully" id=da3gdjuqbbt3vq4g75f0 text_length=13263 engine=pdf-textlayer
time=2026-08-21T20:41:19.344+02:00 level=WARN msg="failed to process asset for text extraction" id=da3gdjuqbbt3vq4g75f0 error="ERROR: invalid byte sequence for encoding \"UTF8\": 0x00 (SQLSTATE 22021)"
time=2026-08-21T20:41:19.351+02:00 level=INFO msg="starting text extraction for asset" id=da3gdjuqbbt3vq4g7670 filename=da3gdjuqbbt3vq4g7670-ph2-altfragen-teilprothesen-pdf
time=2026-08-21T20:41:19.368+02:00 level=INFO msg="text extraction completed successfully" id=da3gdjuqbbt3vq4g7670 text_length=13273 engine=pdf-textlayer
time=2026-08-21T20:41:19.372+02:00 level=WARN msg="failed to process asset for text extraction" id=da3gdjuqbbt3vq4g7670 error="ERROR: invalid byte sequence for encoding \"UTF8\": 0x00 (SQLSTATE 22021)"
time=2026-08-21T20:41:19.379+02:00 level=INFO msg="starting text extraction for asset" id=da3gdrmqbbt3vq4hasp0 filename=da3gdrmqbbt3vq4hasp0-relyx-ultimate_technisches-datenblatt-pdf
time=2026-08-21T20:41:19.434+02:00 level=INFO msg="text extraction completed successfully" id=da3gdrmqbbt3vq4hasp0 text_length=45495 engine=pdf-textlayer
time=2026-08-21T20:41:19.441+02:00 level=WARN msg="failed to process asset for text extraction" id=da3gdrmqbbt3vq4hasp0 error="ERROR: invalid byte sequence for encoding \"UTF8\": 0x00 (SQLSTATE 22021)"
time=2026-08-21T20:41:19.446+02:00 level=INFO msg="starting text extraction for asset" id=da3gds6qbbt3vq4hg250 filename=da3gds6qbbt3vq4hg250-obturation-des-wurzelkanalsystems-pdf
time=2026-08-21T20:41:19.463+02:00 level=INFO msg="text extraction completed successfully" id=da3gds6qbbt3vq4hg250 text_length=11092 engine=pdf-textlayer
time=2026-08-21T20:41:19.468+02:00 level=WARN msg="failed to process asset for text extraction" id=da3gds6qbbt3vq4hg250 error="ERROR: invalid byte sequence for encoding \"UTF8\": 0x00 (SQLSTATE 22021)"
time=2026-08-21T20:41:19.471+02:00 level=INFO msg="starting text extraction for asset" id=da3gdsuqbbt3vq4hveb0 filename=da3gdsuqbbt3vq4hveb0-endo_zusammenfassung-pdf
time=2026-08-21T20:41:19.478+02:00 level=INFO msg="text extraction completed successfully" id=da3gdsuqbbt3vq4hveb0 text_length=6038 engine=pdf-textlayer
time=2026-08-21T20:41:19.481+02:00 level=WARN msg="failed to process asset for text extraction" id=da3gdsuqbbt3vq4hveb0 error="ERROR: invalid byte sequence for encoding \"UTF8\": 0x00 (SQLSTATE 22021)"
time=2026-08-21T20:41:19.502+02:00 level=INFO msg="starting text extraction for asset" id=da3ge3eqbbt3vq4jaor0 filename=da3ge3eqbbt3vq4jaor0-7-halszysten_tbc_sinusitis-pdf
time=2026-08-21T20:41:19.511+02:00 level=WARN msg="pdf text layer extraction failed, will try rasterisation fallback" error="encrypted PDF: invalid password"
time=2026-08-21T20:41:19.568+02:00 level=ERROR msg="text extraction failed for asset" id=da3ge3eqbbt3vq4jaor0 error="pdftoppm execution failed: exit status 1"
time=2026-08-21T20:41:19.575+02:00 level=WARN msg="failed to process asset for text extraction" id=da3ge3eqbbt3vq4jaor0 error="pdftoppm execution failed: exit status 1"
time=2026-08-21T20:41:19.576+02:00 level=INFO msg="starting text extraction for asset" id=da3ge3eqbbt3vq4japc0 filename=da3ge3eqbbt3vq4japc0-entzündungspathologie_i-pdf
time=2026-08-21T20:41:19.580+02:00 level=WARN msg="pdf text layer extraction failed, will try rasterisation fallback" error="encrypted PDF: invalid password"
time=2026-08-21T20:41:19.629+02:00 level=ERROR msg="text extraction failed for asset" id=da3ge3eqbbt3vq4japc0 error="pdftoppm execution failed: exit status 1"
time=2026-08-21T20:41:19.635+02:00 level=WARN msg="failed to process asset for text extraction" id=da3ge3eqbbt3vq4japc0 error="pdftoppm execution failed: exit status 1"
time=2026-08-21T20:41:19.638+02:00 level=INFO msg="starting text extraction for asset" id=da3ge3eqbbt3vq4japm0 filename=da3ge3eqbbt3vq4japm0-haut-pdf
time=2026-08-21T20:41:19.643+02:00 level=WARN msg="pdf text layer extraction failed, will try rasterisation fallback" error="encrypted PDF: invalid password"
time=2026-08-21T20:41:19.692+02:00 level=ERROR msg="text extraction failed for asset" id=da3ge3eqbbt3vq4japm0 error="pdftoppm execution failed: exit status 1"
time=2026-08-21T20:41:19.697+02:00 level=WARN msg="failed to process asset for text extraction" id=da3ge3eqbbt3vq4japm0 error="pdftoppm execution failed: exit status 1"
time=2026-08-21T20:41:19.700+02:00 level=INFO msg="starting text extraction for asset" id=da3ge3eqbbt3vq4jaq10 filename=da3ge3eqbbt3vq4jaq10-herz_kreislauf_i_und_ii-pdf
time=2026-08-21T20:41:19.705+02:00 level=WARN msg="pdf text layer extraction failed, will try rasterisation fallback" error="encrypted PDF: invalid password"
time=2026-08-21T20:41:19.753+02:00 level=ERROR msg="text extraction failed for asset" id=da3ge3eqbbt3vq4jaq10 error="pdftoppm execution failed: exit status 1"
time=2026-08-21T20:41:19.760+02:00 level=WARN msg="failed to process asset for text extraction" id=da3ge3eqbbt3vq4jaq10 error="pdftoppm execution failed: exit status 1"
time=2026-08-21T20:41:19.763+02:00 level=INFO msg="starting text extraction for asset" id=da3ge3eqbbt3vq4jaqd0 filename=da3ge3eqbbt3vq4jaqd0-immunpathologie-pdf
time=2026-08-21T20:41:19.766+02:00 level=WARN msg="pdf text layer extraction failed, will try rasterisation fallback" error="encrypted PDF: invalid password"
time=2026-08-21T20:41:19.813+02:00 level=ERROR msg="text extraction failed for asset" id=da3ge3eqbbt3vq4jaqd0 error="pdftoppm execution failed: exit status 1"
time=2026-08-21T20:41:19.820+02:00 level=WARN msg="failed to process asset for text extraction" id=da3ge3eqbbt3vq4jaqd0 error="pdftoppm execution failed: exit status 1"
time=2026-08-21T20:41:19.822+02:00 level=INFO msg="starting text extraction for asset" id=da3ge3eqbbt3vq4jaqq0 filename=da3ge3eqbbt3vq4jaqq0-oralpathologie-i-pdf-passwort-patho1213-pdf
time=2026-08-21T20:41:19.826+02:00 level=WARN msg="pdf text layer extraction failed, will try rasterisation fallback" error="encrypted PDF: invalid password"
time=2026-08-21T20:41:19.875+02:00 level=ERROR msg="text extraction failed for asset" id=da3ge3eqbbt3vq4jaqq0 error="pdftoppm execution failed: exit status 1"
time=2026-08-21T20:41:19.882+02:00 level=WARN msg="failed to process asset for text extraction" id=da3ge3eqbbt3vq4jaqq0 error="pdftoppm execution failed: exit status 1"
time=2026-08-21T20:41:19.886+02:00 level=INFO msg="starting text extraction for asset" id=da3ge3eqbbt3vq4jar80 filename=da3ge3eqbbt3vq4jar80-oralpathologie-ii-pdf
time=2026-08-21T20:41:19.890+02:00 level=WARN msg="pdf text layer extraction failed, will try rasterisation fallback" error="encrypted PDF: invalid password"
time=2026-08-21T20:41:19.939+02:00 level=ERROR msg="text extraction failed for asset" id=da3ge3eqbbt3vq4jar80 error="pdftoppm execution failed: exit status 1"
time=2026-08-21T20:41:19.944+02:00 level=WARN msg="failed to process asset for text extraction" id=da3ge3eqbbt3vq4jar80 error="pdftoppm execution failed: exit status 1"
time=2026-08-21T20:41:19.952+02:00 level=INFO msg="starting text extraction for asset" id=da3ge3eqbbt3vq4jarn0 filename=da3ge3eqbbt3vq4jarn0-oralpathologie-iii-pdf
time=2026-08-21T20:41:19.957+02:00 level=WARN msg="pdf text layer extraction failed, will try rasterisation fallback" error="encrypted PDF: invalid password"
time=2026-08-21T20:41:20.008+02:00 level=ERROR msg="text extraction failed for asset" id=da3ge3eqbbt3vq4jarn0 error="pdftoppm execution failed: exit status 1"
time=2026-08-21T20:41:20.014+02:00 level=WARN msg="failed to process asset for text extraction" id=da3ge3eqbbt3vq4jarn0 error="pdftoppm execution failed: exit status 1"
time=2026-08-21T20:41:20.018+02:00 level=INFO msg="starting text extraction for asset" id=da3ge3mqbbt3vq4jb0j0 filename=da3ge3mqbbt3vq4jb0j0-pathologie_der_speicheldrüsen-pdf
time=2026-08-21T20:41:20.022+02:00 level=WARN msg="pdf text layer extraction failed, will try rasterisation fallback" error="encrypted PDF: invalid password"
time=2026-08-21T20:41:20.071+02:00 level=ERROR msg="text extraction failed for asset" id=da3ge3mqbbt3vq4jb0j0 error="pdftoppm execution failed: exit status 1"
time=2026-08-21T20:41:20.078+02:00 level=WARN msg="failed to process asset for text extraction" id=da3ge3mqbbt3vq4jb0j0 error="pdftoppm execution failed: exit status 1"
time=2026-08-21T20:41:20.080+02:00 level=INFO msg="starting text extraction for asset" id=da3ge3mqbbt3vq4jb1b0 filename=da3ge3mqbbt3vq4jb1b0-pathologie_der_verdauung-pdf
time=2026-08-21T20:41:20.083+02:00 level=WARN msg="pdf text layer extraction failed, will try rasterisation fallback" error="encrypted PDF: invalid password"
time=2026-08-21T20:41:20.234+02:00 level=ERROR msg="text extraction failed for asset" id=da3ge3mqbbt3vq4jb1b0 error="pdftoppm execution failed: exit status 1"
time=2026-08-21T20:41:20.239+02:00 level=WARN msg="failed to process asset for text extraction" id=da3ge3mqbbt3vq4jb1b0 error="pdftoppm execution failed: exit status 1"
time=2026-08-21T20:41:20.242+02:00 level=INFO msg="starting text extraction for asset" id=da3ge3mqbbt3vq4jb240 filename=da3ge3mqbbt3vq4jb240-schilddrüsenpathologie-pdf
time=2026-08-21T20:41:20.246+02:00 level=WARN msg="pdf text layer extraction failed, will try rasterisation fallback" error="encrypted PDF: invalid password"
time=2026-08-21T20:41:20.303+02:00 level=ERROR msg="text extraction failed for asset" id=da3ge3mqbbt3vq4jb240 error="pdftoppm execution failed: exit status 1"
time=2026-08-21T20:41:20.310+02:00 level=WARN msg="failed to process asset for text extraction" id=da3ge3mqbbt3vq4jb240 error="pdftoppm execution failed: exit status 1"
time=2026-08-21T20:41:20.313+02:00 level=INFO msg="starting text extraction for asset" id=da3ge3mqbbt3vq4jb2u0 filename=da3ge3mqbbt3vq4jb2u0-tonsillen-pdf
time=2026-08-21T20:41:20.317+02:00 level=WARN msg="pdf text layer extraction failed, will try rasterisation fallback" error="encrypted PDF: invalid password"
time=2026-08-21T20:41:20.365+02:00 level=ERROR msg="text extraction failed for asset" id=da3ge3mqbbt3vq4jb2u0 error="pdftoppm execution failed: exit status 1"
time=2026-08-21T20:41:20.370+02:00 level=WARN msg="failed to process asset for text extraction" id=da3ge3mqbbt3vq4jb2u0 error="pdftoppm execution failed: exit status 1"
time=2026-08-21T20:41:20.396+02:00 level=INFO msg="starting text extraction for asset" id=da3ge3mqbbt3vq4jb3p0 filename=da3ge3mqbbt3vq4jb3p0-tumorpathologie-pdf
time=2026-08-21T20:41:20.405+02:00 level=WARN msg="pdf text layer extraction failed, will try rasterisation fallback" error="encrypted PDF: invalid password"
time=2026-08-21T20:41:20.488+02:00 level=ERROR msg="text extraction failed for asset" id=da3ge3mqbbt3vq4jb3p0 error="pdftoppm execution failed: exit status 1"
time=2026-08-21T20:41:20.493+02:00 level=WARN msg="failed to process asset for text extraction" id=da3ge3mqbbt3vq4jb3p0 error="pdftoppm execution failed: exit status 1"
time=2026-08-21T20:41:20.495+02:00 level=INFO msg="starting text extraction for asset" id=da3ge3mqbbt3vq4jb4l0 filename=da3ge3mqbbt3vq4jb4l0-tumorursachen_klassifikation-pdf
time=2026-08-21T20:41:20.499+02:00 level=WARN msg="pdf text layer extraction failed, will try rasterisation fallback" error="encrypted PDF: invalid password"
time=2026-08-21T20:41:20.549+02:00 level=ERROR msg="text extraction failed for asset" id=da3ge3mqbbt3vq4jb4l0 error="pdftoppm execution failed: exit status 1"
time=2026-08-21T20:41:20.556+02:00 level=WARN msg="failed to process asset for text extraction" id=da3ge3mqbbt3vq4jb4l0 error="pdftoppm execution failed: exit status 1"
time=2026-08-21T20:41:20.585+02:00 level=INFO msg="starting text extraction for asset" id=da3gefeqbbt3vq4mael0 filename=da3gefeqbbt3vq4mael0-vorlesung-wsk-komposite-pdf
time=2026-08-21T20:41:20.776+02:00 level=INFO msg="text extraction completed successfully" id=da3gefeqbbt3vq4mael0 text_length=14775 engine=pdf-textlayer
time=2026-08-21T20:41:20.785+02:00 level=INFO msg="No subscribers to send message" pubsub_uuid=cDeu4x5BGgJDCpgEtHpGQo message_uuid=866c400c-2a19-4bb3-9224-781abeba49e7 topic=message.EventAssetOCRCompleted
time=2026-08-21T20:41:20.791+02:00 level=INFO msg="starting text extraction for asset" id=da3gefeqbbt3vq4mafg0 filename=da3gefeqbbt3vq4mafg0-vorlesung-wsk-nichtedelmetalle-pdf
time=2026-08-21T20:41:20.817+02:00 level=INFO msg="text extraction completed successfully" id=da3gefeqbbt3vq4mafg0 text_length=9945 engine=pdf-textlayer
time=2026-08-21T20:41:20.827+02:00 level=INFO msg="No subscribers to send message" pubsub_uuid=cDeu4x5BGgJDCpgEtHpGQo message_uuid=514c7208-3dd2-4c8a-be21-1d4f165ee3d2 topic=message.EventAssetOCRCompleted
time=2026-08-21T20:41:20.836+02:00 level=INFO msg="starting text extraction for asset" id=da3gefeqbbt3vq4magc0 filename=da3gefeqbbt3vq4magc0-vorlesung-wsk-registrierung-und-abformung-pdf
time=2026-08-21T20:41:20.848+02:00 level=INFO msg="text extraction completed successfully" id=da3gefeqbbt3vq4magc0 text_length=2791 engine=pdf-textlayer
time=2026-08-21T20:41:20.853+02:00 level=INFO msg="No subscribers to send message" pubsub_uuid=cDeu4x5BGgJDCpgEtHpGQo message_uuid=40d8dcac-6c75-4650-a3cc-80777b6fb72d topic=message.EventAssetOCRCompleted
time=2026-08-21T20:41:20.858+02:00 level=INFO msg="starting text extraction for asset" id=da3gefeqbbt3vq4mah90 filename=da3gefeqbbt3vq4mah90-vorlesung-wsk-zemente-pdf
time=2026-08-21T20:41:20.872+02:00 level=INFO msg="text extraction completed successfully" id=da3gefeqbbt3vq4mah90 text_length=8027 engine=pdf-textlayer
time=2026-08-21T20:41:20.877+02:00 level=INFO msg="No subscribers to send message" pubsub_uuid=cDeu4x5BGgJDCpgEtHpGQo message_uuid=99e4b550-3dee-429f-a700-aad55203fbec topic=message.EventAssetOCRCompleted
time=2026-08-21T20:41:20.898+02:00 level=INFO msg="starting text extraction for asset" id=da3gefeqbbt3vq4mai70 filename=da3gefeqbbt3vq4mai70-vorlesung-wsk-zirkonoxid-pdf
time=2026-08-21T20:41:20.912+02:00 level=INFO msg="text extraction completed successfully" id=da3gefeqbbt3vq4mai70 text_length=11224 engine=pdf-textlayer
time=2026-08-21T20:41:20.916+02:00 level=INFO msg="No subscribers to send message" pubsub_uuid=cDeu4x5BGgJDCpgEtHpGQo message_uuid=b203efaa-5e12-4219-9a7c-2f8d231b2e91 topic=message.EventAssetOCRCompleted
time=2026-08-21T20:41:20.931+02:00 level=INFO msg="starting text extraction for asset" id=da3gefeqbbt3vq4mak60 filename=da3gefeqbbt3vq4mak60-werkstoffkunde-skript-pdf
time=2026-08-21T20:41:22.196+02:00 level=WARN msg="OCR engine unavailable, skipping asset" id=da3gefeqbbt3vq4mak60
extracted text from 64 assetstime=2026-08-21T20:41:22.459+02:00 level=INFO msg="starting text extraction for asset" id=da3gdvmqbbt3vq4ith70 filename=da3gdvmqbbt3vq4ith70-bronj-pdf
time=2026-08-21T20:41:22.479+02:00 level=INFO msg="text extraction completed successfully" id=da3gdvmqbbt3vq4ith70 text_length=16565 engine=pdf-textlayer
time=2026-08-21T20:41:22.484+02:00 level=WARN msg="failed to process asset for text extraction" id=da3gdvmqbbt3vq4ith70 error="ERROR: invalid byte sequence for encoding \"UTF8\": 0x00 (SQLSTATE 22021)"
time=2026-08-21T20:41:22.491+02:00 level=INFO msg="starting text extraction for asset" id=da3ge3eqbbt3vq4jaor0 filename=da3ge3eqbbt3vq4jaor0-7-halszysten_tbc_sinusitis-pdf
time=2026-08-21T20:41:22.496+02:00 level=WARN msg="pdf text layer extraction failed, will try rasterisation fallback" error="encrypted PDF: invalid password"
time=2026-08-21T20:41:22.547+02:00 level=ERROR msg="text extraction failed for asset" id=da3ge3eqbbt3vq4jaor0 error="pdftoppm execution failed: exit status 1"
time=2026-08-21T20:41:22.552+02:00 level=WARN msg="failed to process asset for text extraction" id=da3ge3eqbbt3vq4jaor0 error="pdftoppm execution failed: exit status 1"
time=2026-08-21T20:41:22.553+02:00 level=INFO msg="starting text extraction for asset" id=da3ge3eqbbt3vq4japc0 filename=da3ge3eqbbt3vq4japc0-entzündungspathologie_i-pdf
time=2026-08-21T20:41:22.557+02:00 level=WARN msg="pdf text layer extraction failed, will try rasterisation fallback" error="encrypted PDF: invalid password"
time=2026-08-21T20:41:22.601+02:00 level=ERROR msg="text extraction failed for asset" id=da3ge3eqbbt3vq4japc0 error="pdftoppm execution failed: exit status 1"
time=2026-08-21T20:41:22.607+02:00 level=WARN msg="failed to process asset for text extraction" id=da3ge3eqbbt3vq4japc0 error="pdftoppm execution failed: exit status 1"
time=2026-08-21T20:41:22.609+02:00 level=INFO msg="starting text extraction for asset" id=da3ge3eqbbt3vq4japm0 filename=da3ge3eqbbt3vq4japm0-haut-pdf
time=2026-08-21T20:41:22.613+02:00 level=WARN msg="pdf text layer extraction failed, will try rasterisation fallback" error="encrypted PDF: invalid password"
time=2026-08-21T20:41:22.657+02:00 level=ERROR msg="text extraction failed for asset" id=da3ge3eqbbt3vq4japm0 error="pdftoppm execution failed: exit status 1"
time=2026-08-21T20:41:22.663+02:00 level=WARN msg="failed to process asset for text extraction" id=da3ge3eqbbt3vq4japm0 error="pdftoppm execution failed: exit status 1"
time=2026-08-21T20:41:22.667+02:00 level=INFO msg="starting text extraction for asset" id=da3ge3eqbbt3vq4jaq10 filename=da3ge3eqbbt3vq4jaq10-herz_kreislauf_i_und_ii-pdf
time=2026-08-21T20:41:22.671+02:00 level=WARN msg="pdf text layer extraction failed, will try rasterisation fallback" error="encrypted PDF: invalid password"
time=2026-08-21T20:41:22.716+02:00 level=ERROR msg="text extraction failed for asset" id=da3ge3eqbbt3vq4jaq10 error="pdftoppm execution failed: exit status 1"
time=2026-08-21T20:41:22.721+02:00 level=WARN msg="failed to process asset for text extraction" id=da3ge3eqbbt3vq4jaq10 error="pdftoppm execution failed: exit status 1"
time=2026-08-21T20:41:22.726+02:00 level=INFO msg="starting text extraction for asset" id=da3ge3eqbbt3vq4jaqd0 filename=da3ge3eqbbt3vq4jaqd0-immunpathologie-pdf
time=2026-08-21T20:41:22.730+02:00 level=WARN msg="pdf text layer extraction failed, will try rasterisation fallback" error="encrypted PDF: invalid password"
time=2026-08-21T20:41:22.777+02:00 level=ERROR msg="text extraction failed for asset" id=da3ge3eqbbt3vq4jaqd0 error="pdftoppm execution failed: exit status 1"
time=2026-08-21T20:41:22.782+02:00 level=WARN msg="failed to process asset for text extraction" id=da3ge3eqbbt3vq4jaqd0 error="pdftoppm execution failed: exit status 1"
time=2026-08-21T20:41:22.784+02:00 level=INFO msg="starting text extraction for asset" id=da3ge3eqbbt3vq4jaqq0 filename=da3ge3eqbbt3vq4jaqq0-oralpathologie-i-pdf-passwort-patho1213-pdf
time=2026-08-21T20:41:22.787+02:00 level=WARN msg="pdf text layer extraction failed, will try rasterisation fallback" error="encrypted PDF: invalid password"
time=2026-08-21T20:41:22.830+02:00 level=ERROR msg="text extraction failed for asset" id=da3ge3eqbbt3vq4jaqq0 error="pdftoppm execution failed: exit status 1"
time=2026-08-21T20:41:22.835+02:00 level=WARN msg="failed to process asset for text extraction" id=da3ge3eqbbt3vq4jaqq0 error="pdftoppm execution failed: exit status 1"
time=2026-08-21T20:41:22.839+02:00 level=INFO msg="starting text extraction for asset" id=da3ge3eqbbt3vq4jar80 filename=da3ge3eqbbt3vq4jar80-oralpathologie-ii-pdf
time=2026-08-21T20:41:22.844+02:00 level=WARN msg="pdf text layer extraction failed, will try rasterisation fallback" error="encrypted PDF: invalid password"
time=2026-08-21T20:41:22.892+02:00 level=ERROR msg="text extraction failed for asset" id=da3ge3eqbbt3vq4jar80 error="pdftoppm execution failed: exit status 1"
time=2026-08-21T20:41:22.897+02:00 level=WARN msg="failed to process asset for text extraction" id=da3ge3eqbbt3vq4jar80 error="pdftoppm execution failed: exit status 1"
time=2026-08-21T20:41:22.901+02:00 level=INFO msg="starting text extraction for asset" id=da3ge3eqbbt3vq4jarn0 filename=da3ge3eqbbt3vq4jarn0-oralpathologie-iii-pdf
time=2026-08-21T20:41:22.905+02:00 level=WARN msg="pdf text layer extraction failed, will try rasterisation fallback" error="encrypted PDF: invalid password"
time=2026-08-21T20:41:22.952+02:00 level=ERROR msg="text extraction failed for asset" id=da3ge3eqbbt3vq4jarn0 error="pdftoppm execution failed: exit status 1"
time=2026-08-21T20:41:22.958+02:00 level=WARN msg="failed to process asset for text extraction" id=da3ge3eqbbt3vq4jarn0 error="pdftoppm execution failed: exit status 1"
time=2026-08-21T20:41:22.964+02:00 level=INFO msg="starting text extraction for asset" id=da3ge3mqbbt3vq4jb0j0 filename=da3ge3mqbbt3vq4jb0j0-pathologie_der_speicheldrüsen-pdf
time=2026-08-21T20:41:22.968+02:00 level=WARN msg="pdf text layer extraction failed, will try rasterisation fallback" error="encrypted PDF: invalid password"
time=2026-08-21T20:41:23.017+02:00 level=ERROR msg="text extraction failed for asset" id=da3ge3mqbbt3vq4jb0j0 error="pdftoppm execution failed: exit status 1"
time=2026-08-21T20:41:23.022+02:00 level=WARN msg="failed to process asset for text extraction" id=da3ge3mqbbt3vq4jb0j0 error="pdftoppm execution failed: exit status 1"
time=2026-08-21T20:41:23.024+02:00 level=INFO msg="starting text extraction for asset" id=da3ge3mqbbt3vq4jb1b0 filename=da3ge3mqbbt3vq4jb1b0-pathologie_der_verdauung-pdf
time=2026-08-21T20:41:23.027+02:00 level=WARN msg="pdf text layer extraction failed, will try rasterisation fallback" error="encrypted PDF: invalid password"
time=2026-08-21T20:41:23.072+02:00 level=ERROR msg="text extraction failed for asset" id=da3ge3mqbbt3vq4jb1b0 error="pdftoppm execution failed: exit status 1"
time=2026-08-21T20:41:23.077+02:00 level=WARN msg="failed to process asset for text extraction" id=da3ge3mqbbt3vq4jb1b0 error="pdftoppm execution failed: exit status 1"
time=2026-08-21T20:41:23.080+02:00 level=INFO msg="starting text extraction for asset" id=da3ge3mqbbt3vq4jb240 filename=da3ge3mqbbt3vq4jb240-schilddrüsenpathologie-pdf
time=2026-08-21T20:41:23.084+02:00 level=WARN msg="pdf text layer extraction failed, will try rasterisation fallback" error="encrypted PDF: invalid password"
time=2026-08-21T20:41:23.129+02:00 level=ERROR msg="text extraction failed for asset" id=da3ge3mqbbt3vq4jb240 error="pdftoppm execution failed: exit status 1"
time=2026-08-21T20:41:23.134+02:00 level=WARN msg="failed to process asset for text extraction" id=da3ge3mqbbt3vq4jb240 error="pdftoppm execution failed: exit status 1"
time=2026-08-21T20:41:23.136+02:00 level=INFO msg="starting text extraction for asset" id=da3ge3mqbbt3vq4jb2u0 filename=da3ge3mqbbt3vq4jb2u0-tonsillen-pdf
time=2026-08-21T20:41:23.140+02:00 level=WARN msg="pdf text layer extraction failed, will try rasterisation fallback" error="encrypted PDF: invalid password"
time=2026-08-21T20:41:23.186+02:00 level=ERROR msg="text extraction failed for asset" id=da3ge3mqbbt3vq4jb2u0 error="pdftoppm execution failed: exit status 1"
time=2026-08-21T20:41:23.192+02:00 level=WARN msg="failed to process asset for text extraction" id=da3ge3mqbbt3vq4jb2u0 error="pdftoppm execution failed: exit status 1"
time=2026-08-21T20:41:23.218+02:00 level=INFO msg="starting text extraction for asset" id=da3ge3mqbbt3vq4jb3p0 filename=da3ge3mqbbt3vq4jb3p0-tumorpathologie-pdf
time=2026-08-21T20:41:23.227+02:00 level=WARN msg="pdf text layer extraction failed, will try rasterisation fallback" error="encrypted PDF: invalid password"
time=2026-08-21T20:41:23.304+02:00 level=ERROR msg="text extraction failed for asset" id=da3ge3mqbbt3vq4jb3p0 error="pdftoppm execution failed: exit status 1"
time=2026-08-21T20:41:23.309+02:00 level=WARN msg="failed to process asset for text extraction" id=da3ge3mqbbt3vq4jb3p0 error="pdftoppm execution failed: exit status 1"
time=2026-08-21T20:41:23.311+02:00 level=INFO msg="starting text extraction for asset" id=da3ge3mqbbt3vq4jb4l0 filename=da3ge3mqbbt3vq4jb4l0-tumorursachen_klassifikation-pdf
time=2026-08-21T20:41:23.314+02:00 level=WARN msg="pdf text layer extraction failed, will try rasterisation fallback" error="encrypted PDF: invalid password"
time=2026-08-21T20:41:23.358+02:00 level=ERROR msg="text extraction failed for asset" id=da3ge3mqbbt3vq4jb4l0 error="pdftoppm execution failed: exit status 1"
time=2026-08-21T20:41:23.363+02:00 level=WARN msg="failed to process asset for text extraction" id=da3ge3mqbbt3vq4jb4l0 error="pdftoppm execution failed: exit status 1"
extracted text from 64 assets
time=2026-08-21T20:41:23.364+02:00 level=INFO msg="configured plugin runtime provider" provider=local
time=2026-08-21T20:41:23.364+02:00 level=INFO msg="configured plugin runtime server url" server_url=http://localhost:8000
=== run 22 completed a full pass with no new abandonment, done ===
